fixture_id,provider_league_id,league_name,country,season,round,home_team,away_team,first_kickoff_utc,latest_kickoff_utc,reschedule_observed,first_seen_at_utc,last_seen_at_utc,observation_count,latest_status,latest_source_status,terminal_observed,terminal_observed_at_utc,final_score_home,final_score_away,source,projection_version
1494764,103,Eliteserien,Norway,2026,Regular Season - 22,Brann,Bodo/Glimt,2026-09-20T17:15:00+00:00,2026-09-20T17:15:00+00:00,NO,2026-09-15T23:28:22Z,2026-09-20T23:28:16Z,67,finished,FT,YES,2026-09-20T23:28:16Z,2,1,stage80:fixture_history_snapshots,PBK_STAGE80_HISTORICAL_FIXTURE_CATALOG_V1
1494765,103,Eliteserien,Norway,2026,Regular Season - 22,Kristiansund BK,Rosenborg,2026-09-19T14:00:00+00:00,2026-09-19T14:00:00+00:00,NO,2026-09-15T23:28:22Z,2026-09-20T23:28:16Z,67,finished,FT,YES,2026-09-20T23:28:16Z,1,3,stage80:fixture_history_snapshots,PBK_STAGE80_HISTORICAL_FIXTURE_CATALOG_V1
1494766,103,Eliteserien,Norway,2026,Regular Season - 22,Molde,Aalesund,2026-09-19T16:00:00+00:00,2026-09-19T16:00:00+00:00,NO,2026-09-15T23:28:22Z,2026-09-20T23:28:16Z,67,finished,FT,YES,2026-09-20T23:28:16Z,1,2,stage80:fixture_history_snapshots,PBK_STAGE80_HISTORICAL_FIXTURE_CATALOG_V1
1494767,103,Eliteserien,Norway,2026,Regular Season - 22,Sandefjord,Start,2026-09-20T15:00:00+00:00,2026-09-20T15:00:00+00:00,NO,2026-09-15T23:28:22Z,2026-09-20T23:28:16Z,67,finished,FT,YES,2026-09-20T23:28:16Z,3,0,stage80:fixture_history_snapshots,PBK_STAGE80_HISTORICAL_FIXTURE_CATALOG_V1
1494768,103,Eliteserien,Norway,2026,Regular Season - 22,Sarpsborg 08 FF,KFUM Oslo,2026-09-18T17:00:00+00:00,2026-09-18T17:00:00+00:00,NO,2026-09-15T23:28:22Z,2026-09-20T23:28:16Z,67,finished,FT,YES,2026-09-20T23:28:16Z,1,3,stage80:fixture_history_snapshots,PBK_STAGE80_HISTORICAL_FIXTURE_CATALOG_V1
1494769,103,Eliteserien,Norway,2026,Regular Season - 22,Tromso,Ham-Kam,2026-09-20T15:00:00+00:00,2026-09-20T15:00:00+00:00,NO,2026-09-15T23:28:22Z,2026-09-20T23:28:16Z,67,finished,FT,YES,2026-09-20T23:28:16Z,3,2,stage80:fixture_history_snapshots,PBK_STAGE80_HISTORICAL_FIXTURE_CATALOG_V1
1494770,103,Eliteserien,Norway,2026,Regular Season - 22,Valerenga,Fredrikstad,2026-09-20T12:30:00+00:00,2026-09-20T12:30:00+00:00,NO,2026-09-15T23:28:22Z,2026-09-20T23:28:16Z,67,finished,FT,YES,2026-09-20T23:28:16Z,1,1,stage80:fixture_history_snapshots,PBK_STAGE80_HISTORICAL_FIXTURE_CATALOG_V1
1494771,103,Eliteserien,Norway,2026,Regular Season - 22,Viking,Lillestrom,2026-09-20T15:00:00+00:00,2026-09-20T15:00:00+00:00,NO,2026-09-15T23:28:22Z,2026-09-20T23:28:16Z,67,finished,FT,YES,2026-09-20T23:28:16Z,3,0,stage80:fixture_history_snapshots,PBK_STAGE80_HISTORICAL_FIXTURE_CATALOG_V1
1494772,103,Eliteserien,Norway,2026,Regular Season - 23,Aalesund,Sarpsborg 08 FF,2026-10-11T15:00:00+00:00,2026-10-11T15:00:00+00:00,NO,2026-09-21T00:35:23Z,2026-09-24T23:26:50Z,107,scheduled,NS,NO,,,,stage80:fixture_history_snapshots,PBK_STAGE80_HISTORICAL_FIXTURE_CATALOG_V1
1494773,103,Eliteserien,Norway,2026,Regular Season - 23,Bodo/Glimt,Kristiansund BK,2026-10-10T14:00:00+00:00,2026-10-10T14:00:00+00:00,NO,2026-09-21T00:35:23Z,2026-09-24T23:26:50Z,107,scheduled,NS,NO,,,,stage80:fixture_history_snapshots,PBK_STAGE80_HISTORICAL_FIXTURE_CATALOG_V1
1494774,103,Eliteserien,Norway,2026,Regular Season - 23,Brann,Viking,2026-10-09T17:00:00+00:00,2026-10-09T17:00:00+00:00,NO,2026-09-21T00:35:23Z,2026-09-24T23:26:50Z,107,scheduled,NS,NO,,,,stage80:fixture_history_snapshots,PBK_STAGE80_HISTORICAL_FIXTURE_CATALOG_V1
1494775,103,Eliteserien,Norway,2026,Regular Season - 23,Fredrikstad,Tromso,2026-10-11T12:30:00+00:00,2026-10-11T12:30:00+00:00,NO,2026-09-21T00:35:23Z,2026-09-24T23:26:50Z,107,scheduled,NS,NO,,,,stage80:fixture_history_snapshots,PBK_STAGE80_HISTORICAL_FIXTURE_CATALOG_V1
1494776,103,Eliteserien,Norway,2026,Regular Season - 23,KFUM Oslo,Valerenga,2026-10-12T17:00:00+00:00,2026-10-12T17:00:00+00:00,NO,2026-09-21T00:35:23Z,2026-09-24T23:26:50Z,107,scheduled,NS,NO,,,,stage80:fixture_history_snapshots,PBK_STAGE80_HISTORICAL_FIXTURE_CATALOG_V1
1494777,103,Eliteserien,Norway,2026,Regular Season - 23,Lillestrom,Molde,2026-10-11T17:15:00+00:00,2026-10-11T17:15:00+00:00,NO,2026-09-21T00:35:23Z,2026-09-24T23:26:50Z,107,scheduled,NS,NO,,,,stage80:fixture_history_snapshots,PBK_STAGE80_HISTORICAL_FIXTURE_CATALOG_V1
1494778,103,Eliteserien,Norway,2026,Regular Season - 23,Rosenborg,Sandefjord,2026-10-10T16:00:00+00:00,2026-10-10T16:00:00+00:00,NO,2026-09-21T00:35:23Z,2026-09-24T23:26:50Z,107,scheduled,NS,NO,,,,stage80:fixture_history_snapshots,PBK_STAGE80_HISTORICAL_FIXTURE_CATALOG_V1
1494779,103,Eliteserien,Norway,2026,Regular Season - 23,Start,Ham-Kam,2026-10-11T15:00:00+00:00,2026-10-11T15:00:00+00:00,NO,2026-09-21T00:35:23Z,2026-09-24T23:26:50Z,107,scheduled,NS,NO,,,,stage80:fixture_history_snapshots,PBK_STAGE80_HISTORICAL_FIXTURE_CATALOG_V1
1515889,365,Virsliga,Latvia,2026,Regular Season - 24,Super Nova,Riga,2026-09-15T16:00:00+00:00,2026-09-15T16:00:00+00:00,NO,2026-09-15T23:28:22Z,2026-09-15T23:28:22Z,1,finished,FT,YES,2026-09-15T23:28:22Z,0,1,stage80:fixture_history_snapshots,PBK_STAGE80_HISTORICAL_FIXTURE_CATALOG_V1
1515890,365,Virsliga,Latvia,2026,Regular Season - 24,FS Jelgava,FK Liepaja,2026-07-26T15:30:00+00:00,2026-07-26T15:30:00+00:00,NO,2026-09-15T23:28:22Z,2026-09-15T23:28:22Z,1,finished,FT,YES,2026-09-15T23:28:22Z,0,2,stage80:fixture_history_snapshots,PBK_STAGE80_HISTORICAL_FIXTURE_CATALOG_V1
1515891,365,Virsliga,Latvia,2026,Regular Season - 24,Tukums,Rīgas FS,2026-07-27T15:00:00+00:00,2026-07-27T15:00:00+00:00,NO,2026-09-15T23:28:22Z,2026-09-15T23:28:22Z,1,finished,FT,YES,2026-09-15T23:28:22Z,0,1,stage80:fixture_history_snapshots,PBK_STAGE80_HISTORICAL_FIXTURE_CATALOG_V1
1515892,365,Virsliga,Latvia,2026,Regular Season - 24,Auda,BFC Daugavpils,2026-07-26T16:00:00+00:00,2026-07-26T16:00:00+00:00,NO,2026-09-15T23:28:22Z,2026-09-15T23:28:22Z,1,finished,FT,YES,2026-09-15T23:28:22Z,1,0,stage80:fixture_history_snapshots,PBK_STAGE80_HISTORICAL_FIXTURE_CATALOG_V1
1515893,365,Virsliga,Latvia,2026,Regular Season - 24,Grobiņa,Ogre United,2026-07-27T16:00:00+00:00,2026-07-27T16:00:00+00:00,NO,2026-09-15T23:28:22Z,2026-09-15T23:28:22Z,1,finished,FT,YES,2026-09-15T23:28:22Z,2,2,stage80:fixture_history_snapshots,PBK_STAGE80_HISTORICAL_FIXTURE_CATALOG_V1
1515894,365,Virsliga,Latvia,2026,Regular Season - 25,BFC Daugavpils,FS Jelgava,2026-08-01T13:00:00+00:00,2026-08-01T13:00:00+00:00,NO,2026-09-16T07:31:35Z,2026-09-16T23:29:15Z,3,finished,FT,YES,2026-09-16T23:29:15Z,2,1,stage80:fixture_history_snapshots,PBK_STAGE80_HISTORICAL_FIXTURE_CATALOG_V1
1515895,365,Virsliga,Latvia,2026,Regular Season - 25,Tukums,FK Liepaja,2026-08-02T13:00:00+00:00,2026-08-02T13:00:00+00:00,NO,2026-09-16T07:31:35Z,2026-09-16T23:29:15Z,3,finished,FT,YES,2026-09-16T23:29:15Z,2,1,stage80:fixture_history_snapshots,PBK_STAGE80_HISTORICAL_FIXTURE_CATALOG_V1
1515896,365,Virsliga,Latvia,2026,Regular Season - 25,Riga,Grobiņa,2026-08-02T15:00:00+00:00,2026-08-02T15:00:00+00:00,NO,2026-09-16T07:31:35Z,2026-09-16T23:29:15Z,3,finished,FT,YES,2026-09-16T23:29:15Z,4,0,stage80:fixture_history_snapshots,PBK_STAGE80_HISTORICAL_FIXTURE_CATALOG_V1
1515897,365,Virsliga,Latvia,2026,Regular Season - 25,Rīgas FS,Super Nova,2026-10-15T14:00:00+00:00,2026-10-15T14:00:00+00:00,NO,2026-09-16T07:31:35Z,2026-09-16T23:29:15Z,3,scheduled,NS,NO,,,,stage80:fixture_history_snapshots,PBK_STAGE80_HISTORICAL_FIXTURE_CATALOG_V1
1515898,365,Virsliga,Latvia,2026,Regular Season - 25,Auda,Ogre United,2026-09-16T16:00:00+00:00,2026-09-16T16:00:00+00:00,NO,2026-09-16T07:31:35Z,2026-09-16T23:29:15Z,3,finished,FT,YES,2026-09-16T23:29:15Z,1,0,stage80:fixture_history_snapshots,PBK_STAGE80_HISTORICAL_FIXTURE_CATALOG_V1
1515924,365,Virsliga,Latvia,2026,Regular Season - 31,Auda,Rīgas FS,2026-09-20T15:00:00+00:00,2026-09-20T15:00:00+00:00,NO,2026-09-17T07:32:06Z,2026-09-20T23:28:16Z,63,finished,FT,YES,2026-09-20T23:28:16Z,1,1,stage80:fixture_history_snapshots,PBK_STAGE80_HISTORICAL_FIXTURE_CATALOG_V1
1515925,365,Virsliga,Latvia,2026,Regular Season - 31,FK Liepaja,BFC Daugavpils,2026-09-19T11:00:00+00:00,2026-09-19T11:00:00+00:00,NO,2026-09-17T07:32:06Z,2026-09-20T23:28:16Z,63,finished,FT,YES,2026-09-20T23:28:16Z,0,0,stage80:fixture_history_snapshots,PBK_STAGE80_HISTORICAL_FIXTURE_CATALOG_V1
1515926,365,Virsliga,Latvia,2026,Regular Season - 31,FS Jelgava,Riga,2026-09-19T13:00:00+00:00,2026-09-19T13:00:00+00:00,NO,2026-09-17T07:32:06Z,2026-09-20T23:28:16Z,63,finished,FT,YES,2026-09-20T23:28:16Z,0,1,stage80:fixture_history_snapshots,PBK_STAGE80_HISTORICAL_FIXTURE_CATALOG_V1
1515927,365,Virsliga,Latvia,2026,Regular Season - 31,Ogre United,Super Nova,2026-09-20T11:00:00+00:00,2026-09-20T11:00:00+00:00,NO,2026-09-17T07:32:06Z,2026-09-20T23:28:16Z,63,finished,FT,YES,2026-09-20T23:28:16Z,1,0,stage80:fixture_history_snapshots,PBK_STAGE80_HISTORICAL_FIXTURE_CATALOG_V1
1515928,365,Virsliga,Latvia,2026,Regular Season - 31,Tukums,Grobiņa,2026-09-20T13:00:00+00:00,2026-09-20T13:00:00+00:00,NO,2026-09-17T07:32:06Z,2026-09-20T23:28:16Z,63,finished,FT,YES,2026-09-20T23:28:16Z,1,1,stage80:fixture_history_snapshots,PBK_STAGE80_HISTORICAL_FIXTURE_CATALOG_V1
1515929,365,Virsliga,Latvia,2026,Regular Season - 32,Tukums,Riga,2026-10-10T11:00:00+00:00,2026-10-10T11:00:00+00:00,NO,2026-09-21T00:35:23Z,2026-09-24T23:26:50Z,107,scheduled,NS,NO,,,,stage80:fixture_history_snapshots,PBK_STAGE80_HISTORICAL_FIXTURE_CATALOG_V1
1515930,365,Virsliga,Latvia,2026,Regular Season - 32,Super Nova,Grobiņa,2026-10-10T13:00:00+00:00,2026-10-10T13:00:00+00:00,NO,2026-09-21T00:35:23Z,2026-09-24T23:26:50Z,107,scheduled,NS,NO,,,,stage80:fixture_history_snapshots,PBK_STAGE80_HISTORICAL_FIXTURE_CATALOG_V1
1515931,365,Virsliga,Latvia,2026,Regular Season - 32,Ogre United,BFC Daugavpils,2026-10-11T11:00:00+00:00,2026-10-11T11:00:00+00:00,NO,2026-09-21T00:35:23Z,2026-09-24T23:26:50Z,107,scheduled,NS,NO,,,,stage80:fixture_history_snapshots,PBK_STAGE80_HISTORICAL_FIXTURE_CATALOG_V1
1515932,365,Virsliga,Latvia,2026,Regular Season - 32,Rīgas FS,FS Jelgava,2026-10-11T13:00:00+00:00,2026-10-11T13:00:00+00:00,NO,2026-09-21T00:35:23Z,2026-09-24T23:26:50Z,107,scheduled,NS,NO,,,,stage80:fixture_history_snapshots,PBK_STAGE80_HISTORICAL_FIXTURE_CATALOG_V1
1515933,365,Virsliga,Latvia,2026,Regular Season - 32,FK Liepaja,Auda,2026-10-12T15:00:00+00:00,2026-10-12T15:00:00+00:00,NO,2026-09-21T00:35:23Z,2026-09-24T23:26:50Z,107,scheduled,NS,NO,,,,stage80:fixture_history_snapshots,PBK_STAGE80_HISTORICAL_FIXTURE_CATALOG_V1
1547585,362,A Lyga,Lithuania,2026,Regular Season - 22,Kauno Žalgiris,Panevėžys,2026-07-11T16:00:00+00:00,2026-07-11T16:00:00+00:00,NO,2026-09-21T00:35:23Z,2026-09-24T23:26:50Z,107,finished,FT,YES,2026-09-24T23:26:50Z,3,0,stage80:fixture_history_snapshots,PBK_STAGE80_HISTORICAL_FIXTURE_CATALOG_V1
1547586,362,A Lyga,Lithuania,2026,Regular Season - 22,TransINVEST Vilnius,Banga,2026-07-12T15:45:00+00:00,2026-07-12T15:45:00+00:00,NO,2026-09-21T00:35:23Z,2026-09-24T23:26:50Z,107,finished,FT,YES,2026-09-24T23:26:50Z,1,3,stage80:fixture_history_snapshots,PBK_STAGE80_HISTORICAL_FIXTURE_CATALOG_V1
1547587,362,A Lyga,Lithuania,2026,Regular Season - 22,FK Zalgiris Vilnius,Suduva Marijampole,2026-10-10T11:15:00+00:00,2026-10-10T11:15:00+00:00,NO,2026-09-21T00:35:23Z,2026-09-24T23:26:50Z,107,scheduled,NS,NO,,,,stage80:fixture_history_snapshots,PBK_STAGE80_HISTORICAL_FIXTURE_CATALOG_V1
1547588,362,A Lyga,Lithuania,2026,Regular Season - 22,FK Trakai,Džiugas Telšiai,2026-07-13T17:00:00+00:00,2026-07-13T17:00:00+00:00,NO,2026-09-21T00:35:23Z,2026-09-24T23:26:50Z,107,cancelled,CANC,NO,,,,stage80:fixture_history_snapshots,PBK_STAGE80_HISTORICAL_FIXTURE_CATALOG_V1
1547599,362,A Lyga,Lithuania,2026,Regular Season - 25,FK Zalgiris Vilnius,Kauno Žalgiris,2026-09-16T15:45:00+00:00,2026-09-16T15:45:00+00:00,NO,2026-09-15T23:28:22Z,2026-09-16T23:29:15Z,4,finished,FT,YES,2026-09-16T23:29:15Z,3,2,stage80:fixture_history_snapshots,PBK_STAGE80_HISTORICAL_FIXTURE_CATALOG_V1
1547600,362,A Lyga,Lithuania,2026,Regular Season - 25,Hegelmann Litauen,TransINVEST Vilnius,2026-08-02T15:45:00+00:00,2026-08-02T15:45:00+00:00,NO,2026-09-15T23:28:22Z,2026-09-16T23:29:15Z,4,finished,FT,YES,2026-09-16T23:29:15Z,1,2,stage80:fixture_history_snapshots,PBK_STAGE80_HISTORICAL_FIXTURE_CATALOG_V1
1547601,362,A Lyga,Lithuania,2026,Regular Season - 25,Suduva Marijampole,FK Trakai,2026-08-02T16:30:00+00:00,2026-08-02T16:30:00+00:00,NO,2026-09-15T23:28:22Z,2026-09-16T23:29:15Z,4,cancelled,CANC,NO,,,,stage80:fixture_history_snapshots,PBK_STAGE80_HISTORICAL_FIXTURE_CATALOG_V1
1547602,362,A Lyga,Lithuania,2026,Regular Season - 25,Šiauliai,Banga,2026-08-03T15:45:00+00:00,2026-08-03T15:45:00+00:00,NO,2026-09-15T23:28:22Z,2026-09-16T23:29:15Z,4,finished,FT,YES,2026-09-16T23:29:15Z,1,3,stage80:fixture_history_snapshots,PBK_STAGE80_HISTORICAL_FIXTURE_CATALOG_V1
1547603,362,A Lyga,Lithuania,2026,Regular Season - 25,Panevėžys,Džiugas Telšiai,2026-08-03T16:30:00+00:00,2026-08-03T16:30:00+00:00,NO,2026-09-15T23:28:22Z,2026-09-16T23:29:15Z,4,finished,FT,YES,2026-09-16T23:29:15Z,1,1,stage80:fixture_history_snapshots,PBK_STAGE80_HISTORICAL_FIXTURE_CATALOG_V1
1547634,362,A Lyga,Lithuania,2026,Regular Season - 32,Kauno Žalgiris,Šiauliai,2026-07-18T16:00:00+00:00,2026-07-18T16:00:00+00:00,NO,2026-09-17T07:32:06Z,2026-09-20T23:28:16Z,63,finished,FT,YES,2026-09-20T23:28:16Z,4,0,stage80:fixture_history_snapshots,PBK_STAGE80_HISTORICAL_FIXTURE_CATALOG_V1
1547635,362,A Lyga,Lithuania,2026,Regular Season - 32,Banga,Džiugas Telšiai,2026-09-19T11:15:00+00:00,2026-09-19T11:15:00+00:00,NO,2026-09-17T07:32:06Z,2026-09-20T23:28:16Z,63,finished,FT,YES,2026-09-20T23:28:16Z,2,0,stage80:fixture_history_snapshots,PBK_STAGE80_HISTORICAL_FIXTURE_CATALOG_V1
1547636,362,A Lyga,Lithuania,2026,Regular Season - 32,TransINVEST Vilnius,FK Zalgiris Vilnius,2026-09-19T16:30:00+00:00,2026-09-19T16:30:00+00:00,NO,2026-09-17T07:32:06Z,2026-09-20T23:28:16Z,63,finished,FT,YES,2026-09-20T23:28:16Z,3,0,stage80:fixture_history_snapshots,PBK_STAGE80_HISTORICAL_FIXTURE_CATALOG_V1
1547637,362,A Lyga,Lithuania,2026,Regular Season - 32,Hegelmann Litauen,Suduva Marijampole,2026-09-20T11:15:00+00:00,2026-09-20T11:15:00+00:00,NO,2026-09-17T07:32:06Z,2026-09-20T23:28:16Z,63,finished,FT,YES,2026-09-20T23:28:16Z,1,1,stage80:fixture_history_snapshots,PBK_STAGE80_HISTORICAL_FIXTURE_CATALOG_V1
1547638,362,A Lyga,Lithuania,2026,Regular Season - 32,FK Trakai,Panevėžys,2026-09-20T14:00:00+00:00,2026-09-20T14:00:00+00:00,NO,2026-09-17T07:32:06Z,2026-09-20T23:28:16Z,63,cancelled,CANC,NO,,,,stage80:fixture_history_snapshots,PBK_STAGE80_HISTORICAL_FIXTURE_CATALOG_V1
1549022,119,Superliga,Denmark,2026,Regular Season - 9,Brondby,FC Copenhagen,2026-09-20T12:00:00+00:00,2026-09-20T12:00:00+00:00,NO,2026-09-15T23:28:22Z,2026-09-20T23:28:16Z,67,finished,FT,YES,2026-09-20T23:28:16Z,0,1,stage80:fixture_history_snapshots,PBK_STAGE80_HISTORICAL_FIXTURE_CATALOG_V1
1549023,119,Superliga,Denmark,2026,Regular Season - 9,AC Horsens,Aarhus,2026-09-20T14:00:00+00:00,2026-09-20T14:00:00+00:00,NO,2026-09-15T23:28:22Z,2026-09-20T23:28:16Z,67,finished,FT,YES,2026-09-20T23:28:16Z,2,2,stage80:fixture_history_snapshots,PBK_STAGE80_HISTORICAL_FIXTURE_CATALOG_V1
1549024,119,Superliga,Denmark,2026,Regular Season - 9,Lyngby,Silkeborg,2026-09-18T17:00:00+00:00,2026-09-18T17:00:00+00:00,NO,2026-09-15T23:28:22Z,2026-09-20T23:28:16Z,67,finished,FT,YES,2026-09-20T23:28:16Z,0,4,stage80:fixture_history_snapshots,PBK_STAGE80_HISTORICAL_FIXTURE_CATALOG_V1
1549025,119,Superliga,Denmark,2026,Regular Season - 9,Odense,FC Midtjylland,2026-09-19T16:00:00+00:00,2026-09-19T16:00:00+00:00,NO,2026-09-15T23:28:22Z,2026-09-20T23:28:16Z,67,finished,FT,YES,2026-09-20T23:28:16Z,1,1,stage80:fixture_history_snapshots,PBK_STAGE80_HISTORICAL_FIXTURE_CATALOG_V1
1549026,119,Superliga,Denmark,2026,Regular Season - 9,Sonderjyske,Randers FC,2026-09-20T12:00:00+00:00,2026-09-20T12:00:00+00:00,NO,2026-09-15T23:28:22Z,2026-09-20T23:28:16Z,67,finished,FT,YES,2026-09-20T23:28:16Z,4,2,stage80:fixture_history_snapshots,PBK_STAGE80_HISTORICAL_FIXTURE_CATALOG_V1
1549027,119,Superliga,Denmark,2026,Regular Season - 9,Viborg,FC Nordsjaelland,2026-09-20T16:00:00+00:00,2026-09-20T16:00:00+00:00,NO,2026-09-15T23:28:22Z,2026-09-20T23:28:16Z,67,finished,FT,YES,2026-09-20T23:28:16Z,4,1,stage80:fixture_history_snapshots,PBK_STAGE80_HISTORICAL_FIXTURE_CATALOG_V1
1549028,119,Superliga,Denmark,2026,Regular Season - 10,Aarhus,Sonderjyske,2026-10-12T17:00:00+00:00,2026-10-12T17:00:00+00:00,NO,2026-09-21T00:35:23Z,2026-09-24T23:26:50Z,107,scheduled,NS,NO,,,,stage80:fixture_history_snapshots,PBK_STAGE80_HISTORICAL_FIXTURE_CATALOG_V1
1549029,119,Superliga,Denmark,2026,Regular Season - 10,Brondby,Lyngby,2026-10-11T14:00:00+00:00,2026-10-11T14:00:00+00:00,NO,2026-09-21T00:35:23Z,2026-09-24T23:26:50Z,107,scheduled,NS,NO,,,,stage80:fixture_history_snapshots,PBK_STAGE80_HISTORICAL_FIXTURE_CATALOG_V1
1549030,119,Superliga,Denmark,2026,Regular Season - 10,FC Midtjylland,FC Copenhagen,2026-10-11T16:00:00+00:00,2026-10-11T16:00:00+00:00,NO,2026-09-21T00:35:23Z,2026-09-24T23:26:50Z,107,scheduled,NS,NO,,,,stage80:fixture_history_snapshots,PBK_STAGE80_HISTORICAL_FIXTURE_CATALOG_V1
1549031,119,Superliga,Denmark,2026,Regular Season - 10,FC Nordsjaelland,Odense,2026-10-09T17:00:00+00:00,2026-10-09T17:00:00+00:00,NO,2026-09-21T00:35:23Z,2026-09-24T23:26:50Z,107,scheduled,NS,NO,,,,stage80:fixture_history_snapshots,PBK_STAGE80_HISTORICAL_FIXTURE_CATALOG_V1
1549032,119,Superliga,Denmark,2026,Regular Season - 10,Randers FC,Viborg,2026-10-11T12:00:00+00:00,2026-10-11T12:00:00+00:00,NO,2026-09-21T00:35:23Z,2026-09-24T23:26:50Z,107,scheduled,NS,NO,,,,stage80:fixture_history_snapshots,PBK_STAGE80_HISTORICAL_FIXTURE_CATALOG_V1
1549033,119,Superliga,Denmark,2026,Regular Season - 10,Silkeborg,AC Horsens,2026-10-11T12:00:00+00:00,2026-10-11T12:00:00+00:00,NO,2026-09-21T00:35:23Z,2026-09-24T23:26:50Z,107,scheduled,NS,NO,,,,stage80:fixture_history_snapshots,PBK_STAGE80_HISTORICAL_FIXTURE_CATALOG_V1
1550127,135,Serie A,Italy,2026,Regular Season - 5,AC Milan,Lecce,2026-09-20T18:45:00+00:00,2026-09-20T18:45:00+00:00,NO,2026-09-15T23:28:22Z,2026-09-21T00:35:23Z,68,finished,FT,YES,2026-09-21T00:35:23Z,3,0,stage80:fixture_history_snapshots,PBK_STAGE80_HISTORICAL_FIXTURE_CATALOG_V1
1550128,135,Serie A,Italy,2026,Regular Season - 5,AS Roma,Inter,2026-09-19T16:00:00+00:00,2026-09-19T16:00:00+00:00,NO,2026-09-15T23:28:22Z,2026-09-21T00:35:23Z,68,finished,FT,YES,2026-09-21T00:35:23Z,2,2,stage80:fixture_history_snapshots,PBK_STAGE80_HISTORICAL_FIXTURE_CATALOG_V1
1550129,135,Serie A,Italy,2026,Regular Season - 5,Bologna,Torino,2026-09-19T13:00:00+00:00,2026-09-19T13:00:00+00:00,NO,2026-09-15T23:28:22Z,2026-09-21T00:35:23Z,68,finished,FT,YES,2026-09-21T00:35:23Z,1,1,stage80:fixture_history_snapshots,PBK_STAGE80_HISTORICAL_FIXTURE_CATALOG_V1
1550130,135,Serie A,Italy,2026,Regular Season - 5,Fiorentina,Napoli,2026-09-20T10:30:00+00:00,2026-09-20T10:30:00+00:00,NO,2026-09-15T23:28:22Z,2026-09-21T00:35:23Z,68,finished,FT,YES,2026-09-21T00:35:23Z,1,1,stage80:fixture_history_snapshots,PBK_STAGE80_HISTORICAL_FIXTURE_CATALOG_V1
1550131,135,Serie A,Italy,2026,Regular Season - 5,Frosinone,Como,2026-09-20T13:00:00+00:00,2026-09-20T13:00:00+00:00,NO,2026-09-15T23:28:22Z,2026-09-21T00:35:23Z,68,finished,FT,YES,2026-09-21T00:35:23Z,2,0,stage80:fixture_history_snapshots,PBK_STAGE80_HISTORICAL_FIXTURE_CATALOG_V1
1550132,135,Serie A,Italy,2026,Regular Season - 5,Juventus,Atalanta,2026-09-20T16:00:00+00:00,2026-09-20T16:00:00+00:00,NO,2026-09-15T23:28:22Z,2026-09-21T00:35:23Z,68,finished,FT,YES,2026-09-21T00:35:23Z,2,0,stage80:fixture_history_snapshots,PBK_STAGE80_HISTORICAL_FIXTURE_CATALOG_V1
1550133,135,Serie A,Italy,2026,Regular Season - 5,Monza,Sassuolo,2026-09-18T18:45:00+00:00,2026-09-18T18:45:00+00:00,NO,2026-09-15T23:28:22Z,2026-09-21T00:35:23Z,68,finished,FT,YES,2026-09-21T00:35:23Z,2,1,stage80:fixture_history_snapshots,PBK_STAGE80_HISTORICAL_FIXTURE_CATALOG_V1
1550134,135,Serie A,Italy,2026,Regular Season - 5,Parma,Genoa,2026-09-20T13:00:00+00:00,2026-09-20T13:00:00+00:00,NO,2026-09-15T23:28:22Z,2026-09-21T00:35:23Z,68,finished,FT,YES,2026-09-21T00:35:23Z,2,1,stage80:fixture_history_snapshots,PBK_STAGE80_HISTORICAL_FIXTURE_CATALOG_V1
1550135,135,Serie A,Italy,2026,Regular Season - 5,Udinese,Cagliari,2026-09-19T13:00:00+00:00,2026-09-19T13:00:00+00:00,NO,2026-09-15T23:28:22Z,2026-09-21T00:35:23Z,68,finished,FT,YES,2026-09-21T00:35:23Z,0,1,stage80:fixture_history_snapshots,PBK_STAGE80_HISTORICAL_FIXTURE_CATALOG_V1
1550136,135,Serie A,Italy,2026,Regular Season - 5,Venezia,Lazio,2026-09-19T18:45:00+00:00,2026-09-19T18:45:00+00:00,NO,2026-09-15T23:28:22Z,2026-09-21T00:35:23Z,68,finished,FT,YES,2026-09-21T00:35:23Z,0,2,stage80:fixture_history_snapshots,PBK_STAGE80_HISTORICAL_FIXTURE_CATALOG_V1
1550137,135,Serie A,Italy,2026,Regular Season - 6,Atalanta,Venezia,2026-10-12T16:30:00+00:00,2026-10-12T16:30:00+00:00,NO,2026-09-21T01:28:13Z,2026-09-24T23:26:50Z,106,scheduled,NS,NO,,,,stage80:fixture_history_snapshots,PBK_STAGE80_HISTORICAL_FIXTURE_CATALOG_V1
1550138,135,Serie A,Italy,2026,Regular Season - 6,Cagliari,Juventus,2026-10-11T18:45:00+00:00,2026-10-11T18:45:00+00:00,NO,2026-09-21T01:28:13Z,2026-09-24T23:26:50Z,106,scheduled,NS,NO,,,,stage80:fixture_history_snapshots,PBK_STAGE80_HISTORICAL_FIXTURE_CATALOG_V1
1550139,135,Serie A,Italy,2026,Regular Season - 6,Como,AS Roma,2026-10-11T10:30:00+00:00,2026-10-11T10:30:00+00:00,NO,2026-09-21T01:28:13Z,2026-09-24T23:26:50Z,106,scheduled,NS,NO,,,,stage80:fixture_history_snapshots,PBK_STAGE80_HISTORICAL_FIXTURE_CATALOG_V1
1550140,135,Serie A,Italy,2026,Regular Season - 6,Genoa,Fiorentina,2026-10-10T13:00:00+00:00,2026-10-10T13:00:00+00:00,NO,2026-09-21T01:28:13Z,2026-09-24T23:26:50Z,106,scheduled,NS,NO,,,,stage80:fixture_history_snapshots,PBK_STAGE80_HISTORICAL_FIXTURE_CATALOG_V1
1550141,135,Serie A,Italy,2026,Regular Season - 6,Inter,Parma,2026-10-10T16:00:00+00:00,2026-10-10T16:00:00+00:00,NO,2026-09-21T01:28:13Z,2026-09-24T23:26:50Z,106,scheduled,NS,NO,,,,stage80:fixture_history_snapshots,PBK_STAGE80_HISTORICAL_FIXTURE_CATALOG_V1
1550142,135,Serie A,Italy,2026,Regular Season - 6,Lazio,Monza,2026-10-11T13:00:00+00:00,2026-10-11T13:00:00+00:00,NO,2026-09-21T01:28:13Z,2026-09-24T23:26:50Z,106,scheduled,NS,NO,,,,stage80:fixture_history_snapshots,PBK_STAGE80_HISTORICAL_FIXTURE_CATALOG_V1
1550143,135,Serie A,Italy,2026,Regular Season - 6,Lecce,Bologna,2026-10-11T13:00:00+00:00,2026-10-11T13:00:00+00:00,NO,2026-09-21T01:28:13Z,2026-09-24T23:26:50Z,106,scheduled,NS,NO,,,,stage80:fixture_history_snapshots,PBK_STAGE80_HISTORICAL_FIXTURE_CATALOG_V1
1550144,135,Serie A,Italy,2026,Regular Season - 6,Napoli,Frosinone,2026-10-10T18:45:00+00:00,2026-10-10T18:45:00+00:00,NO,2026-09-21T01:28:13Z,2026-09-24T23:26:50Z,106,scheduled,NS,NO,,,,stage80:fixture_history_snapshots,PBK_STAGE80_HISTORICAL_FIXTURE_CATALOG_V1
1550145,135,Serie A,Italy,2026,Regular Season - 6,Sassuolo,AC Milan,2026-10-11T16:00:00+00:00,2026-10-11T16:00:00+00:00,NO,2026-09-21T01:28:13Z,2026-09-24T23:26:50Z,106,scheduled,NS,NO,,,,stage80:fixture_history_snapshots,PBK_STAGE80_HISTORICAL_FIXTURE_CATALOG_V1
1550146,135,Serie A,Italy,2026,Regular Season - 6,Torino,Udinese,2026-10-12T18:45:00+00:00,2026-10-12T18:45:00+00:00,NO,2026-09-21T01:28:13Z,2026-09-24T23:26:50Z,106,scheduled,NS,NO,,,,stage80:fixture_history_snapshots,PBK_STAGE80_HISTORICAL_FIXTURE_CATALOG_V1
1552135,88,Eredivisie,Netherlands,2026,Regular Season - 3,Fortuna Sittard,AZ Alkmaar,2026-08-22T14:30:00+00:00,2026-08-22T14:30:00+00:00,NO,2026-09-15T23:28:22Z,2026-09-15T23:28:22Z,1,finished,FT,YES,2026-09-15T23:28:22Z,0,2,stage80:fixture_history_snapshots,PBK_STAGE80_HISTORICAL_FIXTURE_CATALOG_V1
1552136,88,Eredivisie,Netherlands,2026,Regular Season - 3,NEC Nijmegen,Excelsior,2026-09-08T16:45:00+00:00,2026-09-08T16:45:00+00:00,NO,2026-09-15T23:28:22Z,2026-09-15T23:28:22Z,1,finished,FT,YES,2026-09-15T23:28:22Z,2,2,stage80:fixture_history_snapshots,PBK_STAGE80_HISTORICAL_FIXTURE_CATALOG_V1
1552137,88,Eredivisie,Netherlands,2026,Regular Season - 3,Sparta Rotterdam,Utrecht,2026-08-22T16:45:00+00:00,2026-08-22T16:45:00+00:00,NO,2026-09-15T23:28:22Z,2026-09-15T23:28:22Z,1,finished,FT,YES,2026-09-15T23:28:22Z,3,3,stage80:fixture_history_snapshots,PBK_STAGE80_HISTORICAL_FIXTURE_CATALOG_V1
1552138,88,Eredivisie,Netherlands,2026,Regular Season - 3,Heerenveen,PEC Zwolle,2026-08-22T19:00:00+00:00,2026-08-22T19:00:00+00:00,NO,2026-09-15T23:28:22Z,2026-09-15T23:28:22Z,1,finished,FT,YES,2026-09-15T23:28:22Z,0,2,stage80:fixture_history_snapshots,PBK_STAGE80_HISTORICAL_FIXTURE_CATALOG_V1
1552139,88,Eredivisie,Netherlands,2026,Regular Season - 3,GO Ahead Eagles,ADO Den Haag,2026-08-23T10:15:00+00:00,2026-08-23T10:15:00+00:00,NO,2026-09-15T23:28:22Z,2026-09-15T23:28:22Z,1,finished,FT,YES,2026-09-15T23:28:22Z,3,1,stage80:fixture_history_snapshots,PBK_STAGE80_HISTORICAL_FIXTURE_CATALOG_V1
1552140,88,Eredivisie,Netherlands,2026,Regular Season - 3,PSV Eindhoven,Groningen,2026-08-23T12:30:00+00:00,2026-08-23T12:30:00+00:00,NO,2026-09-15T23:28:22Z,2026-09-15T23:28:22Z,1,finished,FT,YES,2026-09-15T23:28:22Z,5,1,stage80:fixture_history_snapshots,PBK_STAGE80_HISTORICAL_FIXTURE_CATALOG_V1
1552141,88,Eredivisie,Netherlands,2026,Regular Season - 3,Cambuur,Feyenoord,2026-08-23T14:45:00+00:00,2026-08-23T14:45:00+00:00,NO,2026-09-15T23:28:22Z,2026-09-15T23:28:22Z,1,finished,FT,YES,2026-09-15T23:28:22Z,2,5,stage80:fixture_history_snapshots,PBK_STAGE80_HISTORICAL_FIXTURE_CATALOG_V1
1552142,88,Eredivisie,Netherlands,2026,Regular Season - 3,Twente,Telstar,2026-09-09T16:45:00+00:00,2026-09-09T16:45:00+00:00,NO,2026-09-15T23:28:22Z,2026-09-15T23:28:22Z,1,finished,FT,YES,2026-09-15T23:28:22Z,1,0,stage80:fixture_history_snapshots,PBK_STAGE80_HISTORICAL_FIXTURE_CATALOG_V1
1552143,88,Eredivisie,Netherlands,2026,Regular Season - 3,Ajax,Willem II,2026-09-15T18:00:00+00:00,2026-09-15T18:00:00+00:00,NO,2026-09-15T23:28:22Z,2026-09-15T23:28:22Z,1,finished,FT,YES,2026-09-15T23:28:22Z,5,1,stage80:fixture_history_snapshots,PBK_STAGE80_HISTORICAL_FIXTURE_CATALOG_V1
1552171,88,Eredivisie,Netherlands,2026,Regular Season - 7,Sparta Rotterdam,Heerenveen,2026-09-19T16:45:00+00:00,2026-09-19T16:45:00+00:00,NO,2026-09-16T07:31:35Z,2026-09-20T23:28:16Z,66,finished,FT,YES,2026-09-20T23:28:16Z,0,4,stage80:fixture_history_snapshots,PBK_STAGE80_HISTORICAL_FIXTURE_CATALOG_V1
1552172,88,Eredivisie,Netherlands,2026,Regular Season - 7,ADO Den Haag,Cambuur,2026-09-19T14:30:00+00:00,2026-09-19T14:30:00+00:00,NO,2026-09-16T07:31:35Z,2026-09-20T23:28:16Z,66,finished,FT,YES,2026-09-20T23:28:16Z,1,1,stage80:fixture_history_snapshots,PBK_STAGE80_HISTORICAL_FIXTURE_CATALOG_V1
1552173,88,Eredivisie,Netherlands,2026,Regular Season - 7,Groningen,PEC Zwolle,2026-09-18T18:00:00+00:00,2026-09-18T18:00:00+00:00,NO,2026-09-16T07:31:35Z,2026-09-20T23:28:16Z,66,finished,FT,YES,2026-09-20T23:28:16Z,3,0,stage80:fixture_history_snapshots,PBK_STAGE80_HISTORICAL_FIXTURE_CATALOG_V1
1552174,88,Eredivisie,Netherlands,2026,Regular Season - 7,Ajax,Excelsior,2026-09-19T18:00:00+00:00,2026-09-19T18:00:00+00:00,NO,2026-09-16T07:31:35Z,2026-09-20T23:28:16Z,66,finished,FT,YES,2026-09-20T23:28:16Z,2,2,stage80:fixture_history_snapshots,PBK_STAGE80_HISTORICAL_FIXTURE_CATALOG_V1
1552175,88,Eredivisie,Netherlands,2026,Regular Season - 7,Willem II,Fortuna Sittard,2026-09-19T19:00:00+00:00,2026-09-19T19:00:00+00:00,NO,2026-09-16T07:31:35Z,2026-09-20T23:28:16Z,66,finished,FT,YES,2026-09-20T23:28:16Z,0,1,stage80:fixture_history_snapshots,PBK_STAGE80_HISTORICAL_FIXTURE_CATALOG_V1
1552176,88,Eredivisie,Netherlands,2026,Regular Season - 7,Feyenoord,Utrecht,2026-09-20T10:15:00+00:00,2026-09-20T10:15:00+00:00,NO,2026-09-16T07:31:35Z,2026-09-20T23:28:16Z,66,finished,FT,YES,2026-09-20T23:28:16Z,5,0,stage80:fixture_history_snapshots,PBK_STAGE80_HISTORICAL_FIXTURE_CATALOG_V1
1552177,88,Eredivisie,Netherlands,2026,Regular Season - 7,AZ Alkmaar,Telstar,2026-09-20T12:30:00+00:00,2026-09-20T12:30:00+00:00,NO,2026-09-16T07:31:35Z,2026-09-20T23:28:16Z,66,finished,FT,YES,2026-09-20T23:28:16Z,1,0,stage80:fixture_history_snapshots,PBK_STAGE80_HISTORICAL_FIXTURE_CATALOG_V1
1552178,88,Eredivisie,Netherlands,2026,Regular Season - 7,NEC Nijmegen,GO Ahead Eagles,2026-09-20T14:45:00+00:00,2026-09-20T14:45:00+00:00,NO,2026-09-16T07:31:35Z,2026-09-20T23:28:16Z,66,finished,FT,YES,2026-09-20T23:28:16Z,1,1,stage80:fixture_history_snapshots,PBK_STAGE80_HISTORICAL_FIXTURE_CATALOG_V1
1552179,88,Eredivisie,Netherlands,2026,Regular Season - 7,Twente,PSV Eindhoven,2026-09-20T12:30:00+00:00,2026-09-20T12:30:00+00:00,NO,2026-09-16T07:31:35Z,2026-09-20T23:28:16Z,66,finished,FT,YES,2026-09-20T23:28:16Z,3,2,stage80:fixture_history_snapshots,PBK_STAGE80_HISTORICAL_FIXTURE_CATALOG_V1
1552180,88,Eredivisie,Netherlands,2026,Regular Season - 8,PSV Eindhoven,Heerenveen,2026-10-09T18:00:00+00:00,2026-10-09T18:00:00+00:00,NO,2026-09-21T00:35:23Z,2026-09-24T23:26:50Z,107,scheduled,NS,NO,,,,stage80:fixture_history_snapshots,PBK_STAGE80_HISTORICAL_FIXTURE_CATALOG_V1
1552181,88,Eredivisie,Netherlands,2026,Regular Season - 8,Feyenoord,AZ Alkmaar,2026-10-10T16:45:00+00:00,2026-10-10T16:45:00+00:00,NO,2026-09-21T00:35:23Z,2026-09-24T23:26:50Z,107,scheduled,NS,NO,,,,stage80:fixture_history_snapshots,PBK_STAGE80_HISTORICAL_FIXTURE_CATALOG_V1
1552182,88,Eredivisie,Netherlands,2026,Regular Season - 8,GO Ahead Eagles,Sparta Rotterdam,2026-10-10T14:30:00+00:00,2026-10-10T14:30:00+00:00,NO,2026-09-21T00:35:23Z,2026-09-24T23:26:50Z,107,scheduled,NS,NO,,,,stage80:fixture_history_snapshots,PBK_STAGE80_HISTORICAL_FIXTURE_CATALOG_V1
1552183,88,Eredivisie,Netherlands,2026,Regular Season - 8,Ajax,NEC Nijmegen,2026-10-10T19:00:00+00:00,2026-10-10T19:00:00+00:00,NO,2026-09-21T00:35:23Z,2026-09-24T23:26:50Z,107,scheduled,NS,NO,,,,stage80:fixture_history_snapshots,PBK_STAGE80_HISTORICAL_FIXTURE_CATALOG_V1
1552184,88,Eredivisie,Netherlands,2026,Regular Season - 8,Fortuna Sittard,Twente,2026-10-10T18:00:00+00:00,2026-10-10T18:00:00+00:00,NO,2026-09-21T00:35:23Z,2026-09-24T23:26:50Z,107,scheduled,NS,NO,,,,stage80:fixture_history_snapshots,PBK_STAGE80_HISTORICAL_FIXTURE_CATALOG_V1
1552185,88,Eredivisie,Netherlands,2026,Regular Season - 8,Utrecht,Willem II,2026-10-11T10:15:00+00:00,2026-10-11T10:15:00+00:00,NO,2026-09-21T00:35:23Z,2026-09-24T23:26:50Z,107,scheduled,NS,NO,,,,stage80:fixture_history_snapshots,PBK_STAGE80_HISTORICAL_FIXTURE_CATALOG_V1
1552186,88,Eredivisie,Netherlands,2026,Regular Season - 8,Telstar,ADO Den Haag,2026-10-11T12:30:00+00:00,2026-10-11T12:30:00+00:00,NO,2026-09-21T00:35:23Z,2026-09-24T23:26:50Z,107,scheduled,NS,NO,,,,stage80:fixture_history_snapshots,PBK_STAGE80_HISTORICAL_FIXTURE_CATALOG_V1
1552187,88,Eredivisie,Netherlands,2026,Regular Season - 8,PEC Zwolle,Cambuur,2026-10-11T12:30:00+00:00,2026-10-11T12:30:00+00:00,NO,2026-09-21T00:35:23Z,2026-09-24T23:26:50Z,107,scheduled,NS,NO,,,,stage80:fixture_history_snapshots,PBK_STAGE80_HISTORICAL_FIXTURE_CATALOG_V1
1552188,88,Eredivisie,Netherlands,2026,Regular Season - 8,Excelsior,Groningen,2026-10-11T14:45:00+00:00,2026-10-11T14:45:00+00:00,NO,2026-09-21T00:35:23Z,2026-09-24T23:26:50Z,107,scheduled,NS,NO,,,,stage80:fixture_history_snapshots,PBK_STAGE80_HISTORICAL_FIXTURE_CATALOG_V1
1552765,61,Ligue 1,France,2026,Regular Season - 5,Angers,Estac Troyes,2026-09-19T18:45:00+00:00,2026-09-19T18:45:00+00:00,NO,2026-09-15T23:28:22Z,2026-09-20T23:28:16Z,67,finished,FT,YES,2026-09-20T23:28:16Z,2,0,stage80:fixture_history_snapshots,PBK_STAGE80_HISTORICAL_FIXTURE_CATALOG_V1
1552766,61,Ligue 1,France,2026,Regular Season - 5,Auxerre,Stade Brestois 29,2026-09-20T13:00:00+00:00,2026-09-20T13:00:00+00:00,NO,2026-09-15T23:28:22Z,2026-09-20T23:28:16Z,67,finished,FT,YES,2026-09-20T23:28:16Z,2,1,stage80:fixture_history_snapshots,PBK_STAGE80_HISTORICAL_FIXTURE_CATALOG_V1
1552767,61,Ligue 1,France,2026,Regular Season - 5,Le Mans,Lorient,2026-09-19T18:45:00+00:00,2026-09-19T18:45:00+00:00,NO,2026-09-15T23:28:22Z,2026-09-20T23:28:16Z,67,finished,FT,YES,2026-09-20T23:28:16Z,2,1,stage80:fixture_history_snapshots,PBK_STAGE80_HISTORICAL_FIXTURE_CATALOG_V1
1552768,61,Ligue 1,France,2026,Regular Season - 5,Lyon,Rennes,2026-09-19T18:45:00+00:00,2026-09-19T18:45:00+00:00,NO,2026-09-15T23:28:22Z,2026-09-20T23:28:16Z,67,finished,FT,YES,2026-09-20T23:28:16Z,4,0,stage80:fixture_history_snapshots,PBK_STAGE80_HISTORICAL_FIXTURE_CATALOG_V1
1552769,61,Ligue 1,France,2026,Regular Season - 5,Monaco,Lens,2026-09-18T18:45:00+00:00,2026-09-18T18:45:00+00:00,NO,2026-09-15T23:28:22Z,2026-09-20T23:28:16Z,67,finished,FT,YES,2026-09-20T23:28:16Z,2,1,stage80:fixture_history_snapshots,PBK_STAGE80_HISTORICAL_FIXTURE_CATALOG_V1
1552770,61,Ligue 1,France,2026,Regular Season - 5,Nice,Lille,2026-09-20T15:15:00+00:00,2026-09-20T15:15:00+00:00,NO,2026-09-15T23:28:22Z,2026-09-20T23:28:16Z,67,finished,FT,YES,2026-09-20T23:28:16Z,2,1,stage80:fixture_history_snapshots,PBK_STAGE80_HISTORICAL_FIXTURE_CATALOG_V1
1552771,61,Ligue 1,France,2026,Regular Season - 5,Paris FC,Strasbourg,2026-09-19T15:15:00+00:00,2026-09-19T15:15:00+00:00,NO,2026-09-15T23:28:22Z,2026-09-20T23:28:16Z,67,finished,FT,YES,2026-09-20T23:28:16Z,2,1,stage80:fixture_history_snapshots,PBK_STAGE80_HISTORICAL_FIXTURE_CATALOG_V1
1552772,61,Ligue 1,France,2026,Regular Season - 5,Toulouse,Le Havre,2026-09-19T18:45:00+00:00,2026-09-19T18:45:00+00:00,NO,2026-09-15T23:28:22Z,2026-09-20T23:28:16Z,67,finished,FT,YES,2026-09-20T23:28:16Z,3,2,stage80:fixture_history_snapshots,PBK_STAGE80_HISTORICAL_FIXTURE_CATALOG_V1
1552773,61,Ligue 1,France,2026,Regular Season - 5,Marseille,Paris Saint Germain,2026-09-20T18:45:00+00:00,2026-09-20T18:45:00+00:00,NO,2026-09-15T23:28:22Z,2026-09-20T23:28:16Z,67,finished,FT,YES,2026-09-20T23:28:16Z,1,2,stage80:fixture_history_snapshots,PBK_STAGE80_HISTORICAL_FIXTURE_CATALOG_V1
1552774,61,Ligue 1,France,2026,Regular Season - 6,Stade Brestois 29,Angers,2026-10-10T18:45:00+00:00,2026-10-10T18:45:00+00:00,NO,2026-09-21T00:35:23Z,2026-09-24T23:26:50Z,107,scheduled,NS,NO,,,,stage80:fixture_history_snapshots,PBK_STAGE80_HISTORICAL_FIXTURE_CATALOG_V1
1552775,61,Ligue 1,France,2026,Regular Season - 6,Lens,Lyon,2026-10-09T18:45:00+00:00,2026-10-09T18:45:00+00:00,NO,2026-09-21T00:35:23Z,2026-09-24T23:26:50Z,107,scheduled,NS,NO,,,,stage80:fixture_history_snapshots,PBK_STAGE80_HISTORICAL_FIXTURE_CATALOG_V1
1552776,61,Ligue 1,France,2026,Regular Season - 6,Lille,Le Havre,2026-10-10T15:15:00+00:00,2026-10-10T15:15:00+00:00,NO,2026-09-21T00:35:23Z,2026-09-24T23:26:50Z,107,scheduled,NS,NO,,,,stage80:fixture_history_snapshots,PBK_STAGE80_HISTORICAL_FIXTURE_CATALOG_V1
1552777,61,Ligue 1,France,2026,Regular Season - 6,Lorient,Paris FC,2026-10-10T18:45:00+00:00,2026-10-10T18:45:00+00:00,NO,2026-09-21T00:35:23Z,2026-09-24T23:26:50Z,107,scheduled,NS,NO,,,,stage80:fixture_history_snapshots,PBK_STAGE80_HISTORICAL_FIXTURE_CATALOG_V1
1552778,61,Ligue 1,France,2026,Regular Season - 6,Monaco,Toulouse,2026-10-10T18:45:00+00:00,2026-10-10T18:45:00+00:00,NO,2026-09-21T00:35:23Z,2026-09-24T23:26:50Z,107,scheduled,NS,NO,,,,stage80:fixture_history_snapshots,PBK_STAGE80_HISTORICAL_FIXTURE_CATALOG_V1
1552779,61,Ligue 1,France,2026,Regular Season - 6,Nice,Strasbourg,2026-10-11T13:00:00+00:00,2026-10-11T13:00:00+00:00,NO,2026-09-21T00:35:23Z,2026-09-24T23:26:50Z,107,scheduled,NS,NO,,,,stage80:fixture_history_snapshots,PBK_STAGE80_HISTORICAL_FIXTURE_CATALOG_V1
1552780,61,Ligue 1,France,2026,Regular Season - 6,Paris Saint Germain,Le Mans,2026-10-10T18:45:00+00:00,2026-10-10T18:45:00+00:00,NO,2026-09-21T00:35:23Z,2026-09-24T23:26:50Z,107,scheduled,NS,NO,,,,stage80:fixture_history_snapshots,PBK_STAGE80_HISTORICAL_FIXTURE_CATALOG_V1
1552781,61,Ligue 1,France,2026,Regular Season - 6,Rennes,Auxerre,2026-10-11T15:15:00+00:00,2026-10-11T15:15:00+00:00,NO,2026-09-21T00:35:23Z,2026-09-24T23:26:50Z,107,scheduled,NS,NO,,,,stage80:fixture_history_snapshots,PBK_STAGE80_HISTORICAL_FIXTURE_CATALOG_V1
1552782,61,Ligue 1,France,2026,Regular Season - 6,Estac Troyes,Marseille,2026-10-11T18:45:00+00:00,2026-10-11T18:45:00+00:00,NO,2026-09-21T00:35:23Z,2026-09-24T23:26:50Z,107,scheduled,NS,NO,,,,stage80:fixture_history_snapshots,PBK_STAGE80_HISTORICAL_FIXTURE_CATALOG_V1
1553119,106,Ekstraklasa,Poland,2026,Regular Season - 3,GKS Katowice,Wieczysta Kraków,2026-10-12T18:30:00+00:00,2026-10-12T18:30:00+00:00,NO,2026-09-15T23:28:22Z,2026-09-15T23:28:22Z,1,scheduled,NS,NO,,,,stage80:fixture_history_snapshots,PBK_STAGE80_HISTORICAL_FIXTURE_CATALOG_V1
1553120,106,Ekstraklasa,Poland,2026,Regular Season - 3,Jagiellonia,Widzew Łódź,2026-08-09T18:15:00+00:00,2026-08-09T18:15:00+00:00,NO,2026-09-15T23:28:22Z,2026-09-15T23:28:22Z,1,finished,FT,YES,2026-09-15T23:28:22Z,0,2,stage80:fixture_history_snapshots,PBK_STAGE80_HISTORICAL_FIXTURE_CATALOG_V1
1553121,106,Ekstraklasa,Poland,2026,Regular Season - 3,Korona Kielce,Legia Warszawa,2026-08-08T18:15:00+00:00,2026-08-08T18:15:00+00:00,NO,2026-09-15T23:28:22Z,2026-09-15T23:28:22Z,1,finished,FT,YES,2026-09-15T23:28:22Z,1,1,stage80:fixture_history_snapshots,PBK_STAGE80_HISTORICAL_FIXTURE_CATALOG_V1
1553122,106,Ekstraklasa,Poland,2026,Regular Season - 3,Lech Poznan,Piast Gliwice,2026-08-09T15:30:00+00:00,2026-08-09T15:30:00+00:00,NO,2026-09-15T23:28:22Z,2026-09-15T23:28:22Z,1,finished,FT,YES,2026-09-15T23:28:22Z,3,0,stage80:fixture_history_snapshots,PBK_STAGE80_HISTORICAL_FIXTURE_CATALOG_V1
1553123,106,Ekstraklasa,Poland,2026,Regular Season - 3,Pogon Szczecin,Motor Lublin,2026-08-08T15:30:00+00:00,2026-08-08T15:30:00+00:00,NO,2026-09-15T23:28:22Z,2026-09-15T23:28:22Z,1,finished,FT,YES,2026-09-15T23:28:22Z,3,1,stage80:fixture_history_snapshots,PBK_STAGE80_HISTORICAL_FIXTURE_CATALOG_V1
1553124,106,Ekstraklasa,Poland,2026,Regular Season - 3,Radomiak Radom,Gornik Zabrze,2026-08-08T12:45:00+00:00,2026-08-08T12:45:00+00:00,NO,2026-09-15T23:28:22Z,2026-09-15T23:28:22Z,1,finished,FT,YES,2026-09-15T23:28:22Z,1,3,stage80:fixture_history_snapshots,PBK_STAGE80_HISTORICAL_FIXTURE_CATALOG_V1
1553125,106,Ekstraklasa,Poland,2026,Regular Season - 3,Raków Częstochowa,Zaglebie Lubin,2026-09-15T16:00:00+00:00,2026-09-15T16:00:00+00:00,NO,2026-09-15T23:28:22Z,2026-09-15T23:28:22Z,1,finished,FT,YES,2026-09-15T23:28:22Z,2,3,stage80:fixture_history_snapshots,PBK_STAGE80_HISTORICAL_FIXTURE_CATALOG_V1
1553126,106,Ekstraklasa,Poland,2026,Regular Season - 3,Slask Wroclaw,Cracovia Krakow,2026-08-09T12:45:00+00:00,2026-08-09T12:45:00+00:00,NO,2026-09-15T23:28:22Z,2026-09-15T23:28:22Z,1,finished,FT,YES,2026-09-15T23:28:22Z,0,0,stage80:fixture_history_snapshots,PBK_STAGE80_HISTORICAL_FIXTURE_CATALOG_V1
1553127,106,Ekstraklasa,Poland,2026,Regular Season - 3,Wisla Krakow,Wisla Plock,2026-08-07T18:30:00+00:00,2026-08-07T18:30:00+00:00,NO,2026-09-15T23:28:22Z,2026-09-15T23:28:22Z,1,finished,FT,YES,2026-09-15T23:28:22Z,2,1,stage80:fixture_history_snapshots,PBK_STAGE80_HISTORICAL_FIXTURE_CATALOG_V1
1553173,106,Ekstraklasa,Poland,2026,Regular Season - 9,GKS Katowice,Cracovia Krakow,2026-09-19T15:30:00+00:00,2026-09-19T15:30:00+00:00,NO,2026-09-16T07:31:35Z,2026-09-20T23:28:16Z,66,finished,FT,YES,2026-09-20T23:28:16Z,3,2,stage80:fixture_history_snapshots,PBK_STAGE80_HISTORICAL_FIXTURE_CATALOG_V1
1553174,106,Ekstraklasa,Poland,2026,Regular Season - 9,Jagiellonia,Legia Warszawa,2026-09-20T15:30:00+00:00,2026-09-20T15:30:00+00:00,NO,2026-09-16T07:31:35Z,2026-09-20T23:28:16Z,66,finished,FT,YES,2026-09-20T23:28:16Z,1,3,stage80:fixture_history_snapshots,PBK_STAGE80_HISTORICAL_FIXTURE_CATALOG_V1
1553175,106,Ekstraklasa,Poland,2026,Regular Season - 9,Korona Kielce,Raków Częstochowa,2026-09-19T12:45:00+00:00,2026-09-19T12:45:00+00:00,NO,2026-09-16T07:31:35Z,2026-09-20T23:28:16Z,66,finished,FT,YES,2026-09-20T23:28:16Z,3,2,stage80:fixture_history_snapshots,PBK_STAGE80_HISTORICAL_FIXTURE_CATALOG_V1
1553176,106,Ekstraklasa,Poland,2026,Regular Season - 9,Lech Poznan,Radomiak Radom,2026-09-20T18:15:00+00:00,2026-09-20T18:15:00+00:00,NO,2026-09-16T07:31:35Z,2026-09-20T23:28:16Z,66,finished,FT,YES,2026-09-20T23:28:16Z,5,1,stage80:fixture_history_snapshots,PBK_STAGE80_HISTORICAL_FIXTURE_CATALOG_V1
1553177,106,Ekstraklasa,Poland,2026,Regular Season - 9,Motor Lublin,Gornik Zabrze,2026-09-19T18:15:00+00:00,2026-09-19T18:15:00+00:00,NO,2026-09-16T07:31:35Z,2026-09-20T23:28:16Z,66,finished,FT,YES,2026-09-20T23:28:16Z,0,0,stage80:fixture_history_snapshots,PBK_STAGE80_HISTORICAL_FIXTURE_CATALOG_V1
1553178,106,Ekstraklasa,Poland,2026,Regular Season - 9,Piast Gliwice,Pogon Szczecin,2026-09-20T10:15:00+00:00,2026-09-20T10:15:00+00:00,NO,2026-09-16T07:31:35Z,2026-09-20T23:28:16Z,66,finished,FT,YES,2026-09-20T23:28:16Z,1,2,stage80:fixture_history_snapshots,PBK_STAGE80_HISTORICAL_FIXTURE_CATALOG_V1
1553179,106,Ekstraklasa,Poland,2026,Regular Season - 9,Widzew Łódź,Wieczysta Kraków,2026-09-18T16:00:00+00:00,2026-09-18T16:30:00+00:00,YES,2026-09-16T07:31:35Z,2026-09-20T23:28:16Z,66,finished,FT,YES,2026-09-20T23:28:16Z,2,2,stage80:fixture_history_snapshots,PBK_STAGE80_HISTORICAL_FIXTURE_CATALOG_V1
1553180,106,Ekstraklasa,Poland,2026,Regular Season - 9,Wisla Krakow,Slask Wroclaw,2026-09-18T18:30:00+00:00,2026-09-18T18:30:00+00:00,NO,2026-09-16T07:31:35Z,2026-09-20T23:28:16Z,66,finished,FT,YES,2026-09-20T23:28:16Z,2,1,stage80:fixture_history_snapshots,PBK_STAGE80_HISTORICAL_FIXTURE_CATALOG_V1
1553181,106,Ekstraklasa,Poland,2026,Regular Season - 9,Zaglebie Lubin,Wisla Plock,2026-09-20T12:45:00+00:00,2026-09-20T12:45:00+00:00,NO,2026-09-16T07:31:35Z,2026-09-20T23:28:16Z,66,finished,FT,YES,2026-09-20T23:28:16Z,0,2,stage80:fixture_history_snapshots,PBK_STAGE80_HISTORICAL_FIXTURE_CATALOG_V1
1553182,106,Ekstraklasa,Poland,2026,Regular Season - 10,Cracovia Krakow,Zaglebie Lubin,2026-10-10T12:45:00+00:00,2026-10-10T12:45:00+00:00,NO,2026-09-21T00:35:23Z,2026-09-24T23:26:50Z,107,scheduled,NS,NO,,,,stage80:fixture_history_snapshots,PBK_STAGE80_HISTORICAL_FIXTURE_CATALOG_V1
1553183,106,Ekstraklasa,Poland,2026,Regular Season - 10,Jagiellonia,Gornik Zabrze,2026-10-10T18:15:00+00:00,2026-10-10T18:15:00+00:00,NO,2026-09-21T00:35:23Z,2026-09-24T23:26:50Z,107,scheduled,NS,NO,,,,stage80:fixture_history_snapshots,PBK_STAGE80_HISTORICAL_FIXTURE_CATALOG_V1
1553184,106,Ekstraklasa,Poland,2026,Regular Season - 10,Legia Warszawa,Wisla Krakow,2026-10-11T18:15:00+00:00,2026-10-11T18:15:00+00:00,NO,2026-09-21T00:35:23Z,2026-09-24T23:26:50Z,107,scheduled,NS,NO,,,,stage80:fixture_history_snapshots,PBK_STAGE80_HISTORICAL_FIXTURE_CATALOG_V1
1553185,106,Ekstraklasa,Poland,2026,Regular Season - 10,Piast Gliwice,Widzew Łódź,2026-10-11T12:45:00+00:00,2026-10-11T12:45:00+00:00,NO,2026-09-21T00:35:23Z,2026-09-24T23:26:50Z,107,scheduled,NS,NO,,,,stage80:fixture_history_snapshots,PBK_STAGE80_HISTORICAL_FIXTURE_CATALOG_V1
1553186,106,Ekstraklasa,Poland,2026,Regular Season - 10,Pogon Szczecin,Korona Kielce,2026-10-11T15:30:00+00:00,2026-10-11T15:30:00+00:00,NO,2026-09-21T00:35:23Z,2026-09-24T23:26:50Z,107,scheduled,NS,NO,,,,stage80:fixture_history_snapshots,PBK_STAGE80_HISTORICAL_FIXTURE_CATALOG_V1
1553187,106,Ekstraklasa,Poland,2026,Regular Season - 10,Radomiak Radom,Motor Lublin,2026-10-12T16:00:00+00:00,2026-10-12T16:00:00+00:00,NO,2026-09-21T00:35:23Z,2026-09-24T23:26:50Z,107,scheduled,NS,NO,,,,stage80:fixture_history_snapshots,PBK_STAGE80_HISTORICAL_FIXTURE_CATALOG_V1
1553188,106,Ekstraklasa,Poland,2026,Regular Season - 10,Raków Częstochowa,GKS Katowice,2026-10-09T18:30:00+00:00,2026-10-09T18:30:00+00:00,NO,2026-09-21T00:35:23Z,2026-09-24T23:26:50Z,107,scheduled,NS,NO,,,,stage80:fixture_history_snapshots,PBK_STAGE80_HISTORICAL_FIXTURE_CATALOG_V1
1553189,106,Ekstraklasa,Poland,2026,Regular Season - 10,Slask Wroclaw,Lech Poznan,2026-10-10T15:30:00+00:00,2026-10-10T15:30:00+00:00,NO,2026-09-21T00:35:23Z,2026-09-24T23:26:50Z,107,scheduled,NS,NO,,,,stage80:fixture_history_snapshots,PBK_STAGE80_HISTORICAL_FIXTURE_CATALOG_V1
1553190,106,Ekstraklasa,Poland,2026,Regular Season - 10,Wieczysta Kraków,Wisla Plock,2026-10-09T16:00:00+00:00,2026-10-09T16:00:00+00:00,NO,2026-09-21T00:35:23Z,2026-09-24T23:26:50Z,107,scheduled,NS,NO,,,,stage80:fixture_history_snapshots,PBK_STAGE80_HISTORICAL_FIXTURE_CATALOG_V1
1556640,179,Premiership,Scotland,2026,Regular Season - 3,Dundee Utd,Dundee,2026-08-22T16:45:00+00:00,2026-08-22T16:45:00+00:00,NO,2026-09-15T23:28:22Z,2026-09-15T23:28:22Z,1,finished,FT,YES,2026-09-15T23:28:22Z,0,2,stage80:fixture_history_snapshots,PBK_STAGE80_HISTORICAL_FIXTURE_CATALOG_V1
1556641,179,Premiership,Scotland,2026,Regular Season - 3,Falkirk,Heart Of Midlothian,2026-09-15T18:45:00+00:00,2026-09-15T18:45:00+00:00,NO,2026-09-15T23:28:22Z,2026-09-15T23:28:22Z,1,finished,FT,YES,2026-09-15T23:28:22Z,2,1,stage80:fixture_history_snapshots,PBK_STAGE80_HISTORICAL_FIXTURE_CATALOG_V1
1556642,179,Premiership,Scotland,2026,Regular Season - 3,Hibernian,Kilmarnock,2026-09-15T18:45:00+00:00,2026-09-15T18:45:00+00:00,NO,2026-09-15T23:28:22Z,2026-09-15T23:28:22Z,1,finished,FT,YES,2026-09-15T23:28:22Z,0,1,stage80:fixture_history_snapshots,PBK_STAGE80_HISTORICAL_FIXTURE_CATALOG_V1
1556643,179,Premiership,Scotland,2026,Regular Season - 3,Motherwell,Aberdeen,2026-09-15T18:45:00+00:00,2026-09-15T18:45:00+00:00,NO,2026-09-15T23:28:22Z,2026-09-15T23:28:22Z,1,finished,FT,YES,2026-09-15T23:28:22Z,0,4,stage80:fixture_history_snapshots,PBK_STAGE80_HISTORICAL_FIXTURE_CATALOG_V1
1556644,179,Premiership,Scotland,2026,Regular Season - 3,Rangers,ST Mirren,2026-09-09T18:45:00+00:00,2026-09-09T18:45:00+00:00,NO,2026-09-15T23:28:22Z,2026-09-15T23:28:22Z,1,finished,FT,YES,2026-09-15T23:28:22Z,1,0,stage80:fixture_history_snapshots,PBK_STAGE80_HISTORICAL_FIXTURE_CATALOG_V1
1556645,179,Premiership,Scotland,2026,Regular Season - 3,ST Johnstone,Celtic,2026-09-09T19:00:00+00:00,2026-09-09T19:00:00+00:00,NO,2026-09-15T23:28:22Z,2026-09-15T23:28:22Z,1,finished,FT,YES,2026-09-15T23:28:22Z,0,1,stage80:fixture_history_snapshots,PBK_STAGE80_HISTORICAL_FIXTURE_CATALOG_V1
1556664,179,Premiership,Scotland,2026,Regular Season - 7,Dundee,Motherwell,2026-09-19T14:00:00+00:00,2026-09-19T14:00:00+00:00,NO,2026-09-16T07:31:35Z,2026-09-20T23:28:16Z,66,finished,FT,YES,2026-09-20T23:28:16Z,2,1,stage80:fixture_history_snapshots,PBK_STAGE80_HISTORICAL_FIXTURE_CATALOG_V1
1556665,179,Premiership,Scotland,2026,Regular Season - 7,Hibernian,Aberdeen,2026-09-19T14:00:00+00:00,2026-09-19T14:00:00+00:00,NO,2026-09-16T07:31:35Z,2026-09-20T23:28:16Z,66,finished,FT,YES,2026-09-20T23:28:16Z,1,1,stage80:fixture_history_snapshots,PBK_STAGE80_HISTORICAL_FIXTURE_CATALOG_V1
1556666,179,Premiership,Scotland,2026,Regular Season - 7,Kilmarnock,Heart Of Midlothian,2026-09-19T16:45:00+00:00,2026-09-19T16:45:00+00:00,NO,2026-09-16T07:31:35Z,2026-09-20T23:28:16Z,66,finished,FT,YES,2026-09-20T23:28:16Z,1,1,stage80:fixture_history_snapshots,PBK_STAGE80_HISTORICAL_FIXTURE_CATALOG_V1
1556667,179,Premiership,Scotland,2026,Regular Season - 7,ST Johnstone,Falkirk,2026-09-19T14:00:00+00:00,2026-09-19T14:00:00+00:00,NO,2026-09-16T07:31:35Z,2026-09-20T23:28:16Z,66,finished,FT,YES,2026-09-20T23:28:16Z,1,1,stage80:fixture_history_snapshots,PBK_STAGE80_HISTORICAL_FIXTURE_CATALOG_V1
1556668,179,Premiership,Scotland,2026,Regular Season - 7,ST Mirren,Dundee Utd,2026-09-19T14:00:00+00:00,2026-09-19T14:00:00+00:00,NO,2026-09-16T07:31:35Z,2026-09-20T23:28:16Z,66,finished,FT,YES,2026-09-20T23:28:16Z,0,3,stage80:fixture_history_snapshots,PBK_STAGE80_HISTORICAL_FIXTURE_CATALOG_V1
1556669,179,Premiership,Scotland,2026,Regular Season - 7,Celtic,Rangers,2026-09-20T11:00:00+00:00,2026-09-20T11:00:00+00:00,NO,2026-09-16T07:31:35Z,2026-09-20T23:28:16Z,66,finished,FT,YES,2026-09-20T23:28:16Z,0,1,stage80:fixture_history_snapshots,PBK_STAGE80_HISTORICAL_FIXTURE_CATALOG_V1
1556670,179,Premiership,Scotland,2026,Regular Season - 8,Aberdeen,ST Johnstone,2026-10-11T13:00:00+00:00,2026-10-11T13:00:00+00:00,NO,2026-09-21T00:35:23Z,2026-09-24T23:26:50Z,107,scheduled,NS,NO,,,,stage80:fixture_history_snapshots,PBK_STAGE80_HISTORICAL_FIXTURE_CATALOG_V1
1556671,179,Premiership,Scotland,2026,Regular Season - 8,Dundee Utd,Hibernian,2026-10-10T14:00:00+00:00,2026-10-10T14:00:00+00:00,NO,2026-09-21T00:35:23Z,2026-09-24T23:26:50Z,107,scheduled,NS,NO,,,,stage80:fixture_history_snapshots,PBK_STAGE80_HISTORICAL_FIXTURE_CATALOG_V1
1556672,179,Premiership,Scotland,2026,Regular Season - 8,Falkirk,Dundee,2026-10-10T14:00:00+00:00,2026-10-10T14:00:00+00:00,NO,2026-09-21T00:35:23Z,2026-09-24T23:26:50Z,107,scheduled,NS,NO,,,,stage80:fixture_history_snapshots,PBK_STAGE80_HISTORICAL_FIXTURE_CATALOG_V1
1556673,179,Premiership,Scotland,2026,Regular Season - 8,Heart Of Midlothian,ST Mirren,2026-10-10T14:00:00+00:00,2026-10-10T14:00:00+00:00,NO,2026-09-21T00:35:23Z,2026-09-24T23:26:50Z,107,scheduled,NS,NO,,,,stage80:fixture_history_snapshots,PBK_STAGE80_HISTORICAL_FIXTURE_CATALOG_V1
1556674,179,Premiership,Scotland,2026,Regular Season - 8,Motherwell,Celtic,2026-10-11T11:00:00+00:00,2026-10-11T11:00:00+00:00,NO,2026-09-21T00:35:23Z,2026-09-24T23:26:50Z,107,scheduled,NS,NO,,,,stage80:fixture_history_snapshots,PBK_STAGE80_HISTORICAL_FIXTURE_CATALOG_V1
1556675,179,Premiership,Scotland,2026,Regular Season - 8,Rangers,Kilmarnock,2026-10-10T14:00:00+00:00,2026-10-10T14:00:00+00:00,NO,2026-09-21T00:35:23Z,2026-09-24T23:26:50Z,107,scheduled,NS,NO,,,,stage80:fixture_history_snapshots,PBK_STAGE80_HISTORICAL_FIXTURE_CATALOG_V1
1557407,39,Premier League,England,2026,Regular Season - 5,Bournemouth,Liverpool,2026-09-20T13:00:00+00:00,2026-09-20T13:00:00+00:00,NO,2026-09-15T23:28:22Z,2026-09-21T00:35:23Z,68,finished,FT,YES,2026-09-21T00:35:23Z,0,1,stage80:fixture_history_snapshots,PBK_STAGE80_HISTORICAL_FIXTURE_CATALOG_V1
1557408,39,Premier League,England,2026,Regular Season - 5,Brentford,Chelsea,2026-09-18T19:00:00+00:00,2026-09-18T19:00:00+00:00,NO,2026-09-15T23:28:22Z,2026-09-21T00:35:23Z,68,finished,FT,YES,2026-09-21T00:35:23Z,3,0,stage80:fixture_history_snapshots,PBK_STAGE80_HISTORICAL_FIXTURE_CATALOG_V1
1557409,39,Premier League,England,2026,Regular Season - 5,Brighton,Arsenal,2026-09-19T14:00:00+00:00,2026-09-19T14:00:00+00:00,NO,2026-09-15T23:28:22Z,2026-09-21T00:35:23Z,68,finished,FT,YES,2026-09-21T00:35:23Z,3,0,stage80:fixture_history_snapshots,PBK_STAGE80_HISTORICAL_FIXTURE_CATALOG_V1
1557410,39,Premier League,England,2026,Regular Season - 5,Everton,Ipswich,2026-09-19T14:00:00+00:00,2026-09-19T14:00:00+00:00,NO,2026-09-15T23:28:22Z,2026-09-21T00:35:23Z,68,finished,FT,YES,2026-09-21T00:35:23Z,1,0,stage80:fixture_history_snapshots,PBK_STAGE80_HISTORICAL_FIXTURE_CATALOG_V1
1557411,39,Premier League,England,2026,Regular Season - 5,Fulham,Manchester United,2026-09-20T15:30:00+00:00,2026-09-20T15:30:00+00:00,NO,2026-09-15T23:28:22Z,2026-09-21T00:35:23Z,68,finished,FT,YES,2026-09-21T00:35:23Z,1,1,stage80:fixture_history_snapshots,PBK_STAGE80_HISTORICAL_FIXTURE_CATALOG_V1
1557412,39,Premier League,England,2026,Regular Season - 5,Leeds,Crystal Palace,2026-09-20T13:00:00+00:00,2026-09-20T13:00:00+00:00,NO,2026-09-15T23:28:22Z,2026-09-21T00:35:23Z,68,finished,FT,YES,2026-09-21T00:35:23Z,0,0,stage80:fixture_history_snapshots,PBK_STAGE80_HISTORICAL_FIXTURE_CATALOG_V1
1557413,39,Premier League,England,2026,Regular Season - 5,Manchester City,Sunderland,2026-09-20T13:00:00+00:00,2026-09-20T13:00:00+00:00,NO,2026-09-15T23:28:22Z,2026-09-21T00:35:23Z,68,finished,FT,YES,2026-09-21T00:35:23Z,5,3,stage80:fixture_history_snapshots,PBK_STAGE80_HISTORICAL_FIXTURE_CATALOG_V1
1557414,39,Premier League,England,2026,Regular Season - 5,Newcastle,Hull City,2026-09-19T14:00:00+00:00,2026-09-19T14:00:00+00:00,NO,2026-09-15T23:28:22Z,2026-09-21T00:35:23Z,68,finished,FT,YES,2026-09-21T00:35:23Z,2,1,stage80:fixture_history_snapshots,PBK_STAGE80_HISTORICAL_FIXTURE_CATALOG_V1
1557415,39,Premier League,England,2026,Regular Season - 5,Nottingham Forest,Coventry,2026-09-19T16:30:00+00:00,2026-09-19T16:30:00+00:00,NO,2026-09-15T23:28:22Z,2026-09-21T00:35:23Z,68,finished,FT,YES,2026-09-21T00:35:23Z,0,1,stage80:fixture_history_snapshots,PBK_STAGE80_HISTORICAL_FIXTURE_CATALOG_V1
1557416,39,Premier League,England,2026,Regular Season - 5,Tottenham,Aston Villa,2026-09-19T11:30:00+00:00,2026-09-19T11:30:00+00:00,NO,2026-09-15T23:28:22Z,2026-09-21T00:35:23Z,68,finished,FT,YES,2026-09-21T00:35:23Z,2,3,stage80:fixture_history_snapshots,PBK_STAGE80_HISTORICAL_FIXTURE_CATALOG_V1
1557417,39,Premier League,England,2026,Regular Season - 6,Arsenal,Leeds,2026-10-10T11:30:00+00:00,2026-10-10T11:30:00+00:00,NO,2026-09-21T01:28:13Z,2026-09-24T23:26:50Z,106,scheduled,NS,NO,,,,stage80:fixture_history_snapshots,PBK_STAGE80_HISTORICAL_FIXTURE_CATALOG_V1
1557418,39,Premier League,England,2026,Regular Season - 6,Aston Villa,Brentford,2026-10-10T14:00:00+00:00,2026-10-10T14:00:00+00:00,NO,2026-09-21T01:28:13Z,2026-09-24T23:26:50Z,106,scheduled,NS,NO,,,,stage80:fixture_history_snapshots,PBK_STAGE80_HISTORICAL_FIXTURE_CATALOG_V1
1557419,39,Premier League,England,2026,Regular Season - 6,Chelsea,Bournemouth,2026-10-10T14:00:00+00:00,2026-10-10T14:00:00+00:00,NO,2026-09-21T01:28:13Z,2026-09-24T23:26:50Z,106,scheduled,NS,NO,,,,stage80:fixture_history_snapshots,PBK_STAGE80_HISTORICAL_FIXTURE_CATALOG_V1
1557420,39,Premier League,England,2026,Regular Season - 6,Coventry,Newcastle,2026-10-12T19:00:00+00:00,2026-10-12T19:00:00+00:00,NO,2026-09-21T01:28:13Z,2026-09-24T23:26:50Z,106,scheduled,NS,NO,,,,stage80:fixture_history_snapshots,PBK_STAGE80_HISTORICAL_FIXTURE_CATALOG_V1
1557421,39,Premier League,England,2026,Regular Season - 6,Crystal Palace,Nottingham Forest,2026-10-11T13:00:00+00:00,2026-10-11T13:00:00+00:00,NO,2026-09-21T01:28:13Z,2026-09-24T23:26:50Z,106,scheduled,NS,NO,,,,stage80:fixture_history_snapshots,PBK_STAGE80_HISTORICAL_FIXTURE_CATALOG_V1
1557422,39,Premier League,England,2026,Regular Season - 6,Hull City,Everton,2026-10-11T13:00:00+00:00,2026-10-11T13:00:00+00:00,NO,2026-09-21T01:28:13Z,2026-09-24T23:26:50Z,106,scheduled,NS,NO,,,,stage80:fixture_history_snapshots,PBK_STAGE80_HISTORICAL_FIXTURE_CATALOG_V1
1557423,39,Premier League,England,2026,Regular Season - 6,Ipswich,Fulham,2026-10-10T14:00:00+00:00,2026-10-10T14:00:00+00:00,NO,2026-09-21T01:28:13Z,2026-09-24T23:26:50Z,106,scheduled,NS,NO,,,,stage80:fixture_history_snapshots,PBK_STAGE80_HISTORICAL_FIXTURE_CATALOG_V1
1557424,39,Premier League,England,2026,Regular Season - 6,Liverpool,Manchester City,2026-10-11T15:30:00+00:00,2026-10-11T15:30:00+00:00,NO,2026-09-21T01:28:13Z,2026-09-24T23:26:50Z,106,scheduled,NS,NO,,,,stage80:fixture_history_snapshots,PBK_STAGE80_HISTORICAL_FIXTURE_CATALOG_V1
1557425,39,Premier League,England,2026,Regular Season - 6,Manchester United,Tottenham,2026-10-10T16:30:00+00:00,2026-10-10T16:30:00+00:00,NO,2026-09-21T01:28:13Z,2026-09-24T23:26:50Z,106,scheduled,NS,NO,,,,stage80:fixture_history_snapshots,PBK_STAGE80_HISTORICAL_FIXTURE_CATALOG_V1
1557426,39,Premier League,England,2026,Regular Season - 6,Sunderland,Brighton,2026-10-10T14:00:00+00:00,2026-10-10T14:00:00+00:00,NO,2026-09-21T01:28:13Z,2026-09-24T23:26:50Z,106,scheduled,NS,NO,,,,stage80:fixture_history_snapshots,PBK_STAGE80_HISTORICAL_FIXTURE_CATALOG_V1
1558635,144,Jupiler Pro League,Belgium,2026,Regular Season - 7,Gent,Standard Liege,2026-09-18T18:45:00+00:00,2026-09-18T18:45:00+00:00,NO,2026-09-15T23:28:22Z,2026-09-20T23:28:16Z,67,finished,FT,YES,2026-09-20T23:28:16Z,2,1,stage80:fixture_history_snapshots,PBK_STAGE80_HISTORICAL_FIXTURE_CATALOG_V1
1558636,144,Jupiler Pro League,Belgium,2026,Regular Season - 7,OH Leuven,RAAL La Louvière,2026-09-19T14:00:00+00:00,2026-09-19T14:00:00+00:00,NO,2026-09-15T23:28:22Z,2026-09-20T23:28:16Z,67,finished,FT,YES,2026-09-20T23:28:16Z,2,0,stage80:fixture_history_snapshots,PBK_STAGE80_HISTORICAL_FIXTURE_CATALOG_V1
1558637,144,Jupiler Pro League,Belgium,2026,Regular Season - 7,Charleroi,Cercle Brugge,2026-09-19T16:15:00+00:00,2026-09-19T16:15:00+00:00,NO,2026-09-15T23:28:22Z,2026-09-20T23:28:16Z,67,finished,FT,YES,2026-09-20T23:28:16Z,3,2,stage80:fixture_history_snapshots,PBK_STAGE80_HISTORICAL_FIXTURE_CATALOG_V1
1558638,144,Jupiler Pro League,Belgium,2026,Regular Season - 7,Anderlecht,Zulte Waregem,2026-09-19T18:45:00+00:00,2026-09-19T18:45:00+00:00,NO,2026-09-15T23:28:22Z,2026-09-20T23:28:16Z,67,finished,FT,YES,2026-09-20T23:28:16Z,3,0,stage80:fixture_history_snapshots,PBK_STAGE80_HISTORICAL_FIXTURE_CATALOG_V1
1558639,144,Jupiler Pro League,Belgium,2026,Regular Season - 7,Lommel United,KV Mechelen,2026-09-19T18:45:00+00:00,2026-09-19T18:45:00+00:00,NO,2026-09-15T23:28:22Z,2026-09-20T23:28:16Z,67,finished,FT,YES,2026-09-20T23:28:16Z,0,0,stage80:fixture_history_snapshots,PBK_STAGE80_HISTORICAL_FIXTURE_CATALOG_V1
1558640,144,Jupiler Pro League,Belgium,2026,Regular Season - 7,Antwerp,Union St. Gilloise,2026-09-20T11:30:00+00:00,2026-09-20T11:30:00+00:00,NO,2026-09-15T23:28:22Z,2026-09-20T23:28:16Z,67,finished,FT,YES,2026-09-20T23:28:16Z,0,2,stage80:fixture_history_snapshots,PBK_STAGE80_HISTORICAL_FIXTURE_CATALOG_V1
1558641,144,Jupiler Pro League,Belgium,2026,Regular Season - 7,St. Truiden,KVC Westerlo,2026-09-20T14:00:00+00:00,2026-09-20T14:00:00+00:00,NO,2026-09-15T23:28:22Z,2026-09-20T23:28:16Z,67,finished,FT,YES,2026-09-20T23:28:16Z,0,2,stage80:fixture_history_snapshots,PBK_STAGE80_HISTORICAL_FIXTURE_CATALOG_V1
1558642,144,Jupiler Pro League,Belgium,2026,Regular Season - 7,Club Brugge KV,Genk,2026-09-20T16:30:00+00:00,2026-09-20T16:30:00+00:00,NO,2026-09-15T23:28:22Z,2026-09-20T23:28:16Z,67,finished,FT,YES,2026-09-20T23:28:16Z,3,0,stage80:fixture_history_snapshots,PBK_STAGE80_HISTORICAL_FIXTURE_CATALOG_V1
1558643,144,Jupiler Pro League,Belgium,2026,Regular Season - 7,Kortrijk,SK Beveren,2026-09-20T17:15:00+00:00,2026-09-20T17:15:00+00:00,NO,2026-09-15T23:28:22Z,2026-09-20T23:28:16Z,67,finished,FT,YES,2026-09-20T23:28:16Z,1,0,stage80:fixture_history_snapshots,PBK_STAGE80_HISTORICAL_FIXTURE_CATALOG_V1
1558644,144,Jupiler Pro League,Belgium,2026,Regular Season - 8,SK Beveren,Lommel United,2026-10-09T18:45:00+00:00,2026-10-09T18:45:00+00:00,NO,2026-09-21T00:35:23Z,2026-09-24T23:26:50Z,107,scheduled,NS,NO,,,,stage80:fixture_history_snapshots,PBK_STAGE80_HISTORICAL_FIXTURE_CATALOG_V1
1558645,144,Jupiler Pro League,Belgium,2026,Regular Season - 8,Cercle Brugge,Anderlecht,2026-10-10T14:00:00+00:00,2026-10-10T14:00:00+00:00,NO,2026-09-21T00:35:23Z,2026-09-24T23:26:50Z,107,scheduled,NS,NO,,,,stage80:fixture_history_snapshots,PBK_STAGE80_HISTORICAL_FIXTURE_CATALOG_V1
1558646,144,Jupiler Pro League,Belgium,2026,Regular Season - 8,Genk,Kortrijk,2026-10-10T18:45:00+00:00,2026-10-10T18:45:00+00:00,NO,2026-09-21T00:35:23Z,2026-09-24T23:26:50Z,107,scheduled,NS,NO,,,,stage80:fixture_history_snapshots,PBK_STAGE80_HISTORICAL_FIXTURE_CATALOG_V1
1558647,144,Jupiler Pro League,Belgium,2026,Regular Season - 8,KV Mechelen,St. Truiden,2026-10-11T17:15:00+00:00,2026-10-11T17:15:00+00:00,NO,2026-09-21T00:35:23Z,2026-09-24T23:26:50Z,107,scheduled,NS,NO,,,,stage80:fixture_history_snapshots,PBK_STAGE80_HISTORICAL_FIXTURE_CATALOG_V1
1558648,144,Jupiler Pro League,Belgium,2026,Regular Season - 8,RAAL La Louvière,Club Brugge KV,2026-10-10T16:15:00+00:00,2026-10-10T16:15:00+00:00,NO,2026-09-21T00:35:23Z,2026-09-24T23:26:50Z,107,scheduled,NS,NO,,,,stage80:fixture_history_snapshots,PBK_STAGE80_HISTORICAL_FIXTURE_CATALOG_V1
1558649,144,Jupiler Pro League,Belgium,2026,Regular Season - 8,Union St. Gilloise,OH Leuven,2026-10-11T14:00:00+00:00,2026-10-11T14:00:00+00:00,NO,2026-09-21T00:35:23Z,2026-09-24T23:26:50Z,107,scheduled,NS,NO,,,,stage80:fixture_history_snapshots,PBK_STAGE80_HISTORICAL_FIXTURE_CATALOG_V1
1558650,144,Jupiler Pro League,Belgium,2026,Regular Season - 8,Standard Liege,Charleroi,2026-10-11T11:30:00+00:00,2026-10-11T11:30:00+00:00,NO,2026-09-21T00:35:23Z,2026-09-24T23:26:50Z,107,scheduled,NS,NO,,,,stage80:fixture_history_snapshots,PBK_STAGE80_HISTORICAL_FIXTURE_CATALOG_V1
1558651,144,Jupiler Pro League,Belgium,2026,Regular Season - 8,Zulte Waregem,Gent,2026-10-10T18:45:00+00:00,2026-10-10T18:45:00+00:00,NO,2026-09-21T00:35:23Z,2026-09-24T23:26:50Z,107,scheduled,NS,NO,,,,stage80:fixture_history_snapshots,PBK_STAGE80_HISTORICAL_FIXTURE_CATALOG_V1
1558652,144,Jupiler Pro League,Belgium,2026,Regular Season - 8,KVC Westerlo,Antwerp,2026-10-11T16:30:00+00:00,2026-10-11T16:30:00+00:00,NO,2026-09-21T00:35:23Z,2026-09-24T23:26:50Z,107,scheduled,NS,NO,,,,stage80:fixture_history_snapshots,PBK_STAGE80_HISTORICAL_FIXTURE_CATALOG_V1
1561930,218,Bundesliga,Austria,2026,Regular Season - 7,Austria Lustenau,SCR Altach,2026-09-19T15:00:00+00:00,2026-09-19T15:00:00+00:00,NO,2026-09-15T23:28:22Z,2026-09-21T02:28:49Z,70,finished,FT,YES,2026-09-21T02:28:49Z,2,0,stage80:fixture_history_snapshots,PBK_STAGE80_HISTORICAL_FIXTURE_CATALOG_V1
1561931,218,Bundesliga,Austria,2026,Regular Season - 7,Grazer AK,Austria Vienna,2026-09-19T17:30:00+00:00,2026-09-19T17:30:00+00:00,NO,2026-09-15T23:28:22Z,2026-09-21T02:28:49Z,70,finished,FT,YES,2026-09-21T02:28:49Z,2,2,stage80:fixture_history_snapshots,PBK_STAGE80_HISTORICAL_FIXTURE_CATALOG_V1
1561932,218,Bundesliga,Austria,2026,Regular Season - 7,TSV Hartberg,Lask Linz,2026-09-20T12:30:00+00:00,2026-09-20T12:30:00+00:00,NO,2026-09-15T23:28:22Z,2026-09-21T02:28:49Z,70,finished,FT,YES,2026-09-21T02:28:49Z,3,3,stage80:fixture_history_snapshots,PBK_STAGE80_HISTORICAL_FIXTURE_CATALOG_V1
1561933,218,Bundesliga,Austria,2026,Regular Season - 7,Ried,Wolfsberger AC,2026-09-20T12:30:00+00:00,2026-09-20T12:30:00+00:00,NO,2026-09-15T23:28:22Z,2026-09-21T02:28:49Z,70,finished,FT,YES,2026-09-21T02:28:49Z,4,1,stage80:fixture_history_snapshots,PBK_STAGE80_HISTORICAL_FIXTURE_CATALOG_V1
1561934,218,Bundesliga,Austria,2026,Regular Season - 7,Red Bull Salzburg,Sturm Graz,2026-09-20T15:00:00+00:00,2026-09-20T15:00:00+00:00,NO,2026-09-15T23:28:22Z,2026-09-21T02:28:49Z,70,finished,FT,YES,2026-09-21T02:28:49Z,3,0,stage80:fixture_history_snapshots,PBK_STAGE80_HISTORICAL_FIXTURE_CATALOG_V1
1561935,218,Bundesliga,Austria,2026,Regular Season - 7,Rapid Vienna,WSG Wattens,2026-09-18T17:30:00+00:00,2026-09-18T17:30:00+00:00,NO,2026-09-15T23:28:22Z,2026-09-21T02:28:49Z,70,finished,FT,YES,2026-09-21T02:28:49Z,3,0,stage80:fixture_history_snapshots,PBK_STAGE80_HISTORICAL_FIXTURE_CATALOG_V1
1561936,218,Bundesliga,Austria,2026,Regular Season - 8,SCR Altach,Wolfsberger AC,2026-10-11T12:30:00+00:00,2026-10-11T12:30:00+00:00,NO,2026-09-21T03:29:28Z,2026-09-24T23:26:50Z,104,scheduled,NS,NO,,,,stage80:fixture_history_snapshots,PBK_STAGE80_HISTORICAL_FIXTURE_CATALOG_V1
1561937,218,Bundesliga,Austria,2026,Regular Season - 8,Austria Vienna,Sturm Graz,2026-10-10T17:30:00+00:00,2026-10-10T17:30:00+00:00,NO,2026-09-21T03:29:28Z,2026-09-24T23:26:50Z,104,scheduled,NS,NO,,,,stage80:fixture_history_snapshots,PBK_STAGE80_HISTORICAL_FIXTURE_CATALOG_V1
1561938,218,Bundesliga,Austria,2026,Regular Season - 8,Grazer AK,Red Bull Salzburg,2026-10-10T15:00:00+00:00,2026-10-10T15:00:00+00:00,NO,2026-09-21T03:29:28Z,2026-09-24T23:26:50Z,104,scheduled,NS,NO,,,,stage80:fixture_history_snapshots,PBK_STAGE80_HISTORICAL_FIXTURE_CATALOG_V1
1561939,218,Bundesliga,Austria,2026,Regular Season - 8,TSV Hartberg,Austria Lustenau,2026-10-11T12:30:00+00:00,2026-10-11T12:30:00+00:00,NO,2026-09-21T03:29:28Z,2026-09-24T23:26:50Z,104,scheduled,NS,NO,,,,stage80:fixture_history_snapshots,PBK_STAGE80_HISTORICAL_FIXTURE_CATALOG_V1
1561940,218,Bundesliga,Austria,2026,Regular Season - 8,Lask Linz,Rapid Vienna,2026-10-11T15:00:00+00:00,2026-10-11T15:00:00+00:00,NO,2026-09-21T03:29:28Z,2026-09-24T23:26:50Z,104,scheduled,NS,NO,,,,stage80:fixture_history_snapshots,PBK_STAGE80_HISTORICAL_FIXTURE_CATALOG_V1
1561941,218,Bundesliga,Austria,2026,Regular Season - 8,WSG Wattens,Ried,2026-10-10T15:00:00+00:00,2026-10-10T15:00:00+00:00,NO,2026-09-21T03:29:28Z,2026-09-24T23:26:50Z,104,scheduled,NS,NO,,,,stage80:fixture_history_snapshots,PBK_STAGE80_HISTORICAL_FIXTURE_CATALOG_V1
1570383,140,La Liga,Spain,2026,Regular Season - 6,Alaves,Valencia,2026-09-15T18:00:00+00:00,2026-09-15T18:00:00+00:00,NO,2026-09-15T23:28:22Z,2026-09-17T15:30:11Z,5,finished,FT,YES,2026-09-17T15:30:11Z,0,1,stage80:fixture_history_snapshots,PBK_STAGE80_HISTORICAL_FIXTURE_CATALOG_V1
1570384,140,La Liga,Spain,2026,Regular Season - 6,Atletico Madrid,Osasuna,2026-09-16T17:00:00+00:00,2026-09-16T17:00:00+00:00,NO,2026-09-15T23:28:22Z,2026-09-17T15:30:11Z,5,finished,FT,YES,2026-09-17T15:30:11Z,4,0,stage80:fixture_history_snapshots,PBK_STAGE80_HISTORICAL_FIXTURE_CATALOG_V1
1570385,140,La Liga,Spain,2026,Regular Season - 6,Barcelona,Racing Santander,2026-09-16T19:30:00+00:00,2026-09-16T19:30:00+00:00,NO,2026-09-15T23:28:22Z,2026-09-17T15:30:11Z,5,finished,FT,YES,2026-09-17T15:30:11Z,7,2,stage80:fixture_history_snapshots,PBK_STAGE80_HISTORICAL_FIXTURE_CATALOG_V1
1570386,140,La Liga,Spain,2026,Regular Season - 6,Real Betis,Getafe,2026-09-17T17:00:00+00:00,2026-09-17T17:00:00+00:00,NO,2026-09-15T23:28:22Z,2026-09-17T15:30:11Z,5,scheduled,NS,NO,,,,stage80:fixture_history_snapshots,PBK_STAGE80_HISTORICAL_FIXTURE_CATALOG_V1
1570387,140,La Liga,Spain,2026,Regular Season - 6,Deportivo La Coruna,Sevilla,2026-09-16T17:00:00+00:00,2026-09-16T17:00:00+00:00,NO,2026-09-15T23:28:22Z,2026-09-17T15:30:11Z,5,finished,FT,YES,2026-09-17T15:30:11Z,0,1,stage80:fixture_history_snapshots,PBK_STAGE80_HISTORICAL_FIXTURE_CATALOG_V1
1570388,140,La Liga,Spain,2026,Regular Season - 6,Elche,Real Madrid,2026-09-15T19:30:00+00:00,2026-09-15T19:30:00+00:00,NO,2026-09-15T23:28:22Z,2026-09-17T15:30:11Z,5,finished,FT,YES,2026-09-17T15:30:11Z,2,3,stage80:fixture_history_snapshots,PBK_STAGE80_HISTORICAL_FIXTURE_CATALOG_V1
1570389,140,La Liga,Spain,2026,Regular Season - 6,Levante,Athletic Club,2026-09-16T19:30:00+00:00,2026-09-16T19:30:00+00:00,NO,2026-09-15T23:28:22Z,2026-09-17T15:30:11Z,5,postponed,PST,NO,,,,stage80:fixture_history_snapshots,PBK_STAGE80_HISTORICAL_FIXTURE_CATALOG_V1
1570390,140,La Liga,Spain,2026,Regular Season - 6,Malaga,Villarreal,2026-09-17T19:30:00+00:00,2026-09-17T19:30:00+00:00,NO,2026-09-15T23:28:22Z,2026-09-17T15:30:11Z,5,scheduled,NS,NO,,,,stage80:fixture_history_snapshots,PBK_STAGE80_HISTORICAL_FIXTURE_CATALOG_V1
1570391,140,La Liga,Spain,2026,Regular Season - 6,Rayo Vallecano,Espanyol,2026-09-15T17:00:00+00:00,2026-09-15T17:00:00+00:00,NO,2026-09-15T23:28:22Z,2026-09-17T15:30:11Z,5,finished,FT,YES,2026-09-17T15:30:11Z,2,1,stage80:fixture_history_snapshots,PBK_STAGE80_HISTORICAL_FIXTURE_CATALOG_V1
1570392,140,La Liga,Spain,2026,Regular Season - 6,Real Sociedad,Celta Vigo,2026-09-03T19:00:00+00:00,2026-09-03T19:00:00+00:00,NO,2026-09-15T23:28:22Z,2026-09-17T15:30:11Z,5,finished,FT,YES,2026-09-17T15:30:11Z,0,0,stage80:fixture_history_snapshots,PBK_STAGE80_HISTORICAL_FIXTURE_CATALOG_V1
1570393,140,La Liga,Spain,2026,Regular Season - 7,Athletic Club,Alaves,2026-09-19T14:15:00+00:00,2026-09-19T14:15:00+00:00,NO,2026-09-18T07:29:58Z,2026-09-21T01:28:13Z,63,finished,FT,YES,2026-09-21T01:28:13Z,0,0,stage80:fixture_history_snapshots,PBK_STAGE80_HISTORICAL_FIXTURE_CATALOG_V1
1570394,140,La Liga,Spain,2026,Regular Season - 7,Atletico Madrid,Real Madrid,2026-09-20T14:15:00+00:00,2026-09-20T14:15:00+00:00,NO,2026-09-18T07:29:58Z,2026-09-21T01:28:13Z,63,finished,FT,YES,2026-09-21T01:28:13Z,2,1,stage80:fixture_history_snapshots,PBK_STAGE80_HISTORICAL_FIXTURE_CATALOG_V1
1570395,140,La Liga,Spain,2026,Regular Season - 7,Celta Vigo,Racing Santander,2026-09-19T16:30:00+00:00,2026-09-19T16:30:00+00:00,NO,2026-09-18T07:29:58Z,2026-09-21T01:28:13Z,63,finished,FT,YES,2026-09-21T01:28:13Z,5,0,stage80:fixture_history_snapshots,PBK_STAGE80_HISTORICAL_FIXTURE_CATALOG_V1
1570396,140,La Liga,Spain,2026,Regular Season - 7,Deportivo La Coruna,Real Betis,2026-09-20T16:30:00+00:00,2026-09-20T16:30:00+00:00,NO,2026-09-18T07:29:58Z,2026-09-21T01:28:13Z,63,finished,FT,YES,2026-09-21T01:28:13Z,1,1,stage80:fixture_history_snapshots,PBK_STAGE80_HISTORICAL_FIXTURE_CATALOG_V1
1570397,140,La Liga,Spain,2026,Regular Season - 7,Espanyol,Elche,2026-09-18T19:00:00+00:00,2026-09-18T19:00:00+00:00,NO,2026-09-18T07:29:58Z,2026-09-21T01:28:13Z,63,finished,FT,YES,2026-09-21T01:28:13Z,1,3,stage80:fixture_history_snapshots,PBK_STAGE80_HISTORICAL_FIXTURE_CATALOG_V1
1570398,140,La Liga,Spain,2026,Regular Season - 7,Getafe,Malaga,2026-09-20T12:00:00+00:00,2026-09-20T12:00:00+00:00,NO,2026-09-18T07:29:58Z,2026-09-21T01:28:13Z,63,finished,FT,YES,2026-09-21T01:28:13Z,1,0,stage80:fixture_history_snapshots,PBK_STAGE80_HISTORICAL_FIXTURE_CATALOG_V1
1570399,140,La Liga,Spain,2026,Regular Season - 7,Osasuna,Rayo Vallecano,2026-09-19T12:00:00+00:00,2026-09-19T12:00:00+00:00,NO,2026-09-18T07:29:58Z,2026-09-21T01:28:13Z,63,finished,FT,YES,2026-09-21T01:28:13Z,1,1,stage80:fixture_history_snapshots,PBK_STAGE80_HISTORICAL_FIXTURE_CATALOG_V1
1570400,140,La Liga,Spain,2026,Regular Season - 7,Sevilla,Barcelona,2026-09-19T19:00:00+00:00,2026-09-19T19:00:00+00:00,NO,2026-09-18T07:29:58Z,2026-09-21T01:28:13Z,63,finished,FT,YES,2026-09-21T01:28:13Z,1,3,stage80:fixture_history_snapshots,PBK_STAGE80_HISTORICAL_FIXTURE_CATALOG_V1
1570401,140,La Liga,Spain,2026,Regular Season - 7,Valencia,Real Sociedad,2026-09-20T19:00:00+00:00,2026-09-20T19:00:00+00:00,NO,2026-09-18T07:29:58Z,2026-09-21T01:28:13Z,63,finished,FT,YES,2026-09-21T01:28:13Z,2,3,stage80:fixture_history_snapshots,PBK_STAGE80_HISTORICAL_FIXTURE_CATALOG_V1
1570402,140,La Liga,Spain,2026,Regular Season - 7,Villarreal,Levante,2026-09-20T16:30:00+00:00,2026-09-20T16:30:00+00:00,NO,2026-09-18T07:29:58Z,2026-09-21T01:28:13Z,63,finished,FT,YES,2026-09-21T01:28:13Z,3,1,stage80:fixture_history_snapshots,PBK_STAGE80_HISTORICAL_FIXTURE_CATALOG_V1
1570403,140,La Liga,Spain,2026,Regular Season - 8,Alaves,Atletico Madrid,2026-10-10T14:15:00+00:00,2026-10-10T14:15:00+00:00,NO,2026-09-21T02:28:49Z,2026-09-24T23:26:50Z,105,scheduled,NS,NO,,,,stage80:fixture_history_snapshots,PBK_STAGE80_HISTORICAL_FIXTURE_CATALOG_V1
1570404,140,La Liga,Spain,2026,Regular Season - 8,Barcelona,Getafe,2026-10-10T16:30:00+00:00,2026-10-10T16:30:00+00:00,NO,2026-09-21T02:28:49Z,2026-09-24T23:26:50Z,105,scheduled,NS,NO,,,,stage80:fixture_history_snapshots,PBK_STAGE80_HISTORICAL_FIXTURE_CATALOG_V1
1570405,140,La Liga,Spain,2026,Regular Season - 8,Real Betis,Osasuna,2026-10-11T16:30:00+00:00,2026-10-11T16:30:00+00:00,NO,2026-09-21T02:28:49Z,2026-09-24T23:26:50Z,105,scheduled,NS,NO,,,,stage80:fixture_history_snapshots,PBK_STAGE80_HISTORICAL_FIXTURE_CATALOG_V1
1570406,140,La Liga,Spain,2026,Regular Season - 8,Elche,Celta Vigo,2026-10-11T12:00:00+00:00,2026-10-11T12:00:00+00:00,NO,2026-09-21T02:28:49Z,2026-09-24T23:26:50Z,105,scheduled,NS,NO,,,,stage80:fixture_history_snapshots,PBK_STAGE80_HISTORICAL_FIXTURE_CATALOG_V1
1570407,140,La Liga,Spain,2026,Regular Season - 8,Levante,Sevilla,2026-10-12T19:00:00+00:00,2026-10-12T19:00:00+00:00,NO,2026-09-21T02:28:49Z,2026-09-24T23:26:50Z,105,scheduled,NS,NO,,,,stage80:fixture_history_snapshots,PBK_STAGE80_HISTORICAL_FIXTURE_CATALOG_V1
1570408,140,La Liga,Spain,2026,Regular Season - 8,Malaga,Espanyol,2026-10-09T19:00:00+00:00,2026-10-09T19:00:00+00:00,NO,2026-09-21T02:28:49Z,2026-09-24T23:26:50Z,105,scheduled,NS,NO,,,,stage80:fixture_history_snapshots,PBK_STAGE80_HISTORICAL_FIXTURE_CATALOG_V1
1570409,140,La Liga,Spain,2026,Regular Season - 8,Racing Santander,Valencia,2026-10-11T19:00:00+00:00,2026-10-11T19:00:00+00:00,NO,2026-09-21T02:28:49Z,2026-09-24T23:26:50Z,105,scheduled,NS,NO,,,,stage80:fixture_history_snapshots,PBK_STAGE80_HISTORICAL_FIXTURE_CATALOG_V1
1570410,140,La Liga,Spain,2026,Regular Season - 8,Rayo Vallecano,Athletic Club,2026-10-10T12:00:00+00:00,2026-10-10T12:00:00+00:00,NO,2026-09-21T02:28:49Z,2026-09-24T23:26:50Z,105,scheduled,NS,NO,,,,stage80:fixture_history_snapshots,PBK_STAGE80_HISTORICAL_FIXTURE_CATALOG_V1
1570411,140,La Liga,Spain,2026,Regular Season - 8,Real Madrid,Villarreal,2026-10-10T19:00:00+00:00,2026-10-10T19:00:00+00:00,NO,2026-09-21T02:28:49Z,2026-09-24T23:26:50Z,105,scheduled,NS,NO,,,,stage80:fixture_history_snapshots,PBK_STAGE80_HISTORICAL_FIXTURE_CATALOG_V1
1570412,140,La Liga,Spain,2026,Regular Season - 8,Real Sociedad,Deportivo La Coruna,2026-10-11T14:15:00+00:00,2026-10-11T14:15:00+00:00,NO,2026-09-21T02:28:49Z,2026-09-24T23:26:50Z,105,scheduled,NS,NO,,,,stage80:fixture_history_snapshots,PBK_STAGE80_HISTORICAL_FIXTURE_CATALOG_V1
1575167,78,Bundesliga,Germany,2026,Regular Season - 4,Bayern München,Union Berlin,2026-09-18T18:30:00+00:00,2026-09-18T18:30:00+00:00,NO,2026-09-15T23:28:22Z,2026-09-21T01:28:13Z,69,finished,FT,YES,2026-09-21T01:28:13Z,7,0,stage80:fixture_history_snapshots,PBK_STAGE80_HISTORICAL_FIXTURE_CATALOG_V1
1575168,78,Bundesliga,Germany,2026,Regular Season - 4,VfB Stuttgart,Borussia Dortmund,2026-09-19T16:30:00+00:00,2026-09-19T16:30:00+00:00,NO,2026-09-15T23:28:22Z,2026-09-21T01:28:13Z,69,finished,FT,YES,2026-09-21T01:28:13Z,0,1,stage80:fixture_history_snapshots,PBK_STAGE80_HISTORICAL_FIXTURE_CATALOG_V1
1575169,78,Bundesliga,Germany,2026,Regular Season - 4,Bayer Leverkusen,RB Leipzig,2026-09-20T13:30:00+00:00,2026-09-20T13:30:00+00:00,NO,2026-09-15T23:28:22Z,2026-09-21T01:28:13Z,69,finished,FT,YES,2026-09-21T01:28:13Z,2,0,stage80:fixture_history_snapshots,PBK_STAGE80_HISTORICAL_FIXTURE_CATALOG_V1
1575170,78,Bundesliga,Germany,2026,Regular Season - 4,Eintracht Frankfurt,SC Freiburg,2026-09-19T13:30:00+00:00,2026-09-19T13:30:00+00:00,NO,2026-09-15T23:28:22Z,2026-09-21T01:28:13Z,69,finished,FT,YES,2026-09-21T01:28:13Z,2,2,stage80:fixture_history_snapshots,PBK_STAGE80_HISTORICAL_FIXTURE_CATALOG_V1
1575171,78,Bundesliga,Germany,2026,Regular Season - 4,Hamburger SV,1. FC Köln,2026-09-19T13:30:00+00:00,2026-09-19T13:30:00+00:00,NO,2026-09-15T23:28:22Z,2026-09-21T01:28:13Z,69,finished,FT,YES,2026-09-21T01:28:13Z,2,1,stage80:fixture_history_snapshots,PBK_STAGE80_HISTORICAL_FIXTURE_CATALOG_V1
1575172,78,Bundesliga,Germany,2026,Regular Season - 4,Werder Bremen,FC Augsburg,2026-09-19T13:30:00+00:00,2026-09-19T13:30:00+00:00,NO,2026-09-15T23:28:22Z,2026-09-21T01:28:13Z,69,finished,FT,YES,2026-09-21T01:28:13Z,3,2,stage80:fixture_history_snapshots,PBK_STAGE80_HISTORICAL_FIXTURE_CATALOG_V1
1575173,78,Bundesliga,Germany,2026,Regular Season - 4,FC Schalke 04,SV Elversberg,2026-09-20T15:30:00+00:00,2026-09-20T15:30:00+00:00,NO,2026-09-15T23:28:22Z,2026-09-21T01:28:13Z,69,finished,FT,YES,2026-09-21T01:28:13Z,0,0,stage80:fixture_history_snapshots,PBK_STAGE80_HISTORICAL_FIXTURE_CATALOG_V1
1575174,78,Bundesliga,Germany,2026,Regular Season - 4,Borussia Mönchengladbach,FSV Mainz 05,2026-09-19T13:30:00+00:00,2026-09-19T13:30:00+00:00,NO,2026-09-15T23:28:22Z,2026-09-21T01:28:13Z,69,finished,FT,YES,2026-09-21T01:28:13Z,3,4,stage80:fixture_history_snapshots,PBK_STAGE80_HISTORICAL_FIXTURE_CATALOG_V1
1575175,78,Bundesliga,Germany,2026,Regular Season - 4,SC Paderborn 07,1899 Hoffenheim,2026-09-20T17:30:00+00:00,2026-09-20T17:30:00+00:00,NO,2026-09-15T23:28:22Z,2026-09-21T01:28:13Z,69,finished,FT,YES,2026-09-21T01:28:13Z,3,1,stage80:fixture_history_snapshots,PBK_STAGE80_HISTORICAL_FIXTURE_CATALOG_V1
1575176,78,Bundesliga,Germany,2026,Regular Season - 5,Borussia Dortmund,Werder Bremen,2026-10-09T18:30:00+00:00,2026-10-09T18:30:00+00:00,NO,2026-09-21T02:28:49Z,2026-09-24T23:26:50Z,105,scheduled,NS,NO,,,,stage80:fixture_history_snapshots,PBK_STAGE80_HISTORICAL_FIXTURE_CATALOG_V1
1575177,78,Bundesliga,Germany,2026,Regular Season - 5,RB Leipzig,Eintracht Frankfurt,2026-10-10T16:30:00+00:00,2026-10-10T16:30:00+00:00,NO,2026-09-21T02:28:49Z,2026-09-24T23:26:50Z,105,scheduled,NS,NO,,,,stage80:fixture_history_snapshots,PBK_STAGE80_HISTORICAL_FIXTURE_CATALOG_V1
1575178,78,Bundesliga,Germany,2026,Regular Season - 5,1899 Hoffenheim,Hamburger SV,2026-10-10T13:30:00+00:00,2026-10-10T13:30:00+00:00,NO,2026-09-21T02:28:49Z,2026-09-24T23:26:50Z,105,scheduled,NS,NO,,,,stage80:fixture_history_snapshots,PBK_STAGE80_HISTORICAL_FIXTURE_CATALOG_V1
1575179,78,Bundesliga,Germany,2026,Regular Season - 5,SC Freiburg,FC Schalke 04,2026-10-11T15:30:00+00:00,2026-10-11T15:30:00+00:00,NO,2026-09-21T02:28:49Z,2026-09-24T23:26:50Z,105,scheduled,NS,NO,,,,stage80:fixture_history_snapshots,PBK_STAGE80_HISTORICAL_FIXTURE_CATALOG_V1
1575180,78,Bundesliga,Germany,2026,Regular Season - 5,FC Augsburg,Bayern München,2026-10-10T13:30:00+00:00,2026-10-10T13:30:00+00:00,NO,2026-09-21T02:28:49Z,2026-09-24T23:26:50Z,105,scheduled,NS,NO,,,,stage80:fixture_history_snapshots,PBK_STAGE80_HISTORICAL_FIXTURE_CATALOG_V1
1575181,78,Bundesliga,Germany,2026,Regular Season - 5,FSV Mainz 05,Bayer Leverkusen,2026-10-10T13:30:00+00:00,2026-10-10T13:30:00+00:00,NO,2026-09-21T02:28:49Z,2026-09-24T23:26:50Z,105,scheduled,NS,NO,,,,stage80:fixture_history_snapshots,PBK_STAGE80_HISTORICAL_FIXTURE_CATALOG_V1
1575182,78,Bundesliga,Germany,2026,Regular Season - 5,Union Berlin,SV Elversberg,2026-10-10T13:30:00+00:00,2026-10-10T13:30:00+00:00,NO,2026-09-21T02:28:49Z,2026-09-24T23:26:50Z,105,scheduled,NS,NO,,,,stage80:fixture_history_snapshots,PBK_STAGE80_HISTORICAL_FIXTURE_CATALOG_V1
1575183,78,Bundesliga,Germany,2026,Regular Season - 5,1. FC Köln,Borussia Mönchengladbach,2026-10-11T13:30:00+00:00,2026-10-11T13:30:00+00:00,NO,2026-09-21T02:28:49Z,2026-09-24T23:26:50Z,105,scheduled,NS,NO,,,,stage80:fixture_history_snapshots,PBK_STAGE80_HISTORICAL_FIXTURE_CATALOG_V1
1575184,78,Bundesliga,Germany,2026,Regular Season - 5,SC Paderborn 07,VfB Stuttgart,2026-10-10T13:30:00+00:00,2026-10-10T13:30:00+00:00,NO,2026-09-21T02:28:49Z,2026-09-24T23:26:50Z,105,scheduled,NS,NO,,,,stage80:fixture_history_snapshots,PBK_STAGE80_HISTORICAL_FIXTURE_CATALOG_V1
1575500,94,Primeira Liga,Portugal,2026,Regular Season - 7,Alverca,Rio Ave,2026-09-19T17:00:00+00:00,2026-09-19T17:00:00+00:00,NO,2026-09-15T23:28:22Z,2026-09-20T23:28:16Z,67,finished,FT,YES,2026-09-20T23:28:16Z,1,0,stage80:fixture_history_snapshots,PBK_STAGE80_HISTORICAL_FIXTURE_CATALOG_V1
1575501,94,Primeira Liga,Portugal,2026,Regular Season - 7,Estoril,Casa Pia,2026-09-20T17:00:00+00:00,2026-09-20T17:00:00+00:00,NO,2026-09-15T23:28:22Z,2026-09-20T23:28:16Z,67,finished,FT,YES,2026-09-20T23:28:16Z,1,2,stage80:fixture_history_snapshots,PBK_STAGE80_HISTORICAL_FIXTURE_CATALOG_V1
1575502,94,Primeira Liga,Portugal,2026,Regular Season - 7,Estrela,Academico Viseu,2026-09-20T14:30:00+00:00,2026-09-20T14:30:00+00:00,NO,2026-09-15T23:28:22Z,2026-09-20T23:28:16Z,67,finished,FT,YES,2026-09-20T23:28:16Z,0,2,stage80:fixture_history_snapshots,PBK_STAGE80_HISTORICAL_FIXTURE_CATALOG_V1
1575503,94,Primeira Liga,Portugal,2026,Regular Season - 7,FC Porto,Benfica,2026-09-20T19:30:00+00:00,2026-09-20T19:30:00+00:00,NO,2026-09-15T23:28:22Z,2026-09-20T23:28:16Z,67,finished,FT,YES,2026-09-20T23:28:16Z,3,1,stage80:fixture_history_snapshots,PBK_STAGE80_HISTORICAL_FIXTURE_CATALOG_V1
1575504,94,Primeira Liga,Portugal,2026,Regular Season - 7,GIL Vicente,Maritimo,2026-09-19T14:30:00+00:00,2026-09-19T14:30:00+00:00,NO,2026-09-15T23:28:22Z,2026-09-20T23:28:16Z,67,finished,FT,YES,2026-09-20T23:28:16Z,1,1,stage80:fixture_history_snapshots,PBK_STAGE80_HISTORICAL_FIXTURE_CATALOG_V1
1575505,94,Primeira Liga,Portugal,2026,Regular Season - 7,Nacional,Famalicao,2026-09-19T14:30:00+00:00,2026-09-19T14:30:00+00:00,NO,2026-09-15T23:28:22Z,2026-09-20T23:28:16Z,67,finished,FT,YES,2026-09-20T23:28:16Z,0,4,stage80:fixture_history_snapshots,PBK_STAGE80_HISTORICAL_FIXTURE_CATALOG_V1
1575506,94,Primeira Liga,Portugal,2026,Regular Season - 7,Santa Clara,SC Braga,2026-09-20T17:00:00+00:00,2026-09-20T17:00:00+00:00,NO,2026-09-15T23:28:22Z,2026-09-20T23:28:16Z,67,finished,FT,YES,2026-09-20T23:28:16Z,0,0,stage80:fixture_history_snapshots,PBK_STAGE80_HISTORICAL_FIXTURE_CATALOG_V1
1575507,94,Primeira Liga,Portugal,2026,Regular Season - 7,Sporting CP,Arouca,2026-09-19T19:30:00+00:00,2026-09-19T19:30:00+00:00,NO,2026-09-15T23:28:22Z,2026-09-20T23:28:16Z,67,finished,FT,YES,2026-09-20T23:28:16Z,2,2,stage80:fixture_history_snapshots,PBK_STAGE80_HISTORICAL_FIXTURE_CATALOG_V1
1575508,94,Primeira Liga,Portugal,2026,Regular Season - 7,Vitória SC,Moreirense,2026-09-20T14:30:00+00:00,2026-09-20T14:30:00+00:00,NO,2026-09-15T23:28:22Z,2026-09-20T23:28:16Z,67,finished,FT,YES,2026-09-20T23:28:16Z,1,1,stage80:fixture_history_snapshots,PBK_STAGE80_HISTORICAL_FIXTURE_CATALOG_V1
1575509,94,Primeira Liga,Portugal,2026,Regular Season - 8,Academico Viseu,Estoril,2026-10-10T19:30:00+00:00,2026-10-10T19:30:00+00:00,NO,2026-09-21T00:35:23Z,2026-09-24T23:26:50Z,107,scheduled,NS,NO,,,,stage80:fixture_history_snapshots,PBK_STAGE80_HISTORICAL_FIXTURE_CATALOG_V1
1575510,94,Primeira Liga,Portugal,2026,Regular Season - 8,Arouca,Estrela,2026-10-11T19:30:00+00:00,2026-10-11T19:30:00+00:00,NO,2026-09-21T00:35:23Z,2026-09-24T23:26:50Z,107,scheduled,NS,NO,,,,stage80:fixture_history_snapshots,PBK_STAGE80_HISTORICAL_FIXTURE_CATALOG_V1
1575511,94,Primeira Liga,Portugal,2026,Regular Season - 8,Benfica,Vitória SC,2026-10-11T17:00:00+00:00,2026-10-11T17:00:00+00:00,NO,2026-09-21T00:35:23Z,2026-09-24T23:26:50Z,107,scheduled,NS,NO,,,,stage80:fixture_history_snapshots,PBK_STAGE80_HISTORICAL_FIXTURE_CATALOG_V1
1575512,94,Primeira Liga,Portugal,2026,Regular Season - 8,SC Braga,Sporting CP,2026-10-09T19:15:00+00:00,2026-10-09T19:15:00+00:00,NO,2026-09-21T00:35:23Z,2026-09-24T23:26:50Z,107,scheduled,NS,NO,,,,stage80:fixture_history_snapshots,PBK_STAGE80_HISTORICAL_FIXTURE_CATALOG_V1
1575513,94,Primeira Liga,Portugal,2026,Regular Season - 8,Casa Pia,Santa Clara,2026-10-10T14:30:00+00:00,2026-10-10T14:30:00+00:00,NO,2026-09-21T00:35:23Z,2026-09-24T23:26:50Z,107,scheduled,NS,NO,,,,stage80:fixture_history_snapshots,PBK_STAGE80_HISTORICAL_FIXTURE_CATALOG_V1
1575514,94,Primeira Liga,Portugal,2026,Regular Season - 8,Famalicao,Alverca,2026-10-12T19:15:00+00:00,2026-10-12T19:15:00+00:00,NO,2026-09-21T00:35:23Z,2026-09-24T23:26:50Z,107,scheduled,NS,NO,,,,stage80:fixture_history_snapshots,PBK_STAGE80_HISTORICAL_FIXTURE_CATALOG_V1
1575515,94,Primeira Liga,Portugal,2026,Regular Season - 8,Maritimo,FC Porto,2026-10-10T17:00:00+00:00,2026-10-10T17:00:00+00:00,NO,2026-09-21T00:35:23Z,2026-09-24T23:26:50Z,107,scheduled,NS,NO,,,,stage80:fixture_history_snapshots,PBK_STAGE80_HISTORICAL_FIXTURE_CATALOG_V1
1575516,94,Primeira Liga,Portugal,2026,Regular Season - 8,Moreirense,GIL Vicente,2026-10-09T17:45:00+00:00,2026-10-09T17:45:00+00:00,NO,2026-09-21T00:35:23Z,2026-09-24T23:26:50Z,107,scheduled,NS,NO,,,,stage80:fixture_history_snapshots,PBK_STAGE80_HISTORICAL_FIXTURE_CATALOG_V1
1575517,94,Primeira Liga,Portugal,2026,Regular Season - 8,Rio Ave,Nacional,2026-10-11T14:30:00+00:00,2026-10-11T14:30:00+00:00,NO,2026-09-21T00:35:23Z,2026-09-24T23:26:50Z,107,scheduled,NS,NO,,,,stage80:fixture_history_snapshots,PBK_STAGE80_HISTORICAL_FIXTURE_CATALOG_V1
1584412,203,Süper Lig,Turkey,2026,Regular Season - 6,Amed,Beşiktaş,2026-09-20T17:00:00+00:00,2026-09-20T17:00:00+00:00,NO,2026-09-15T23:28:22Z,2026-09-21T00:35:23Z,68,finished,FT,YES,2026-09-21T00:35:23Z,3,2,stage80:fixture_history_snapshots,PBK_STAGE80_HISTORICAL_FIXTURE_CATALOG_V1
1584413,203,Süper Lig,Turkey,2026,Regular Season - 6,Başakşehir,Gençlerbirliği S.K.,2026-09-19T17:00:00+00:00,2026-09-19T17:00:00+00:00,NO,2026-09-15T23:28:22Z,2026-09-21T00:35:23Z,68,finished,FT,YES,2026-09-21T00:35:23Z,4,0,stage80:fixture_history_snapshots,PBK_STAGE80_HISTORICAL_FIXTURE_CATALOG_V1
1584414,203,Süper Lig,Turkey,2026,Regular Season - 6,Çorum FK,Alanyaspor,2026-09-19T14:00:00+00:00,2026-09-19T14:00:00+00:00,NO,2026-09-15T23:28:22Z,2026-09-21T00:35:23Z,68,finished,FT,YES,2026-09-21T00:35:23Z,1,2,stage80:fixture_history_snapshots,PBK_STAGE80_HISTORICAL_FIXTURE_CATALOG_V1
1584415,203,Süper Lig,Turkey,2026,Regular Season - 6,Erzurumspor FK,Samsunspor,2026-09-20T14:00:00+00:00,2026-09-20T14:00:00+00:00,NO,2026-09-15T23:28:22Z,2026-09-21T00:35:23Z,68,finished,FT,YES,2026-09-21T00:35:23Z,1,0,stage80:fixture_history_snapshots,PBK_STAGE80_HISTORICAL_FIXTURE_CATALOG_V1
1584416,203,Süper Lig,Turkey,2026,Regular Season - 6,Fenerbahçe,Eyüpspor,2026-09-20T14:00:00+00:00,2026-09-20T14:00:00+00:00,NO,2026-09-15T23:28:22Z,2026-09-21T00:35:23Z,68,finished,FT,YES,2026-09-21T00:35:23Z,8,0,stage80:fixture_history_snapshots,PBK_STAGE80_HISTORICAL_FIXTURE_CATALOG_V1
1584417,203,Süper Lig,Turkey,2026,Regular Season - 6,Göztepe,Rizespor,2026-09-20T17:00:00+00:00,2026-09-20T17:00:00+00:00,NO,2026-09-15T23:28:22Z,2026-09-21T00:35:23Z,68,finished,FT,YES,2026-09-21T00:35:23Z,2,2,stage80:fixture_history_snapshots,PBK_STAGE80_HISTORICAL_FIXTURE_CATALOG_V1
1584418,203,Süper Lig,Turkey,2026,Regular Season - 6,Kasımpaşa,Konyaspor,2026-09-18T17:00:00+00:00,2026-09-18T17:00:00+00:00,NO,2026-09-15T23:28:22Z,2026-09-21T00:35:23Z,68,finished,FT,YES,2026-09-21T00:35:23Z,0,0,stage80:fixture_history_snapshots,PBK_STAGE80_HISTORICAL_FIXTURE_CATALOG_V1
1584419,203,Süper Lig,Turkey,2026,Regular Season - 6,Kocaelispor,Gaziantep FK,2026-09-19T14:00:00+00:00,2026-09-19T14:00:00+00:00,NO,2026-09-15T23:28:22Z,2026-09-21T00:35:23Z,68,finished,FT,YES,2026-09-21T00:35:23Z,2,0,stage80:fixture_history_snapshots,PBK_STAGE80_HISTORICAL_FIXTURE_CATALOG_V1
1584420,203,Süper Lig,Turkey,2026,Regular Season - 6,Trabzonspor,Galatasaray,2026-09-19T17:00:00+00:00,2026-09-19T17:00:00+00:00,NO,2026-09-15T23:28:22Z,2026-09-21T00:35:23Z,68,finished,FT,YES,2026-09-21T00:35:23Z,4,0,stage80:fixture_history_snapshots,PBK_STAGE80_HISTORICAL_FIXTURE_CATALOG_V1
1584421,203,Süper Lig,Turkey,2026,Regular Season - 7,Alanyaspor,Erzurumspor FK,2026-10-10T13:00:00+00:00,2026-10-10T13:00:00+00:00,NO,2026-09-21T01:28:13Z,2026-09-24T23:26:50Z,106,scheduled,NS,NO,,,,stage80:fixture_history_snapshots,PBK_STAGE80_HISTORICAL_FIXTURE_CATALOG_V1
1584422,203,Süper Lig,Turkey,2026,Regular Season - 7,Beşiktaş,Kocaelispor,2026-10-11T16:00:00+00:00,2026-10-11T16:00:00+00:00,NO,2026-09-21T01:28:13Z,2026-09-24T23:26:50Z,106,scheduled,NS,NO,,,,stage80:fixture_history_snapshots,PBK_STAGE80_HISTORICAL_FIXTURE_CATALOG_V1
1584423,203,Süper Lig,Turkey,2026,Regular Season - 7,Eyüpspor,Göztepe,2026-10-12T17:00:00+00:00,2026-10-12T17:00:00+00:00,NO,2026-09-21T01:28:13Z,2026-09-24T23:26:50Z,106,scheduled,NS,NO,,,,stage80:fixture_history_snapshots,PBK_STAGE80_HISTORICAL_FIXTURE_CATALOG_V1
1584424,203,Süper Lig,Turkey,2026,Regular Season - 7,Galatasaray,Kasımpaşa,2026-10-09T17:00:00+00:00,2026-10-09T17:00:00+00:00,NO,2026-09-21T01:28:13Z,2026-09-24T23:26:50Z,106,scheduled,NS,NO,,,,stage80:fixture_history_snapshots,PBK_STAGE80_HISTORICAL_FIXTURE_CATALOG_V1
1584425,203,Süper Lig,Turkey,2026,Regular Season - 7,Gaziantep FK,Çorum FK,2026-10-11T13:00:00+00:00,2026-10-11T13:00:00+00:00,NO,2026-09-21T01:28:13Z,2026-09-24T23:26:50Z,106,scheduled,NS,NO,,,,stage80:fixture_history_snapshots,PBK_STAGE80_HISTORICAL_FIXTURE_CATALOG_V1
1584426,203,Süper Lig,Turkey,2026,Regular Season - 7,Gençlerbirliği S.K.,Amed,2026-10-10T10:30:00+00:00,2026-10-10T10:30:00+00:00,NO,2026-09-21T01:28:13Z,2026-09-24T23:26:50Z,106,scheduled,NS,NO,,,,stage80:fixture_history_snapshots,PBK_STAGE80_HISTORICAL_FIXTURE_CATALOG_V1
1584427,203,Süper Lig,Turkey,2026,Regular Season - 7,Konyaspor,Başakşehir,2026-10-11T10:30:00+00:00,2026-10-11T10:30:00+00:00,NO,2026-09-21T01:28:13Z,2026-09-24T23:26:50Z,106,scheduled,NS,NO,,,,stage80:fixture_history_snapshots,PBK_STAGE80_HISTORICAL_FIXTURE_CATALOG_V1
1584428,203,Süper Lig,Turkey,2026,Regular Season - 7,Rizespor,Fenerbahçe,2026-10-10T16:00:00+00:00,2026-10-10T16:00:00+00:00,NO,2026-09-21T01:28:13Z,2026-09-24T23:26:50Z,106,scheduled,NS,NO,,,,stage80:fixture_history_snapshots,PBK_STAGE80_HISTORICAL_FIXTURE_CATALOG_V1
1584429,203,Süper Lig,Turkey,2026,Regular Season - 7,Samsunspor,Trabzonspor,2026-10-10T13:00:00+00:00,2026-10-10T13:00:00+00:00,NO,2026-09-21T01:28:13Z,2026-09-24T23:26:50Z,106,scheduled,NS,NO,,,,stage80:fixture_history_snapshots,PBK_STAGE80_HISTORICAL_FIXTURE_CATALOG_V1
