fixture_id,captured_at_utc,kickoff_utc,team_id,team_name,player_id,player_name,availability_type,reason,source_dataset,source_snapshot_type,archive_version
1550124,2026-09-12T13:14:33Z,2026-09-13T18:45:00Z,488,Sassuolo,291780,D. Boloca,Missing Fixture,Muscle Injury,match_context_snapshots,T24,PBK_STAGE80_LINEUP_INJURY_ARCHIVE_V1
1550124,2026-09-12T13:14:33Z,2026-09-13T18:45:00Z,488,Sassuolo,328046,I. Kone,Missing Fixture,Broken Leg,match_context_snapshots,T24,PBK_STAGE80_LINEUP_INJURY_ARCHIVE_V1
1550124,2026-09-12T13:14:33Z,2026-09-13T18:45:00Z,488,Sassuolo,342035,C. Volpato,Missing Fixture,Thigh Injury,match_context_snapshots,T24,PBK_STAGE80_LINEUP_INJURY_ARCHIVE_V1
1550124,2026-09-12T13:14:33Z,2026-09-13T18:45:00Z,488,Sassuolo,342055,E. Pieragnolo,Missing Fixture,Knee Injury,match_context_snapshots,T24,PBK_STAGE80_LINEUP_INJURY_ARCHIVE_V1
1550124,2026-09-12T13:14:33Z,2026-09-13T18:45:00Z,488,Sassuolo,40582,S. Walukiewicz,Questionable,Muscle Injury,match_context_snapshots,T24,PBK_STAGE80_LINEUP_INJURY_ARCHIVE_V1
1550124,2026-09-12T13:14:33Z,2026-09-13T18:45:00Z,488,Sassuolo,41371,F. Cande,Missing Fixture,Knee Injury,match_context_snapshots,T24,PBK_STAGE80_LINEUP_INJURY_ARCHIVE_V1
1550124,2026-09-12T13:14:33Z,2026-09-13T18:45:00Z,488,Sassuolo,455245,D. Bakola,Questionable,Muscle Injury,match_context_snapshots,T24,PBK_STAGE80_LINEUP_INJURY_ARCHIVE_V1
1550124,2026-09-12T13:14:33Z,2026-09-13T18:45:00Z,488,Sassuolo,59513,Y. Paz,Missing Fixture,Knee Injury,match_context_snapshots,T24,PBK_STAGE80_LINEUP_INJURY_ARCHIVE_V1
1550124,2026-09-12T13:14:33Z,2026-09-13T18:45:00Z,496,Juventus,116,K. Thuram,Missing Fixture,Knee Injury,match_context_snapshots,T24,PBK_STAGE80_LINEUP_INJURY_ARCHIVE_V1
1550124,2026-09-12T13:14:33Z,2026-09-13T18:45:00Z,496,Juventus,125674,J. Cabal,Missing Fixture,Thigh Injury,match_context_snapshots,T24,PBK_STAGE80_LINEUP_INJURY_ARCHIVE_V1
1550124,2026-09-12T13:14:33Z,2026-09-13T18:45:00Z,496,Juventus,127011,A. Cambiaso,Questionable,Ankle Injury,match_context_snapshots,T24,PBK_STAGE80_LINEUP_INJURY_ARCHIVE_V1
1550124,2026-09-12T13:14:33Z,2026-09-13T18:45:00Z,496,Juventus,30531,J. Boga,Missing Fixture,Muscle Injury,match_context_snapshots,T24,PBK_STAGE80_LINEUP_INJURY_ARCHIVE_V1
1550124,2026-09-12T13:14:33Z,2026-09-13T18:45:00Z,496,Juventus,30533,M. Locatelli,Missing Fixture,Knee Injury,match_context_snapshots,T24,PBK_STAGE80_LINEUP_INJURY_ARCHIVE_V1
1550124,2026-09-12T13:14:33Z,2026-09-13T18:45:00Z,496,Juventus,333,A. Milik,Missing Fixture,Inactive,match_context_snapshots,T24,PBK_STAGE80_LINEUP_INJURY_ARCHIVE_V1
1550124,2026-09-12T13:14:33Z,2026-09-13T18:45:00Z,496,Juventus,339883,K. Yildiz,Missing Fixture,Foot Injury,match_context_snapshots,T24,PBK_STAGE80_LINEUP_INJURY_ARCHIVE_V1
1550124,2026-09-12T13:14:33Z,2026-09-13T18:45:00Z,496,Juventus,415,W. McKennie,Questionable,Muscle Injury,match_context_snapshots,T24,PBK_STAGE80_LINEUP_INJURY_ARCHIVE_V1
1550124,2026-09-12T13:14:33Z,2026-09-13T18:45:00Z,496,Juventus,451504,J. Ekhator,Missing Fixture,Muscle Injury,match_context_snapshots,T24,PBK_STAGE80_LINEUP_INJURY_ARCHIVE_V1
1550124,2026-09-13T12:48:36Z,2026-09-13T18:45:00Z,488,Sassuolo,291780,D. Boloca,Missing Fixture,Muscle Injury,match_context_snapshots,T3,PBK_STAGE80_LINEUP_INJURY_ARCHIVE_V1
1550124,2026-09-13T12:48:36Z,2026-09-13T18:45:00Z,488,Sassuolo,328046,I. Kone,Missing Fixture,Broken Leg,match_context_snapshots,T3,PBK_STAGE80_LINEUP_INJURY_ARCHIVE_V1
1550124,2026-09-13T12:48:36Z,2026-09-13T18:45:00Z,488,Sassuolo,342035,C. Volpato,Missing Fixture,Thigh Injury,match_context_snapshots,T3,PBK_STAGE80_LINEUP_INJURY_ARCHIVE_V1
1550124,2026-09-13T12:48:36Z,2026-09-13T18:45:00Z,488,Sassuolo,342055,E. Pieragnolo,Missing Fixture,Knee Injury,match_context_snapshots,T3,PBK_STAGE80_LINEUP_INJURY_ARCHIVE_V1
1550124,2026-09-13T12:48:36Z,2026-09-13T18:45:00Z,488,Sassuolo,40582,S. Walukiewicz,Missing Fixture,Muscle Injury,match_context_snapshots,T3,PBK_STAGE80_LINEUP_INJURY_ARCHIVE_V1
1550124,2026-09-13T12:48:36Z,2026-09-13T18:45:00Z,488,Sassuolo,41371,F. Cande,Missing Fixture,Knee Injury,match_context_snapshots,T3,PBK_STAGE80_LINEUP_INJURY_ARCHIVE_V1
1550124,2026-09-13T12:48:36Z,2026-09-13T18:45:00Z,488,Sassuolo,59513,Y. Paz,Missing Fixture,Knee Injury,match_context_snapshots,T3,PBK_STAGE80_LINEUP_INJURY_ARCHIVE_V1
1550124,2026-09-13T12:48:36Z,2026-09-13T18:45:00Z,496,Juventus,116,K. Thuram,Missing Fixture,Knee Injury,match_context_snapshots,T3,PBK_STAGE80_LINEUP_INJURY_ARCHIVE_V1
1550124,2026-09-13T12:48:36Z,2026-09-13T18:45:00Z,496,Juventus,125674,J. Cabal,Missing Fixture,Thigh Injury,match_context_snapshots,T3,PBK_STAGE80_LINEUP_INJURY_ARCHIVE_V1
1550124,2026-09-13T12:48:36Z,2026-09-13T18:45:00Z,496,Juventus,127011,A. Cambiaso,Questionable,Ankle Injury,match_context_snapshots,T3,PBK_STAGE80_LINEUP_INJURY_ARCHIVE_V1
1550124,2026-09-13T12:48:36Z,2026-09-13T18:45:00Z,496,Juventus,30531,J. Boga,Missing Fixture,Muscle Injury,match_context_snapshots,T3,PBK_STAGE80_LINEUP_INJURY_ARCHIVE_V1
1550124,2026-09-13T12:48:36Z,2026-09-13T18:45:00Z,496,Juventus,30533,M. Locatelli,Missing Fixture,Knee Injury,match_context_snapshots,T3,PBK_STAGE80_LINEUP_INJURY_ARCHIVE_V1
1550124,2026-09-13T12:48:36Z,2026-09-13T18:45:00Z,496,Juventus,333,A. Milik,Missing Fixture,Inactive,match_context_snapshots,T3,PBK_STAGE80_LINEUP_INJURY_ARCHIVE_V1
1550124,2026-09-13T12:48:36Z,2026-09-13T18:45:00Z,496,Juventus,339883,K. Yildiz,Missing Fixture,Foot Injury,match_context_snapshots,T3,PBK_STAGE80_LINEUP_INJURY_ARCHIVE_V1
1550124,2026-09-13T12:48:36Z,2026-09-13T18:45:00Z,496,Juventus,415,W. McKennie,Questionable,Muscle Injury,match_context_snapshots,T3,PBK_STAGE80_LINEUP_INJURY_ARCHIVE_V1
1550124,2026-09-13T12:48:36Z,2026-09-13T18:45:00Z,496,Juventus,451504,J. Ekhator,Missing Fixture,Muscle Injury,match_context_snapshots,T3,PBK_STAGE80_LINEUP_INJURY_ARCHIVE_V1
1550125,2026-09-13T11:14:53Z,2026-09-14T16:30:00Z,497,AS Roma,626686,M. Bah,Missing Fixture,Knee Injury,match_context_snapshots,T24,PBK_STAGE80_LINEUP_INJURY_ARCHIVE_V1
1550125,2026-09-13T11:14:53Z,2026-09-14T16:30:00Z,497,AS Roma,782,L. Pellegrini,Missing Fixture,Thigh Injury,match_context_snapshots,T24,PBK_STAGE80_LINEUP_INJURY_ARCHIVE_V1
1550125,2026-09-13T11:14:53Z,2026-09-14T16:30:00Z,503,Torino,122468,S. Coco,Questionable,Injury,match_context_snapshots,T24,PBK_STAGE80_LINEUP_INJURY_ARCHIVE_V1
1550125,2026-09-13T11:14:53Z,2026-09-14T16:30:00Z,503,Torino,123,P. Pellegri,Missing Fixture,Knee Injury,match_context_snapshots,T24,PBK_STAGE80_LINEUP_INJURY_ARCHIVE_V1
1550125,2026-09-13T11:14:53Z,2026-09-14T16:30:00Z,503,Torino,270507,C. Casadei,Questionable,Rest,match_context_snapshots,T24,PBK_STAGE80_LINEUP_INJURY_ARCHIVE_V1
1550125,2026-09-13T11:14:53Z,2026-09-14T16:30:00Z,503,Torino,56266,F. Israel,Missing Fixture,Shoulder Injury,match_context_snapshots,T24,PBK_STAGE80_LINEUP_INJURY_ARCHIVE_V1
1550125,2026-09-14T11:17:21Z,2026-09-14T16:30:00Z,497,AS Roma,626686,M. Bah,Missing Fixture,Knee Injury,match_context_snapshots,T3,PBK_STAGE80_LINEUP_INJURY_ARCHIVE_V1
1550125,2026-09-14T11:17:21Z,2026-09-14T16:30:00Z,503,Torino,123,P. Pellegri,Missing Fixture,Knee Injury,match_context_snapshots,T3,PBK_STAGE80_LINEUP_INJURY_ARCHIVE_V1
1550125,2026-09-14T11:17:21Z,2026-09-14T16:30:00Z,503,Torino,19524,C. Adams,Missing Fixture,Muscle Injury,match_context_snapshots,T3,PBK_STAGE80_LINEUP_INJURY_ARCHIVE_V1
1550125,2026-09-14T11:17:21Z,2026-09-14T16:30:00Z,503,Torino,270507,C. Casadei,Questionable,Rest,match_context_snapshots,T3,PBK_STAGE80_LINEUP_INJURY_ARCHIVE_V1
1550125,2026-09-14T11:17:21Z,2026-09-14T16:30:00Z,503,Torino,30414,G. Simeone,Questionable,Back Injury,match_context_snapshots,T3,PBK_STAGE80_LINEUP_INJURY_ARCHIVE_V1
1550125,2026-09-14T11:17:21Z,2026-09-14T16:30:00Z,503,Torino,56266,F. Israel,Missing Fixture,Shoulder Injury,match_context_snapshots,T3,PBK_STAGE80_LINEUP_INJURY_ARCHIVE_V1
1550125,2026-09-14T16:16:59Z,2026-09-14T16:30:00Z,497,AS Roma,626686,M. Bah,Missing Fixture,Knee Injury,match_context_snapshots,T60,PBK_STAGE80_LINEUP_INJURY_ARCHIVE_V1
1550125,2026-09-14T16:16:59Z,2026-09-14T16:30:00Z,503,Torino,123,P. Pellegri,Missing Fixture,Knee Injury,match_context_snapshots,T60,PBK_STAGE80_LINEUP_INJURY_ARCHIVE_V1
1550125,2026-09-14T16:16:59Z,2026-09-14T16:30:00Z,503,Torino,19524,C. Adams,Missing Fixture,Muscle Injury,match_context_snapshots,T60,PBK_STAGE80_LINEUP_INJURY_ARCHIVE_V1
1550125,2026-09-14T16:16:59Z,2026-09-14T16:30:00Z,503,Torino,270507,C. Casadei,Missing Fixture,Rest,match_context_snapshots,T60,PBK_STAGE80_LINEUP_INJURY_ARCHIVE_V1
1550125,2026-09-14T16:16:59Z,2026-09-14T16:30:00Z,503,Torino,30414,G. Simeone,Questionable,Back Injury,match_context_snapshots,T60,PBK_STAGE80_LINEUP_INJURY_ARCHIVE_V1
1550125,2026-09-14T16:16:59Z,2026-09-14T16:30:00Z,503,Torino,56266,F. Israel,Missing Fixture,Shoulder Injury,match_context_snapshots,T60,PBK_STAGE80_LINEUP_INJURY_ARCHIVE_V1
