provider_league_id,competition_name,competition_type,provider_country_name,provider_country_code,candidate_family,selection_status,selection_reason,season,season_start,season_end,current_season,coverage_events,coverage_lineups,coverage_fixture_statistics,coverage_player_statistics,coverage_players,coverage_injuries,direct_matchday_squad_evidence_possible,direct_minutes_evidence_possible,historical_callup_evidence_possible,nationality_inference_allowed,future_fixture_backfill_required,research_only,operational_betting_authority,creates_signal,probability_mutation,eligibility_mutation,stake_changes,forward_journal_mutation
19,African Nations Championship,Cup,World,,AFRICAN_NATIONS_CHAMPIONSHIP,CANDIDATE_REVIEW,NAME_PATTERN:AFRICAN_NATIONS_CHAMPIONSHIP,2018,2017-04-21,2018-02-04,false,true,true,false,false,true,false,true,false,false,false,true,true,false,false,false,false,false,false
19,African Nations Championship,Cup,World,,AFRICAN_NATIONS_CHAMPIONSHIP,CANDIDATE_REVIEW,NAME_PATTERN:AFRICAN_NATIONS_CHAMPIONSHIP,2020,2019-04-20,2021-02-07,false,true,true,false,false,true,false,true,false,false,false,true,true,false,false,false,false,false,false
19,African Nations Championship,Cup,World,,AFRICAN_NATIONS_CHAMPIONSHIP,CANDIDATE_REVIEW,NAME_PATTERN:AFRICAN_NATIONS_CHAMPIONSHIP,2022,2023-01-13,2023-02-04,false,true,true,false,false,true,false,true,false,false,false,true,true,false,false,false,false,false,false
19,African Nations Championship,Cup,World,,AFRICAN_NATIONS_CHAMPIONSHIP,CANDIDATE_REVIEW,NAME_PATTERN:AFRICAN_NATIONS_CHAMPIONSHIP,2024,2025-08-02,2025-08-30,true,true,true,false,false,true,false,true,false,false,false,true,true,false,false,false,false,false,false
1163,African Nations Championship - Qualification,Cup,World,,AFRICAN_NATIONS_CHAMPIONSHIP,CANDIDATE_REVIEW,NAME_PATTERN:AFRICAN_NATIONS_CHAMPIONSHIP,2024,2024-10-25,2025-05-09,true,true,false,false,false,true,false,false,false,false,false,true,true,false,false,false,false,false,false
6,Africa Cup of Nations,Cup,World,,AFRICA_CUP_OF_NATIONS,CANDIDATE_REVIEW,NAME_PATTERN:AFRICA_CUP_OF_NATIONS,2017,2017-01-14,2017-02-05,false,true,true,false,false,true,false,true,false,false,false,true,true,false,false,false,false,false,false
6,Africa Cup of Nations,Cup,World,,AFRICA_CUP_OF_NATIONS,CANDIDATE_REVIEW,NAME_PATTERN:AFRICA_CUP_OF_NATIONS,2019,2017-03-22,2019-07-19,false,true,true,true,true,true,false,true,true,false,false,true,true,false,false,false,false,false,false
6,Africa Cup of Nations,Cup,World,,AFRICA_CUP_OF_NATIONS,CANDIDATE_REVIEW,NAME_PATTERN:AFRICA_CUP_OF_NATIONS,2021,2022-01-09,2022-02-06,false,true,true,true,true,true,false,true,true,false,false,true,true,false,false,false,false,false,false
6,Africa Cup of Nations,Cup,World,,AFRICA_CUP_OF_NATIONS,CANDIDATE_REVIEW,NAME_PATTERN:AFRICA_CUP_OF_NATIONS,2023,2024-01-13,2024-02-11,false,true,true,true,true,true,false,true,true,false,false,true,true,false,false,false,false,false,false
6,Africa Cup of Nations,Cup,World,,AFRICA_CUP_OF_NATIONS,CANDIDATE_REVIEW,NAME_PATTERN:AFRICA_CUP_OF_NATIONS,2025,2025-12-21,2026-01-18,true,true,true,true,true,true,false,true,true,false,false,true,true,false,false,false,false,false,false
36,Africa Cup of Nations - Qualification,Cup,World,,AFRICA_CUP_OF_NATIONS,CANDIDATE_REVIEW,NAME_PATTERN:AFRICA_CUP_OF_NATIONS,2021,2019-10-09,2021-03-30,false,true,true,false,false,true,false,true,false,false,false,true,true,false,false,false,false,false,false
36,Africa Cup of Nations - Qualification,Cup,World,,AFRICA_CUP_OF_NATIONS,CANDIDATE_REVIEW,NAME_PATTERN:AFRICA_CUP_OF_NATIONS,2023,2022-03-21,2023-03-28,false,true,true,false,false,true,false,true,false,false,false,true,true,false,false,false,false,false,false
36,Africa Cup of Nations - Qualification,Cup,World,,AFRICA_CUP_OF_NATIONS,CANDIDATE_REVIEW,NAME_PATTERN:AFRICA_CUP_OF_NATIONS,2025,2024-03-20,2024-11-19,false,true,true,false,false,true,false,true,false,false,false,true,true,false,false,false,false,false,false
860,Arab Cup,Cup,World,,ARAB_CUP,CANDIDATE_REVIEW,NAME_PATTERN:ARAB_CUP,2021,2021-06-19,2021-12-18,false,true,true,false,false,true,false,true,false,false,false,true,true,false,false,false,false,false,false
860,Arab Cup,Cup,World,,ARAB_CUP,CANDIDATE_REVIEW,NAME_PATTERN:ARAB_CUP,2025,2025-11-25,2025-12-18,true,true,true,false,false,true,false,true,false,false,false,true,true,false,false,false,false,false,false
7,Asian Cup,Cup,World,,ASIAN_CUP,CANDIDATE_REVIEW,NAME_PATTERN:ASIAN_CUP,2019,2019-01-05,2019-02-01,false,true,true,true,false,true,false,true,false,false,false,true,true,false,false,false,false,false,false
7,Asian Cup,Cup,World,,ASIAN_CUP,CANDIDATE_REVIEW,NAME_PATTERN:ASIAN_CUP,2023,2024-01-12,2024-02-10,false,true,true,true,true,true,false,true,true,false,false,true,true,false,false,false,false,false,false
35,Asian Cup - Qualification,Cup,World,,ASIAN_CUP,CANDIDATE_REVIEW,NAME_PATTERN:ASIAN_CUP,2019,2017-03-26,2018-03-27,false,true,true,false,false,true,false,true,false,false,false,true,true,false,false,false,false,false,false
35,Asian Cup - Qualification,Cup,World,,ASIAN_CUP,CANDIDATE_REVIEW,NAME_PATTERN:ASIAN_CUP,2022,2021-10-07,2022-06-14,false,true,true,false,false,true,false,true,false,false,false,true,true,false,false,false,false,false,false
35,Asian Cup - Qualification,Cup,World,,ASIAN_CUP,CANDIDATE_REVIEW,NAME_PATTERN:ASIAN_CUP,2024,2024-09-05,2026-03-31,true,true,true,false,false,true,false,true,false,false,false,true,true,false,false,false,false,false,false
849,Baltic Cup,Cup,World,,BALTIC_CUP,CANDIDATE_REVIEW,NAME_PATTERN:BALTIC_CUP,2020,2021-06-01,2021-06-10,false,true,true,false,false,true,false,true,false,false,false,true,true,false,false,false,false,false,false
849,Baltic Cup,Cup,World,,BALTIC_CUP,CANDIDATE_REVIEW,NAME_PATTERN:BALTIC_CUP,2022,2022-11-16,2022-11-19,false,true,true,false,false,true,false,true,false,false,false,true,true,false,false,false,false,false,false
849,Baltic Cup,Cup,World,,BALTIC_CUP,CANDIDATE_REVIEW,NAME_PATTERN:BALTIC_CUP,2024,2024-06-08,2024-06-11,false,true,true,false,false,true,false,true,false,false,false,true,true,false,false,false,false,false,false
849,Baltic Cup,Cup,World,,BALTIC_CUP,CANDIDATE_REVIEW,NAME_PATTERN:BALTIC_CUP,2025,2026-06-06,2026-06-09,true,true,true,false,false,false,false,true,false,false,false,true,true,false,false,false,false,false,false
1028,CONCACAF Central American Cup,Cup,World,,CENTRAL_AMERICAN_CUP,CANDIDATE_REVIEW,NAME_PATTERN:CENTRAL_AMERICAN_CUP,2023,2023-08-01,2023-12-05,false,true,true,false,false,true,false,true,false,false,false,true,true,false,false,false,false,false,false
1028,CONCACAF Central American Cup,Cup,World,,CENTRAL_AMERICAN_CUP,CANDIDATE_REVIEW,NAME_PATTERN:CENTRAL_AMERICAN_CUP,2024,2024-07-30,2024-12-03,false,true,true,false,false,true,false,true,false,false,false,true,true,false,false,false,false,false,false
1028,CONCACAF Central American Cup,Cup,World,,CENTRAL_AMERICAN_CUP,CANDIDATE_REVIEW,NAME_PATTERN:CENTRAL_AMERICAN_CUP,2025,2025-07-30,2025-12-04,false,true,true,false,false,true,false,true,false,false,false,true,true,false,false,false,false,false,false
1028,CONCACAF Central American Cup,Cup,World,,CENTRAL_AMERICAN_CUP,CANDIDATE_REVIEW,NAME_PATTERN:CENTRAL_AMERICAN_CUP,2026,2026-07-29,2026-09-18,true,true,true,false,false,false,false,true,false,false,false,true,true,false,false,false,false,false,false
21,Confederations Cup,Cup,World,,CONFEDERATIONS_CUP,CANDIDATE_REVIEW,NAME_PATTERN:CONFEDERATIONS_CUP,2017,2017-06-17,2017-07-02,true,true,true,true,false,true,false,true,false,false,false,true,true,false,false,false,false,false,false
9,Copa America,Cup,World,,COPA_AMERICA,CANDIDATE_REVIEW,NAME_PATTERN:COPA_AMERICA,2019,2019-06-15,2019-07-07,false,true,true,true,true,true,false,true,true,false,false,true,true,false,false,false,false,false,false
9,Copa America,Cup,World,,COPA_AMERICA,CANDIDATE_REVIEW,NAME_PATTERN:COPA_AMERICA,2021,2021-06-13,2021-07-11,false,true,true,true,true,true,false,true,true,false,false,true,true,false,false,false,false,false,false
9,Copa America,Cup,World,,COPA_AMERICA,CANDIDATE_REVIEW,NAME_PATTERN:COPA_AMERICA,2024,2024-06-21,2024-07-15,true,true,true,true,true,true,false,true,true,false,false,true,true,false,false,false,false,false,false
926,Copa America Femenina,Cup,World,,COPA_AMERICA,CANDIDATE_REVIEW,NAME_PATTERN:COPA_AMERICA,2022,2022-07-08,2022-07-31,false,true,true,false,false,true,false,true,false,false,false,true,true,false,false,false,false,false,false
926,Copa America Femenina,Cup,World,,COPA_AMERICA,CANDIDATE_REVIEW,NAME_PATTERN:COPA_AMERICA,2025,2025-07-12,2025-08-02,true,true,true,false,false,true,false,true,false,false,false,true,true,false,false,false,false,false,false
4,Euro Championship,Cup,World,,EURO_CHAMPIONSHIP,CANDIDATE_REVIEW,NAME_PATTERN:EURO_CHAMPIONSHIP,2020,2019-03-21,2021-07-11,false,true,true,true,true,true,false,true,true,false,false,true,true,false,false,false,false,false,false
4,Euro Championship,Cup,World,,EURO_CHAMPIONSHIP,CANDIDATE_REVIEW,NAME_PATTERN:EURO_CHAMPIONSHIP,2024,2024-06-14,2024-07-14,true,true,true,true,true,true,false,true,true,false,false,true,true,false,false,false,false,false,false
960,Euro Championship - Qualification,Cup,World,,EURO_QUALIFICATION,CANDIDATE_REVIEW,NAME_PATTERN:EURO_QUALIFICATION,2023,2023-03-23,2024-03-26,true,true,true,true,true,true,false,true,true,false,false,true,true,false,false,false,false,false,false
10,Friendlies,Cup,World,,FRIENDLIES,CANDIDATE_REVIEW,NAME_PATTERN:FRIENDLIES,2017,2017-01-04,2017-12-25,false,true,true,false,false,true,false,true,false,false,false,true,true,false,false,false,false,false,false
10,Friendlies,Cup,World,,FRIENDLIES,CANDIDATE_REVIEW,NAME_PATTERN:FRIENDLIES,2018,2018-01-27,2018-12-31,false,true,true,true,false,true,false,true,false,false,false,true,true,false,false,false,false,false,false
10,Friendlies,Cup,World,,FRIENDLIES,CANDIDATE_REVIEW,NAME_PATTERN:FRIENDLIES,2019,2019-01-28,2019-11-21,false,true,true,true,false,true,false,true,false,false,false,true,true,false,false,false,false,false,false
10,Friendlies,Cup,World,,FRIENDLIES,CANDIDATE_REVIEW,NAME_PATTERN:FRIENDLIES,2020,2020-01-08,2020-12-10,false,true,true,false,false,true,false,true,false,false,false,true,true,false,false,false,false,false,false
10,Friendlies,Cup,World,,FRIENDLIES,CANDIDATE_REVIEW,NAME_PATTERN:FRIENDLIES,2021,2021-01-09,2021-12-30,false,true,true,true,false,true,false,true,false,false,false,true,true,false,false,false,false,false,false
10,Friendlies,Cup,World,,FRIENDLIES,CANDIDATE_REVIEW,NAME_PATTERN:FRIENDLIES,2022,2022-01-01,2022-12-30,false,true,true,true,true,true,false,true,true,false,false,true,true,false,false,false,false,false,false
10,Friendlies,Cup,World,,FRIENDLIES,CANDIDATE_REVIEW,NAME_PATTERN:FRIENDLIES,2023,2023-01-03,2024-01-06,false,true,true,true,true,true,false,true,true,false,false,true,true,false,false,false,false,false,false
10,Friendlies,Cup,World,,FRIENDLIES,CANDIDATE_REVIEW,NAME_PATTERN:FRIENDLIES,2024,2024-01-01,2024-12-21,false,true,true,true,true,true,false,true,true,false,false,true,true,false,false,false,false,false,false
10,Friendlies,Cup,World,,FRIENDLIES,CANDIDATE_REVIEW,NAME_PATTERN:FRIENDLIES,2025,2025-01-04,2025-12-21,false,true,true,true,true,true,false,true,true,false,false,true,true,false,false,false,false,false,false
10,Friendlies,Cup,World,,FRIENDLIES,CANDIDATE_REVIEW,NAME_PATTERN:FRIENDLIES,2026,2026-01-01,2026-11-17,true,true,true,true,true,true,false,true,true,false,false,true,true,false,false,false,false,false,false
22,CONCACAF Gold Cup,Cup,World,,GOLD_CUP,CANDIDATE_REVIEW,NAME_PATTERN:GOLD_CUP,2017,2017-07-07,2017-07-27,false,true,true,false,false,true,false,true,false,false,false,true,true,false,false,false,false,false,false
22,CONCACAF Gold Cup,Cup,World,,GOLD_CUP,CANDIDATE_REVIEW,NAME_PATTERN:GOLD_CUP,2019,2019-06-15,2019-07-08,false,true,true,false,false,true,false,true,false,false,false,true,true,false,false,false,false,false,false
22,CONCACAF Gold Cup,Cup,World,,GOLD_CUP,CANDIDATE_REVIEW,NAME_PATTERN:GOLD_CUP,2021,2021-07-11,2021-08-02,false,true,true,true,true,true,false,true,true,false,false,true,true,false,false,false,false,false,false
22,CONCACAF Gold Cup,Cup,World,,GOLD_CUP,CANDIDATE_REVIEW,NAME_PATTERN:GOLD_CUP,2023,2023-06-25,2023-07-16,false,true,true,true,true,true,false,true,true,false,false,true,true,false,false,false,false,false,false
22,CONCACAF Gold Cup,Cup,World,,GOLD_CUP,CANDIDATE_REVIEW,NAME_PATTERN:GOLD_CUP,2025,2025-06-15,2025-07-06,true,true,true,true,true,true,false,true,true,false,false,true,true,false,false,false,false,false,false
858,CONCACAF Gold Cup - Qualification,Cup,World,,GOLD_CUP,CANDIDATE_REVIEW,NAME_PATTERN:GOLD_CUP,2021,2021-07-02,2021-07-07,false,true,true,false,false,true,false,true,false,false,false,true,true,false,false,false,false,false,false
858,CONCACAF Gold Cup - Qualification,Cup,World,,GOLD_CUP,CANDIDATE_REVIEW,NAME_PATTERN:GOLD_CUP,2023,2023-06-16,2023-06-21,false,true,true,false,false,true,false,true,false,false,false,true,true,false,false,false,false,false,false
858,CONCACAF Gold Cup - Qualification,Cup,World,,GOLD_CUP,CANDIDATE_REVIEW,NAME_PATTERN:GOLD_CUP,2025,2025-03-21,2025-03-26,true,true,true,false,false,true,false,true,false,false,false,true,true,false,false,false,false,false,false
536,CONCACAF Nations League,Cup,World,,NATIONS_LEAGUE,CANDIDATE_REVIEW,NAME_PATTERN:NATIONS_LEAGUE,2020,2019-09-05,2021-06-07,false,true,true,false,false,false,false,true,false,false,false,true,true,false,false,false,false,false,false
536,CONCACAF Nations League,Cup,World,,NATIONS_LEAGUE,CANDIDATE_REVIEW,NAME_PATTERN:NATIONS_LEAGUE,2022,2022-06-02,2023-06-19,false,true,true,true,true,true,false,true,true,false,false,true,true,false,false,false,false,false,false
536,CONCACAF Nations League,Cup,World,,NATIONS_LEAGUE,CANDIDATE_REVIEW,NAME_PATTERN:NATIONS_LEAGUE,2023,2023-09-07,2024-03-25,false,true,true,true,true,true,false,true,true,false,false,true,true,false,false,false,false,false,false
536,CONCACAF Nations League,Cup,World,,NATIONS_LEAGUE,CANDIDATE_REVIEW,NAME_PATTERN:NATIONS_LEAGUE,2024,2024-09-04,2025-03-24,false,true,true,true,true,true,false,true,true,false,false,true,true,false,false,false,false,false,false
536,CONCACAF Nations League,Cup,World,,NATIONS_LEAGUE,CANDIDATE_REVIEW,NAME_PATTERN:NATIONS_LEAGUE,2025,2026-09-23,2026-11-11,true,false,false,false,false,false,false,false,false,false,false,true,true,false,false,false,false,false,false
808,CONCACAF Nations League - Qualification,Cup,World,,NATIONS_LEAGUE,CANDIDATE_REVIEW,NAME_PATTERN:NATIONS_LEAGUE,2018,2018-09-06,2019-03-25,true,true,true,false,false,true,false,true,false,false,false,true,true,false,false,false,false,false,false
5,UEFA Nations League,Cup,World,,NATIONS_LEAGUE,CANDIDATE_REVIEW,NAME_PATTERN:NATIONS_LEAGUE,2018,2018-09-06,2019-06-09,false,true,true,true,true,true,false,true,true,false,false,true,true,false,false,false,false,false,false
5,UEFA Nations League,Cup,World,,NATIONS_LEAGUE,CANDIDATE_REVIEW,NAME_PATTERN:NATIONS_LEAGUE,2020,2020-09-03,2022-03-28,false,true,true,true,true,true,false,true,true,false,false,true,true,false,false,false,false,false,false
5,UEFA Nations League,Cup,World,,NATIONS_LEAGUE,CANDIDATE_REVIEW,NAME_PATTERN:NATIONS_LEAGUE,2022,2022-06-01,2024-03-24,false,true,true,true,true,true,false,true,true,false,false,true,true,false,false,false,false,false,false
5,UEFA Nations League,Cup,World,,NATIONS_LEAGUE,CANDIDATE_REVIEW,NAME_PATTERN:NATIONS_LEAGUE,2024,2024-09-05,2026-03-31,false,true,true,true,true,true,false,true,true,false,false,true,true,false,false,false,false,false,false
5,UEFA Nations League,Cup,World,,NATIONS_LEAGUE,CANDIDATE_REVIEW,NAME_PATTERN:NATIONS_LEAGUE,2026,2026-09-24,2026-11-17,true,false,false,false,false,false,false,false,false,false,false,true,true,false,false,false,false,false,false
806,OFC Nations Cup,Cup,World,,OFC_NATIONS_CUP,CANDIDATE_REVIEW,NAME_PATTERN:OFC_NATIONS_CUP,2024,2024-03-20,2024-06-30,true,true,true,false,false,true,false,true,false,false,false,true,true,false,false,false,false,false,false
1213,Kings World Cup Nations,Cup,World,,WORLD_CUP,CANDIDATE_REVIEW,NAME_PATTERN:WORLD_CUP,2026,2026-01-03,2026-01-17,true,true,true,false,false,true,false,true,false,false,false,true,true,false,false,false,false,false,false
1,World Cup,Cup,World,,WORLD_CUP,CANDIDATE_REVIEW,NAME_PATTERN:WORLD_CUP,2018,2018-06-14,2018-07-15,false,true,true,true,true,true,false,true,true,false,false,true,true,false,false,false,false,false,false
1,World Cup,Cup,World,,WORLD_CUP,CANDIDATE_REVIEW,NAME_PATTERN:WORLD_CUP,2022,2022-11-20,2022-12-18,false,true,true,true,true,true,false,true,true,false,false,true,true,false,false,false,false,false,false
1,World Cup,Cup,World,,WORLD_CUP,CANDIDATE_REVIEW,NAME_PATTERN:WORLD_CUP,2026,2026-06-11,2026-07-19,true,true,true,true,true,true,true,true,true,false,false,true,true,false,false,false,false,false,false
29,World Cup - Qualification Africa,Cup,World,,WORLD_CUP_QUALIFICATION,CANDIDATE_REVIEW,NAME_PATTERN:WORLD_CUP_QUALIFICATION,2018,2015-10-07,2017-11-14,false,true,true,false,false,true,false,true,false,false,false,true,true,false,false,false,false,false,false
29,World Cup - Qualification Africa,Cup,World,,WORLD_CUP_QUALIFICATION,CANDIDATE_REVIEW,NAME_PATTERN:WORLD_CUP_QUALIFICATION,2022,2019-09-04,2022-03-29,false,true,true,true,true,true,false,true,true,false,false,true,true,false,false,false,false,false,false
29,World Cup - Qualification Africa,Cup,World,,WORLD_CUP_QUALIFICATION,CANDIDATE_REVIEW,NAME_PATTERN:WORLD_CUP_QUALIFICATION,2023,2023-11-15,2025-11-16,true,true,true,true,true,true,false,true,true,false,false,true,true,false,false,false,false,false,false
30,World Cup - Qualification Asia,Cup,World,,WORLD_CUP_QUALIFICATION,CANDIDATE_REVIEW,NAME_PATTERN:WORLD_CUP_QUALIFICATION,2018,2015-03-12,2017-10-10,false,true,true,true,true,true,false,true,true,false,false,true,true,false,false,false,false,false,false
30,World Cup - Qualification Asia,Cup,World,,WORLD_CUP_QUALIFICATION,CANDIDATE_REVIEW,NAME_PATTERN:WORLD_CUP_QUALIFICATION,2022,2019-06-06,2022-06-07,false,true,true,true,true,true,false,true,true,false,false,true,true,false,false,false,false,false,false
30,World Cup - Qualification Asia,Cup,World,,WORLD_CUP_QUALIFICATION,CANDIDATE_REVIEW,NAME_PATTERN:WORLD_CUP_QUALIFICATION,2026,2023-10-12,2025-11-18,true,true,true,true,true,true,false,true,true,false,false,true,true,false,false,false,false,false,false
31,World Cup - Qualification CONCACAF,Cup,World,,WORLD_CUP_QUALIFICATION,CANDIDATE_REVIEW,NAME_PATTERN:WORLD_CUP_QUALIFICATION,2018,2015-03-23,2017-10-11,false,true,true,true,true,true,false,true,true,false,false,true,true,false,false,false,false,false,false
31,World Cup - Qualification CONCACAF,Cup,World,,WORLD_CUP_QUALIFICATION,CANDIDATE_REVIEW,NAME_PATTERN:WORLD_CUP_QUALIFICATION,2022,2021-03-23,2022-03-30,false,true,true,true,true,true,false,true,true,false,false,true,true,false,false,false,false,false,false
31,World Cup - Qualification CONCACAF,Cup,World,,WORLD_CUP_QUALIFICATION,CANDIDATE_REVIEW,NAME_PATTERN:WORLD_CUP_QUALIFICATION,2026,2024-03-22,2025-11-19,true,true,true,true,true,true,true,true,true,false,false,true,true,false,false,false,false,false,false
32,World Cup - Qualification Europe,Cup,World,,WORLD_CUP_QUALIFICATION,CANDIDATE_REVIEW,NAME_PATTERN:WORLD_CUP_QUALIFICATION,2018,2016-09-04,2017-11-11,false,true,true,true,true,true,false,true,true,false,false,true,true,false,false,false,false,false,false
32,World Cup - Qualification Europe,Cup,World,,WORLD_CUP_QUALIFICATION,CANDIDATE_REVIEW,NAME_PATTERN:WORLD_CUP_QUALIFICATION,2020,2021-03-24,2022-06-05,false,true,true,true,true,true,false,true,true,false,false,true,true,false,false,false,false,false,false
32,World Cup - Qualification Europe,Cup,World,,WORLD_CUP_QUALIFICATION,CANDIDATE_REVIEW,NAME_PATTERN:WORLD_CUP_QUALIFICATION,2024,2025-03-21,2026-03-31,true,true,true,true,true,true,true,true,true,false,false,true,true,false,false,false,false,false,false
37,World Cup - Qualification Intercontinental Play-offs,Cup,World,,WORLD_CUP_QUALIFICATION,CANDIDATE_REVIEW,NAME_PATTERN:WORLD_CUP_QUALIFICATION,2018,2017-11-10,2017-11-16,false,true,true,true,true,true,false,true,true,false,false,true,true,false,false,false,false,false,false
37,World Cup - Qualification Intercontinental Play-offs,Cup,World,,WORLD_CUP_QUALIFICATION,CANDIDATE_REVIEW,NAME_PATTERN:WORLD_CUP_QUALIFICATION,2022,2022-06-13,2022-06-14,false,true,true,true,true,true,false,true,true,false,false,true,true,false,false,false,false,false,false
37,World Cup - Qualification Intercontinental Play-offs,Cup,World,,WORLD_CUP_QUALIFICATION,CANDIDATE_REVIEW,NAME_PATTERN:WORLD_CUP_QUALIFICATION,2026,2026-03-26,2026-03-31,true,true,true,true,true,true,false,true,true,false,false,true,true,false,false,false,false,false,false
33,World Cup - Qualification Oceania,Cup,World,,WORLD_CUP_QUALIFICATION,CANDIDATE_REVIEW,NAME_PATTERN:WORLD_CUP_QUALIFICATION,2018,2015-08-31,2017-09-05,false,true,true,false,false,true,false,true,false,false,false,true,true,false,false,false,false,false,false
33,World Cup - Qualification Oceania,Cup,World,,WORLD_CUP_QUALIFICATION,CANDIDATE_REVIEW,NAME_PATTERN:WORLD_CUP_QUALIFICATION,2022,2022-03-13,2022-03-30,false,true,true,false,false,true,false,true,false,false,false,true,true,false,false,false,false,false,false
33,World Cup - Qualification Oceania,Cup,World,,WORLD_CUP_QUALIFICATION,CANDIDATE_REVIEW,NAME_PATTERN:WORLD_CUP_QUALIFICATION,2026,2024-09-05,2025-03-24,true,true,true,false,false,true,false,true,false,false,false,true,true,false,false,false,false,false,false
34,World Cup - Qualification South America,Cup,World,,WORLD_CUP_QUALIFICATION,CANDIDATE_REVIEW,NAME_PATTERN:WORLD_CUP_QUALIFICATION,2018,2015-10-08,2017-10-10,false,true,true,true,true,true,false,true,true,false,false,true,true,false,false,false,false,false,false
34,World Cup - Qualification South America,Cup,World,,WORLD_CUP_QUALIFICATION,CANDIDATE_REVIEW,NAME_PATTERN:WORLD_CUP_QUALIFICATION,2022,2020-10-08,2022-03-29,false,true,true,true,true,true,false,true,true,false,false,true,true,false,false,false,false,false,false
34,World Cup - Qualification South America,Cup,World,,WORLD_CUP_QUALIFICATION,CANDIDATE_REVIEW,NAME_PATTERN:WORLD_CUP_QUALIFICATION,2026,2023-09-07,2025-09-09,true,true,true,true,true,true,false,true,true,false,false,true,true,false,false,false,false,false,false
