factor,bucket,scope_type,scope_value,seasons_with_matches,total_matches,min_season_matches,max_season_matches,home_roi_observed_seasons,home_roi_positive_seasons,draw_roi_observed_seasons,draw_roi_positive_seasons,away_roi_observed_seasons,away_roi_positive_seasons,over25_roi_observed_seasons,over25_roi_positive_seasons,under25_roi_observed_seasons,under25_roi_positive_seasons,home_calibration_observed_seasons,home_calibration_positive_seasons,away_calibration_observed_seasons,away_calibration_positive_seasons,over25_calibration_observed_seasons,over25_calibration_positive_seasons,research_only,operational_betting_authority,creates_signal,promotes_factor
DOMESTIC_CUP_72H_SIDE,AWAY_ONLY,ALL,ALL,9,549,51,80,9,2,9,5,9,4,7,4,7,1,9,4,9,5,7,4,true,false,false,false
DOMESTIC_CUP_72H_SIDE,AWAY_ONLY,LEAGUE,AUT,9,32,2,5,9,2,9,3,9,6,0,0,0,0,9,1,9,7,0,0,true,false,false,false
DOMESTIC_CUP_72H_SIDE,AWAY_ONLY,LEAGUE,B1,7,37,3,10,7,3,7,3,7,3,7,2,7,4,7,4,7,4,7,2,true,false,false,false
DOMESTIC_CUP_72H_SIDE,AWAY_ONLY,LEAGUE,D1,9,55,1,10,7,5,7,1,7,3,7,4,7,3,7,5,7,4,7,4,true,false,false,false
DOMESTIC_CUP_72H_SIDE,AWAY_ONLY,LEAGUE,DNK,9,34,1,8,9,1,9,5,9,5,0,0,0,0,9,0,9,5,0,0,true,false,false,false
DOMESTIC_CUP_72H_SIDE,AWAY_ONLY,LEAGUE,E0,9,68,4,10,7,3,7,3,7,2,7,6,7,1,7,4,7,3,7,6,true,false,false,false
DOMESTIC_CUP_72H_SIDE,AWAY_ONLY,LEAGUE,F1,9,49,1,11,7,5,7,2,7,2,7,4,7,2,7,5,7,3,7,5,true,false,false,false
DOMESTIC_CUP_72H_SIDE,AWAY_ONLY,LEAGUE,I1,9,28,1,5,7,2,7,5,7,1,7,5,7,2,7,3,7,2,7,5,true,false,false,false
DOMESTIC_CUP_72H_SIDE,AWAY_ONLY,LEAGUE,N1,9,67,3,11,7,3,7,5,7,2,7,3,7,4,7,3,7,3,7,3,true,false,false,false
DOMESTIC_CUP_72H_SIDE,AWAY_ONLY,LEAGUE,NOR,5,14,1,5,5,3,5,2,5,3,0,0,0,0,5,2,5,3,0,0,true,false,false,false
DOMESTIC_CUP_72H_SIDE,AWAY_ONLY,LEAGUE,P1,8,19,1,5,7,2,7,4,7,3,7,4,7,3,7,3,7,3,7,4,true,false,false,false
DOMESTIC_CUP_72H_SIDE,AWAY_ONLY,LEAGUE,POL,7,29,1,9,7,3,7,5,7,1,0,0,0,0,7,3,7,2,0,0,true,false,false,false
DOMESTIC_CUP_72H_SIDE,AWAY_ONLY,LEAGUE,SC0,7,12,1,3,5,2,5,2,5,1,5,3,5,1,5,3,5,2,5,3,true,false,false,false
DOMESTIC_CUP_72H_SIDE,AWAY_ONLY,LEAGUE,SP1,8,82,5,18,7,4,7,2,7,4,7,2,7,3,7,7,7,3,7,2,true,false,false,false
DOMESTIC_CUP_72H_SIDE,AWAY_ONLY,LEAGUE,T1,6,23,2,9,4,3,4,1,4,1,4,1,4,1,4,3,4,2,4,1,true,false,false,false
DOMESTIC_CUP_72H_SIDE,BOTH,ALL,ALL,9,262,17,44,9,4,9,4,9,4,7,2,7,3,9,5,9,4,7,4,true,false,false,false
DOMESTIC_CUP_72H_SIDE,BOTH,LEAGUE,AUT,7,15,1,3,7,1,7,7,7,1,0,0,0,0,7,1,7,1,0,0,true,false,false,false
DOMESTIC_CUP_72H_SIDE,BOTH,LEAGUE,B1,7,28,2,6,7,2,7,2,7,3,7,2,7,3,7,6,7,3,7,2,true,false,false,false
DOMESTIC_CUP_72H_SIDE,BOTH,LEAGUE,D1,9,19,1,4,7,2,7,3,7,3,7,5,7,1,7,2,7,4,7,5,true,false,false,false
DOMESTIC_CUP_72H_SIDE,BOTH,LEAGUE,DNK,5,7,1,2,5,1,5,2,5,3,0,0,0,0,5,1,5,3,0,0,true,false,false,false
DOMESTIC_CUP_72H_SIDE,BOTH,LEAGUE,E0,9,40,1,7,7,3,7,2,7,3,7,3,7,4,7,3,7,4,7,3,true,false,false,false
DOMESTIC_CUP_72H_SIDE,BOTH,LEAGUE,F1,4,17,2,6,2,1,2,0,2,1,2,1,2,0,2,1,2,1,2,1,true,false,false,false
DOMESTIC_CUP_72H_SIDE,BOTH,LEAGUE,I1,4,4,1,1,4,0,4,1,4,3,4,1,4,3,4,0,4,3,4,1,true,false,false,false
DOMESTIC_CUP_72H_SIDE,BOTH,LEAGUE,N1,8,25,1,6,6,3,6,1,6,2,6,4,6,2,6,3,6,2,6,4,true,false,false,false
DOMESTIC_CUP_72H_SIDE,BOTH,LEAGUE,NOR,6,29,1,8,6,2,6,2,6,3,0,0,0,0,6,2,6,5,0,0,true,false,false,false
DOMESTIC_CUP_72H_SIDE,BOTH,LEAGUE,P1,2,2,1,1,2,2,2,0,2,0,2,0,2,2,2,2,2,0,2,0,true,false,false,false
DOMESTIC_CUP_72H_SIDE,BOTH,LEAGUE,POL,6,10,1,3,6,3,6,3,6,1,0,0,0,0,6,3,6,1,0,0,true,false,false,false
DOMESTIC_CUP_72H_SIDE,BOTH,LEAGUE,SC0,6,13,1,4,4,1,4,3,4,1,4,1,4,3,4,1,4,2,4,1,true,false,false,false
DOMESTIC_CUP_72H_SIDE,BOTH,LEAGUE,SP1,8,48,3,8,7,6,7,2,7,2,7,2,7,5,7,6,7,3,7,3,true,false,false,false
DOMESTIC_CUP_72H_SIDE,BOTH,LEAGUE,T1,4,5,1,2,3,0,3,1,3,2,3,3,3,0,3,1,3,2,3,3,true,false,false,false
DOMESTIC_CUP_72H_SIDE,HOME_ONLY,ALL,ALL,9,583,54,74,9,2,9,3,9,2,7,1,7,3,9,5,9,3,7,2,true,false,false,false
DOMESTIC_CUP_72H_SIDE,HOME_ONLY,LEAGUE,AUT,7,21,1,5,7,3,7,5,7,2,0,0,0,0,7,4,7,3,0,0,true,false,false,false
DOMESTIC_CUP_72H_SIDE,HOME_ONLY,LEAGUE,B1,7,48,2,10,7,1,7,3,7,2,7,4,7,1,7,3,7,3,7,6,true,false,false,false
DOMESTIC_CUP_72H_SIDE,HOME_ONLY,LEAGUE,D1,9,36,2,5,7,2,7,4,7,2,7,5,7,1,7,4,7,3,7,6,true,false,false,false
DOMESTIC_CUP_72H_SIDE,HOME_ONLY,LEAGUE,DNK,9,50,3,8,9,1,9,5,9,5,0,0,0,0,9,2,9,4,0,0,true,false,false,false
DOMESTIC_CUP_72H_SIDE,HOME_ONLY,LEAGUE,E0,9,68,4,10,7,3,7,2,7,5,7,3,7,4,7,3,7,5,7,3,true,false,false,false
DOMESTIC_CUP_72H_SIDE,HOME_ONLY,LEAGUE,F1,9,43,1,11,7,4,7,3,7,3,7,4,7,2,7,5,7,4,7,5,true,false,false,false
DOMESTIC_CUP_72H_SIDE,HOME_ONLY,LEAGUE,I1,9,55,3,11,7,3,7,5,7,0,7,1,7,4,7,4,7,2,7,3,true,false,false,false
DOMESTIC_CUP_72H_SIDE,HOME_ONLY,LEAGUE,N1,9,63,4,11,7,2,7,5,7,1,7,1,7,5,7,3,7,2,7,2,true,false,false,false
DOMESTIC_CUP_72H_SIDE,HOME_ONLY,LEAGUE,NOR,5,9,1,3,5,3,5,1,5,1,0,0,0,0,5,3,5,2,0,0,true,false,false,false
DOMESTIC_CUP_72H_SIDE,HOME_ONLY,LEAGUE,P1,6,13,1,4,5,4,5,0,5,0,5,2,5,3,5,5,5,2,5,2,true,false,false,false
DOMESTIC_CUP_72H_SIDE,HOME_ONLY,LEAGUE,POL,7,21,1,5,7,4,7,2,7,4,0,0,0,0,7,4,7,4,0,0,true,false,false,false
DOMESTIC_CUP_72H_SIDE,HOME_ONLY,LEAGUE,SC0,8,14,1,3,6,2,6,3,6,4,6,3,6,3,6,2,6,4,6,3,true,false,false,false
DOMESTIC_CUP_72H_SIDE,HOME_ONLY,LEAGUE,SP1,8,90,6,18,7,6,7,1,7,1,7,2,7,4,7,6,7,2,7,3,true,false,false,false
DOMESTIC_CUP_72H_SIDE,HOME_ONLY,LEAGUE,T1,9,52,1,11,7,1,7,2,7,2,7,2,7,4,7,4,7,2,7,2,true,false,false,false
DOMESTIC_CUP_72H_SIDE,NEITHER,ALL,ALL,9,35933,3748,4139,9,0,9,0,9,0,7,0,7,0,9,5,9,2,7,5,true,false,false,false
DOMESTIC_CUP_72H_SIDE,NEITHER,LEAGUE,AUT,9,1666,171,191,9,1,9,3,9,1,0,0,0,0,9,3,9,6,0,0,true,false,false,false
DOMESTIC_CUP_72H_SIDE,NEITHER,LEAGUE,B1,9,2449,211,298,7,1,7,1,7,2,7,1,7,1,7,3,7,5,7,2,true,false,false,false
DOMESTIC_CUP_72H_SIDE,NEITHER,LEAGUE,D1,9,2643,291,297,7,3,7,4,7,2,7,1,7,0,7,3,7,3,7,6,true,false,false,false
DOMESTIC_CUP_72H_SIDE,NEITHER,LEAGUE,DNK,9,1792,180,233,9,3,9,3,9,0,0,0,0,0,9,4,9,2,0,0,true,false,false,false
DOMESTIC_CUP_72H_SIDE,NEITHER,LEAGUE,E0,9,3244,354,364,7,2,7,2,7,2,7,1,7,2,7,4,7,4,7,3,true,false,false,false
DOMESTIC_CUP_72H_SIDE,NEITHER,LEAGUE,F1,9,2987,257,376,7,2,7,1,7,3,7,2,7,0,7,3,7,5,7,4,true,false,false,false
DOMESTIC_CUP_72H_SIDE,NEITHER,LEAGUE,I1,9,3332,364,375,7,0,7,2,7,3,7,1,7,1,7,0,7,5,7,4,true,false,false,false
DOMESTIC_CUP_72H_SIDE,NEITHER,LEAGUE,N1,9,2523,214,295,7,1,7,5,7,1,7,1,7,1,7,1,7,2,7,3,true,false,false,false
DOMESTIC_CUP_72H_SIDE,NEITHER,LEAGUE,NOR,9,2111,228,240,9,2,9,2,9,1,0,0,0,0,9,6,9,4,0,0,true,false,false,false
DOMESTIC_CUP_72H_SIDE,NEITHER,LEAGUE,P1,9,2720,297,306,7,1,7,1,7,0,7,1,7,1,7,4,7,4,7,4,true,false,false,false
DOMESTIC_CUP_72H_SIDE,NEITHER,LEAGUE,POL,8,2301,235,300,8,1,8,1,8,0,0,0,0,0,8,7,8,2,0,0,true,false,false,false
DOMESTIC_CUP_72H_SIDE,NEITHER,LEAGUE,SC0,9,1963,173,228,7,2,7,2,7,1,7,3,7,1,7,6,7,1,7,4,true,false,false,false
DOMESTIC_CUP_72H_SIDE,NEITHER,LEAGUE,SP1,9,3200,339,380,7,2,7,3,7,0,7,1,7,1,7,3,7,1,7,3,true,false,false,false
DOMESTIC_CUP_72H_SIDE,NEITHER,LEAGUE,T1,9,3002,287,408,7,0,7,1,7,0,7,0,7,1,7,4,7,1,7,3,true,false,false,false
DOMESTIC_CUP_96H_SIDE,AWAY_ONLY,ALL,ALL,9,1073,99,142,9,2,9,4,9,3,7,3,7,0,9,4,9,4,7,6,true,false,false,false
DOMESTIC_CUP_96H_SIDE,AWAY_ONLY,LEAGUE,AUT,9,42,1,11,9,2,9,2,9,7,0,0,0,0,9,2,9,8,0,0,true,false,false,false
DOMESTIC_CUP_96H_SIDE,AWAY_ONLY,LEAGUE,B1,7,45,3,11,7,3,7,2,7,3,7,3,7,2,7,3,7,4,7,3,true,false,false,false
DOMESTIC_CUP_96H_SIDE,AWAY_ONLY,LEAGUE,D1,9,69,3,14,7,5,7,3,7,1,7,4,7,3,7,4,7,1,7,4,true,false,false,false
DOMESTIC_CUP_96H_SIDE,AWAY_ONLY,LEAGUE,DNK,9,56,4,10,9,1,9,6,9,2,0,0,0,0,9,4,9,3,0,0,true,false,false,false
DOMESTIC_CUP_96H_SIDE,AWAY_ONLY,LEAGUE,E0,9,135,9,19,7,4,7,2,7,3,7,4,7,2,7,5,7,2,7,5,true,false,false,false
DOMESTIC_CUP_96H_SIDE,AWAY_ONLY,LEAGUE,F1,9,101,4,20,7,4,7,3,7,1,7,4,7,3,7,3,7,2,7,4,true,false,false,false
DOMESTIC_CUP_96H_SIDE,AWAY_ONLY,LEAGUE,I1,9,95,7,16,7,5,7,3,7,2,7,4,7,3,7,5,7,3,7,4,true,false,false,false
DOMESTIC_CUP_96H_SIDE,AWAY_ONLY,LEAGUE,N1,9,79,6,12,7,2,7,3,7,3,7,5,7,2,7,3,7,3,7,5,true,false,false,false
DOMESTIC_CUP_96H_SIDE,AWAY_ONLY,LEAGUE,NOR,6,31,1,9,6,4,6,2,6,3,0,0,0,0,6,3,6,2,0,0,true,false,false,false
DOMESTIC_CUP_96H_SIDE,AWAY_ONLY,LEAGUE,P1,9,73,5,14,7,1,7,4,7,3,7,3,7,4,7,3,7,4,7,3,true,false,false,false
DOMESTIC_CUP_96H_SIDE,AWAY_ONLY,LEAGUE,POL,7,69,5,17,7,1,7,4,7,4,0,0,0,0,7,1,7,4,0,0,true,false,false,false
DOMESTIC_CUP_96H_SIDE,AWAY_ONLY,LEAGUE,SC0,8,37,2,7,6,3,6,5,6,0,6,3,6,1,6,3,6,0,6,5,true,false,false,false
DOMESTIC_CUP_96H_SIDE,AWAY_ONLY,LEAGUE,SP1,8,110,12,16,7,2,7,3,7,5,7,2,7,4,7,3,7,5,7,3,true,false,false,false
DOMESTIC_CUP_96H_SIDE,AWAY_ONLY,LEAGUE,T1,9,131,10,21,7,1,7,4,7,3,7,2,7,2,7,2,7,4,7,3,true,false,false,false
DOMESTIC_CUP_96H_SIDE,BOTH,ALL,ALL,9,935,73,138,9,3,9,5,9,2,7,3,7,2,9,5,9,3,7,5,true,false,false,false
DOMESTIC_CUP_96H_SIDE,BOTH,LEAGUE,AUT,9,58,1,11,9,0,9,8,9,2,0,0,0,0,9,2,9,4,0,0,true,false,false,false
DOMESTIC_CUP_96H_SIDE,BOTH,LEAGUE,B1,7,87,8,16,7,1,7,5,7,2,7,2,7,5,7,2,7,2,7,2,true,false,false,false
DOMESTIC_CUP_96H_SIDE,BOTH,LEAGUE,D1,9,69,3,11,7,2,7,2,7,2,7,4,7,2,7,3,7,2,7,5,true,false,false,false
DOMESTIC_CUP_96H_SIDE,BOTH,LEAGUE,DNK,9,44,2,7,9,6,9,3,9,3,0,0,0,0,9,6,9,4,0,0,true,false,false,false
DOMESTIC_CUP_96H_SIDE,BOTH,LEAGUE,E0,9,139,11,18,7,4,7,2,7,4,7,2,7,2,7,5,7,3,7,4,true,false,false,false
DOMESTIC_CUP_96H_SIDE,BOTH,LEAGUE,F1,9,60,2,14,7,2,7,3,7,4,7,4,7,3,7,3,7,4,7,4,true,false,false,false
DOMESTIC_CUP_96H_SIDE,BOTH,LEAGUE,I1,9,25,1,5,7,3,7,4,7,1,7,2,7,4,7,3,7,3,7,4,true,false,false,false
DOMESTIC_CUP_96H_SIDE,BOTH,LEAGUE,N1,9,86,2,15,7,3,7,4,7,1,7,2,7,4,7,3,7,1,7,2,true,false,false,false
DOMESTIC_CUP_96H_SIDE,BOTH,LEAGUE,NOR,6,78,3,19,6,3,6,3,6,3,0,0,0,0,6,3,6,3,0,0,true,false,false,false
DOMESTIC_CUP_96H_SIDE,BOTH,LEAGUE,P1,7,14,1,3,6,4,6,3,6,0,6,2,6,5,6,4,6,1,6,2,true,false,false,false
DOMESTIC_CUP_96H_SIDE,BOTH,LEAGUE,POL,7,50,2,10,7,4,7,4,7,1,0,0,0,0,7,4,7,1,0,0,true,false,false,false
DOMESTIC_CUP_96H_SIDE,BOTH,LEAGUE,SC0,8,30,1,8,6,3,6,5,6,2,6,2,6,4,6,3,6,2,6,3,true,false,false,false
DOMESTIC_CUP_96H_SIDE,BOTH,LEAGUE,SP1,8,121,6,27,7,6,7,3,7,1,7,4,7,4,7,6,7,1,7,3,true,false,false,false
DOMESTIC_CUP_96H_SIDE,BOTH,LEAGUE,T1,8,74,5,15,6,2,6,3,6,2,6,4,6,1,6,3,6,2,6,4,true,false,false,false
DOMESTIC_CUP_96H_SIDE,HOME_ONLY,ALL,ALL,9,1111,98,138,9,3,9,2,9,3,7,0,7,1,9,4,9,4,7,3,true,false,false,false
DOMESTIC_CUP_96H_SIDE,HOME_ONLY,LEAGUE,AUT,9,42,1,9,9,6,9,3,9,2,0,0,0,0,9,6,9,4,0,0,true,false,false,false
DOMESTIC_CUP_96H_SIDE,HOME_ONLY,LEAGUE,B1,7,43,3,9,7,1,7,3,7,4,7,5,7,1,7,1,7,6,7,5,true,false,false,false
DOMESTIC_CUP_96H_SIDE,HOME_ONLY,LEAGUE,D1,9,61,4,11,7,4,7,2,7,3,7,3,7,3,7,5,7,2,7,4,true,false,false,false
DOMESTIC_CUP_96H_SIDE,HOME_ONLY,LEAGUE,DNK,9,93,3,18,9,2,9,4,9,4,0,0,0,0,9,3,9,4,0,0,true,false,false,false
DOMESTIC_CUP_96H_SIDE,HOME_ONLY,LEAGUE,E0,9,133,9,21,7,4,7,2,7,4,7,4,7,1,7,3,7,3,7,4,true,false,false,false
DOMESTIC_CUP_96H_SIDE,HOME_ONLY,LEAGUE,F1,9,91,4,17,7,3,7,4,7,4,7,3,7,4,7,3,7,4,7,3,true,false,false,false
DOMESTIC_CUP_96H_SIDE,HOME_ONLY,LEAGUE,I1,9,110,8,16,7,2,7,3,7,1,7,2,7,4,7,2,7,3,7,2,true,false,false,false
DOMESTIC_CUP_96H_SIDE,HOME_ONLY,LEAGUE,N1,9,105,7,18,7,3,7,4,7,0,7,0,7,2,7,3,7,2,7,2,true,false,false,false
DOMESTIC_CUP_96H_SIDE,HOME_ONLY,LEAGUE,NOR,6,37,3,9,6,2,6,2,6,3,0,0,0,0,6,2,6,4,0,0,true,false,false,false
DOMESTIC_CUP_96H_SIDE,HOME_ONLY,LEAGUE,P1,9,76,2,13,7,0,7,3,7,2,7,3,7,4,7,2,7,5,7,3,true,false,false,false
DOMESTIC_CUP_96H_SIDE,HOME_ONLY,LEAGUE,POL,7,40,3,9,7,3,7,4,7,3,0,0,0,0,7,2,7,3,0,0,true,false,false,false
DOMESTIC_CUP_96H_SIDE,HOME_ONLY,LEAGUE,SC0,8,30,2,7,6,1,6,6,6,2,6,1,6,5,6,1,6,2,6,1,true,false,false,false
DOMESTIC_CUP_96H_SIDE,HOME_ONLY,LEAGUE,SP1,8,109,10,19,7,5,7,0,7,3,7,3,7,3,7,5,7,5,7,4,true,false,false,false
DOMESTIC_CUP_96H_SIDE,HOME_ONLY,LEAGUE,T1,9,141,10,20,7,4,7,4,7,0,7,2,7,4,7,4,7,1,7,3,true,false,false,false
DOMESTIC_CUP_96H_SIDE,NEITHER,ALL,ALL,9,34208,3549,3948,9,1,9,1,9,0,7,0,7,0,9,5,9,3,7,5,true,false,false,false
DOMESTIC_CUP_96H_SIDE,NEITHER,LEAGUE,AUT,9,1592,161,182,9,2,9,3,9,2,0,0,0,0,9,3,9,7,0,0,true,false,false,false
DOMESTIC_CUP_96H_SIDE,NEITHER,LEAGUE,B1,9,2387,205,289,7,2,7,1,7,2,7,1,7,2,7,3,7,5,7,3,true,false,false,false
DOMESTIC_CUP_96H_SIDE,NEITHER,LEAGUE,D1,9,2554,278,291,7,3,7,4,7,2,7,1,7,0,7,3,7,3,7,6,true,false,false,false
DOMESTIC_CUP_96H_SIDE,NEITHER,LEAGUE,DNK,9,1690,165,221,9,2,9,3,9,0,0,0,0,0,9,5,9,2,0,0,true,false,false,false
DOMESTIC_CUP_96H_SIDE,NEITHER,LEAGUE,E0,9,3013,329,343,7,2,7,1,7,3,7,1,7,2,7,4,7,2,7,3,true,false,false,false
DOMESTIC_CUP_96H_SIDE,NEITHER,LEAGUE,F1,9,2844,237,361,7,1,7,1,7,2,7,2,7,0,7,3,7,5,7,4,true,false,false,false
DOMESTIC_CUP_96H_SIDE,NEITHER,LEAGUE,I1,9,3189,347,362,7,0,7,3,7,3,7,1,7,1,7,0,7,4,7,4,true,false,false,false
DOMESTIC_CUP_96H_SIDE,NEITHER,LEAGUE,N1,9,2408,200,285,7,1,7,5,7,1,7,1,7,1,7,1,7,2,7,3,true,false,false,false
DOMESTIC_CUP_96H_SIDE,NEITHER,LEAGUE,NOR,9,2017,209,240,9,2,9,2,9,1,0,0,0,0,9,6,9,3,0,0,true,false,false,false
DOMESTIC_CUP_96H_SIDE,NEITHER,LEAGUE,P1,9,2591,283,294,7,1,7,0,7,0,7,1,7,1,7,3,7,2,7,4,true,false,false,false
DOMESTIC_CUP_96H_SIDE,NEITHER,LEAGUE,POL,8,2202,223,296,8,1,8,1,8,0,0,0,0,0,8,8,8,2,0,0,true,false,false,false
DOMESTIC_CUP_96H_SIDE,NEITHER,LEAGUE,SC0,9,1905,163,228,7,3,7,1,7,1,7,3,7,1,7,5,7,1,7,4,true,false,false,false
DOMESTIC_CUP_96H_SIDE,NEITHER,LEAGUE,SP1,9,3080,324,380,7,1,7,4,7,0,7,1,7,2,7,4,7,1,7,3,true,false,false,false
DOMESTIC_CUP_96H_SIDE,NEITHER,LEAGUE,T1,9,2736,256,388,7,0,7,1,7,0,7,0,7,1,7,5,7,1,7,5,true,false,false,false
NONLEAGUE_72H_SIDE,AWAY_ONLY,ALL,ALL,9,2010,170,261,9,1,9,4,9,2,7,2,7,2,9,2,9,6,7,3,true,false,false,false
NONLEAGUE_72H_SIDE,AWAY_ONLY,LEAGUE,AUT,9,159,12,26,9,2,9,4,9,6,0,0,0,0,9,4,9,6,0,0,true,false,false,false
NONLEAGUE_72H_SIDE,AWAY_ONLY,LEAGUE,B1,9,142,6,27,7,2,7,3,7,2,7,2,7,3,7,4,7,3,7,2,true,false,false,false
NONLEAGUE_72H_SIDE,AWAY_ONLY,LEAGUE,D1,9,207,16,30,7,3,7,6,7,2,7,2,7,4,7,3,7,2,7,2,true,false,false,false
NONLEAGUE_72H_SIDE,AWAY_ONLY,LEAGUE,DNK,9,129,7,19,9,2,9,4,9,3,0,0,0,0,9,4,9,3,0,0,true,false,false,false
NONLEAGUE_72H_SIDE,AWAY_ONLY,LEAGUE,E0,9,229,19,34,7,2,7,1,7,4,7,6,7,1,7,4,7,4,7,6,true,false,false,false
NONLEAGUE_72H_SIDE,AWAY_ONLY,LEAGUE,F1,9,177,11,26,7,0,7,5,7,2,7,3,7,2,7,2,7,3,7,5,true,false,false,false
NONLEAGUE_72H_SIDE,AWAY_ONLY,LEAGUE,I1,9,137,10,20,7,2,7,2,7,3,7,4,7,2,7,4,7,3,7,4,true,false,false,false
NONLEAGUE_72H_SIDE,AWAY_ONLY,LEAGUE,N1,9,186,13,33,7,4,7,4,7,2,7,1,7,3,7,3,7,2,7,3,true,false,false,false
NONLEAGUE_72H_SIDE,AWAY_ONLY,LEAGUE,NOR,9,84,3,19,9,4,9,3,9,6,0,0,0,0,9,5,9,7,0,0,true,false,false,false
NONLEAGUE_72H_SIDE,AWAY_ONLY,LEAGUE,P1,8,43,2,12,7,1,7,4,7,4,7,4,7,2,7,4,7,4,7,4,true,false,false,false
NONLEAGUE_72H_SIDE,AWAY_ONLY,LEAGUE,POL,8,97,4,23,8,3,8,5,8,2,0,0,0,0,8,2,8,2,0,0,true,false,false,false
NONLEAGUE_72H_SIDE,AWAY_ONLY,LEAGUE,SC0,9,102,5,17,7,3,7,4,7,2,7,5,7,1,7,4,7,3,7,6,true,false,false,false
NONLEAGUE_72H_SIDE,AWAY_ONLY,LEAGUE,SP1,9,245,16,40,7,3,7,3,7,3,7,3,7,3,7,3,7,5,7,4,true,false,false,false
NONLEAGUE_72H_SIDE,AWAY_ONLY,LEAGUE,T1,9,73,2,13,7,1,7,5,7,2,7,3,7,3,7,3,7,3,7,3,true,false,false,false
NONLEAGUE_72H_SIDE,BOTH,ALL,ALL,9,397,32,53,9,5,9,3,9,2,7,3,7,2,9,6,9,3,7,4,true,false,false,false
NONLEAGUE_72H_SIDE,BOTH,LEAGUE,AUT,9,25,1,5,9,2,9,6,9,4,0,0,0,0,9,2,9,3,0,0,true,false,false,false
NONLEAGUE_72H_SIDE,BOTH,LEAGUE,B1,8,45,3,9,7,2,7,2,7,3,7,3,7,4,7,4,7,4,7,3,true,false,false,false
NONLEAGUE_72H_SIDE,BOTH,LEAGUE,D1,9,46,3,7,7,3,7,2,7,3,7,5,7,1,7,2,7,3,7,5,true,false,false,false
NONLEAGUE_72H_SIDE,BOTH,LEAGUE,DNK,7,17,1,4,7,3,7,2,7,2,0,0,0,0,7,3,7,2,0,0,true,false,false,false
NONLEAGUE_72H_SIDE,BOTH,LEAGUE,E0,9,52,3,10,7,4,7,4,7,2,7,2,7,4,7,3,7,3,7,2,true,false,false,false
NONLEAGUE_72H_SIDE,BOTH,LEAGUE,F1,9,32,1,7,7,3,7,1,7,2,7,2,7,3,7,5,7,3,7,3,true,false,false,false
NONLEAGUE_72H_SIDE,BOTH,LEAGUE,I1,7,12,1,3,7,1,7,2,7,5,7,3,7,4,7,3,7,6,7,3,true,false,false,false
NONLEAGUE_72H_SIDE,BOTH,LEAGUE,N1,9,37,1,7,7,4,7,3,7,4,7,3,7,2,7,3,7,3,7,4,true,false,false,false
NONLEAGUE_72H_SIDE,BOTH,LEAGUE,NOR,6,30,1,9,6,2,6,2,6,3,0,0,0,0,6,2,6,5,0,0,true,false,false,false
NONLEAGUE_72H_SIDE,BOTH,LEAGUE,P1,3,3,1,1,3,3,3,0,3,0,3,1,3,2,3,3,3,0,3,1,true,false,false,false
NONLEAGUE_72H_SIDE,BOTH,LEAGUE,POL,6,11,1,3,6,2,6,3,6,2,0,0,0,0,6,2,6,2,0,0,true,false,false,false
NONLEAGUE_72H_SIDE,BOTH,LEAGUE,SC0,8,21,1,4,6,2,6,3,6,3,6,1,6,4,6,1,6,2,6,1,true,false,false,false
NONLEAGUE_72H_SIDE,BOTH,LEAGUE,SP1,9,61,2,10,7,7,7,2,7,1,7,1,7,6,7,7,7,1,7,1,true,false,false,false
NONLEAGUE_72H_SIDE,BOTH,LEAGUE,T1,4,5,1,2,3,0,3,1,3,2,3,3,3,0,3,1,3,2,3,3,true,false,false,false
NONLEAGUE_72H_SIDE,HOME_ONLY,ALL,ALL,9,2078,185,265,9,4,9,2,9,0,7,1,7,0,9,6,9,3,7,4,true,false,false,false
NONLEAGUE_72H_SIDE,HOME_ONLY,LEAGUE,AUT,9,125,7,19,9,3,9,5,9,2,0,0,0,0,9,5,9,5,0,0,true,false,false,false
NONLEAGUE_72H_SIDE,HOME_ONLY,LEAGUE,B1,9,162,4,27,7,2,7,3,7,3,7,4,7,1,7,4,7,2,7,6,true,false,false,false
NONLEAGUE_72H_SIDE,HOME_ONLY,LEAGUE,D1,9,198,15,29,7,3,7,4,7,3,7,2,7,1,7,3,7,2,7,5,true,false,false,false
NONLEAGUE_72H_SIDE,HOME_ONLY,LEAGUE,DNK,9,139,8,19,9,5,9,2,9,3,0,0,0,0,9,5,9,4,0,0,true,false,false,false
NONLEAGUE_72H_SIDE,HOME_ONLY,LEAGUE,E0,9,260,17,44,7,3,7,3,7,4,7,2,7,2,7,3,7,5,7,4,true,false,false,false
NONLEAGUE_72H_SIDE,HOME_ONLY,LEAGUE,F1,9,188,15,24,7,5,7,0,7,1,7,4,7,2,7,6,7,3,7,5,true,false,false,false
NONLEAGUE_72H_SIDE,HOME_ONLY,LEAGUE,I1,9,175,12,29,7,3,7,5,7,1,7,2,7,4,7,4,7,1,7,2,true,false,false,false
NONLEAGUE_72H_SIDE,HOME_ONLY,LEAGUE,N1,9,168,10,30,7,4,7,2,7,1,7,4,7,3,7,4,7,2,7,4,true,false,false,false
NONLEAGUE_72H_SIDE,HOME_ONLY,LEAGUE,NOR,9,77,3,13,9,4,9,4,9,2,0,0,0,0,9,5,9,1,0,0,true,false,false,false
NONLEAGUE_72H_SIDE,HOME_ONLY,LEAGUE,P1,9,35,2,7,7,4,7,1,7,3,7,2,7,5,7,5,7,4,7,2,true,false,false,false
NONLEAGUE_72H_SIDE,HOME_ONLY,LEAGUE,POL,8,92,8,18,8,4,8,3,8,5,0,0,0,0,8,5,8,4,0,0,true,false,false,false
NONLEAGUE_72H_SIDE,HOME_ONLY,LEAGUE,SC0,9,107,5,18,7,3,7,2,7,1,7,3,7,2,7,5,7,3,7,3,true,false,false,false
NONLEAGUE_72H_SIDE,HOME_ONLY,LEAGUE,SP1,9,233,20,35,7,5,7,2,7,0,7,1,7,4,7,5,7,1,7,2,true,false,false,false
NONLEAGUE_72H_SIDE,HOME_ONLY,LEAGUE,T1,9,119,10,17,7,2,7,4,7,1,7,2,7,3,7,4,7,2,7,3,true,false,false,false
NONLEAGUE_72H_SIDE,NEITHER,ALL,ALL,9,32842,3467,3816,9,0,9,0,9,0,7,0,7,0,9,5,9,4,7,5,true,false,false,false
NONLEAGUE_72H_SIDE,NEITHER,LEAGUE,AUT,9,1425,136,166,9,3,9,3,9,2,0,0,0,0,9,2,9,7,0,0,true,false,false,false
NONLEAGUE_72H_SIDE,NEITHER,LEAGUE,B1,9,2213,190,280,7,1,7,1,7,2,7,1,7,2,7,3,7,4,7,2,true,false,false,false
NONLEAGUE_72H_SIDE,NEITHER,LEAGUE,D1,9,2302,243,264,7,3,7,2,7,2,7,2,7,0,7,3,7,2,7,7,true,false,false,false
NONLEAGUE_72H_SIDE,NEITHER,LEAGUE,DNK,9,1598,154,212,9,2,9,3,9,0,0,0,0,0,9,5,9,1,0,0,true,false,false,false
NONLEAGUE_72H_SIDE,NEITHER,LEAGUE,E0,9,2879,304,333,7,2,7,2,7,2,7,1,7,2,7,3,7,4,7,3,true,false,false,false
NONLEAGUE_72H_SIDE,NEITHER,LEAGUE,F1,9,2699,237,350,7,2,7,1,7,4,7,2,7,0,7,3,7,5,7,3,true,false,false,false
NONLEAGUE_72H_SIDE,NEITHER,LEAGUE,I1,9,3095,329,357,7,0,7,3,7,3,7,1,7,1,7,0,7,5,7,5,true,false,false,false
NONLEAGUE_72H_SIDE,NEITHER,LEAGUE,N1,9,2287,188,277,7,1,7,5,7,0,7,1,7,1,7,1,7,2,7,2,true,false,false,false
NONLEAGUE_72H_SIDE,NEITHER,LEAGUE,NOR,9,1972,204,229,9,2,9,3,9,1,0,0,0,0,9,6,9,4,0,0,true,false,false,false
NONLEAGUE_72H_SIDE,NEITHER,LEAGUE,P1,9,2673,289,303,7,1,7,1,7,0,7,1,7,1,7,4,7,3,7,4,true,false,false,false
NONLEAGUE_72H_SIDE,NEITHER,LEAGUE,POL,8,2161,226,285,8,2,8,0,8,0,0,0,0,0,8,8,8,3,0,0,true,false,false,false
NONLEAGUE_72H_SIDE,NEITHER,LEAGUE,SC0,9,1772,151,214,7,3,7,1,7,1,7,4,7,1,7,5,7,1,7,4,true,false,false,false
NONLEAGUE_72H_SIDE,NEITHER,LEAGUE,SP1,9,2881,296,342,7,3,7,4,7,0,7,1,7,1,7,3,7,1,7,3,true,false,false,false
NONLEAGUE_72H_SIDE,NEITHER,LEAGUE,T1,9,2885,274,401,7,1,7,1,7,0,7,0,7,0,7,4,7,1,7,4,true,false,false,false
NONLEAGUE_96H_SIDE,AWAY_ONLY,ALL,ALL,9,3131,276,420,9,1,9,5,9,3,7,1,7,0,9,3,9,4,7,3,true,false,false,false
NONLEAGUE_96H_SIDE,AWAY_ONLY,LEAGUE,AUT,9,184,17,25,9,3,9,5,9,5,0,0,0,0,9,3,9,6,0,0,true,false,false,false
NONLEAGUE_96H_SIDE,AWAY_ONLY,LEAGUE,B1,9,183,8,28,7,4,7,4,7,2,7,1,7,5,7,5,7,2,7,2,true,false,false,false
NONLEAGUE_96H_SIDE,AWAY_ONLY,LEAGUE,D1,9,277,24,42,7,2,7,5,7,0,7,4,7,2,7,3,7,0,7,5,true,false,false,false
NONLEAGUE_96H_SIDE,AWAY_ONLY,LEAGUE,DNK,9,170,11,24,9,2,9,3,9,3,0,0,0,0,9,5,9,4,0,0,true,false,false,false
NONLEAGUE_96H_SIDE,AWAY_ONLY,LEAGUE,E0,9,340,29,51,7,3,7,3,7,3,7,6,7,1,7,5,7,3,7,6,true,false,false,false
NONLEAGUE_96H_SIDE,AWAY_ONLY,LEAGUE,F1,9,267,17,40,7,2,7,4,7,3,7,2,7,3,7,3,7,3,7,3,true,false,false,false
NONLEAGUE_96H_SIDE,AWAY_ONLY,LEAGUE,I1,9,293,21,42,7,0,7,3,7,4,7,2,7,2,7,4,7,3,7,3,true,false,false,false
NONLEAGUE_96H_SIDE,AWAY_ONLY,LEAGUE,N1,9,232,18,34,7,2,7,2,7,3,7,3,7,1,7,2,7,4,7,5,true,false,false,false
NONLEAGUE_96H_SIDE,AWAY_ONLY,LEAGUE,NOR,9,117,4,24,9,2,9,2,9,8,0,0,0,0,9,6,9,8,0,0,true,false,false,false
NONLEAGUE_96H_SIDE,AWAY_ONLY,LEAGUE,P1,9,189,17,27,7,2,7,2,7,5,7,2,7,3,7,4,7,5,7,3,true,false,false,false
NONLEAGUE_96H_SIDE,AWAY_ONLY,LEAGUE,POL,8,157,7,34,8,2,8,4,8,4,0,0,0,0,8,3,8,5,0,0,true,false,false,false
NONLEAGUE_96H_SIDE,AWAY_ONLY,LEAGUE,SC0,9,137,6,21,7,4,7,5,7,1,7,4,7,1,7,5,7,2,7,5,true,false,false,false
NONLEAGUE_96H_SIDE,AWAY_ONLY,LEAGUE,SP1,9,341,25,48,7,4,7,3,7,5,7,5,7,2,7,3,7,5,7,5,true,false,false,false
NONLEAGUE_96H_SIDE,AWAY_ONLY,LEAGUE,T1,9,244,17,37,7,1,7,5,7,2,7,2,7,4,7,3,7,3,7,2,true,false,false,false
NONLEAGUE_96H_SIDE,BOTH,ALL,ALL,9,1305,120,170,9,4,9,6,9,1,7,3,7,1,9,6,9,2,7,4,true,false,false,false
NONLEAGUE_96H_SIDE,BOTH,LEAGUE,AUT,9,76,4,12,9,1,9,7,9,2,0,0,0,0,9,3,9,4,0,0,true,false,false,false
NONLEAGUE_96H_SIDE,BOTH,LEAGUE,B1,8,116,6,21,7,1,7,5,7,2,7,2,7,4,7,2,7,3,7,3,true,false,false,false
NONLEAGUE_96H_SIDE,BOTH,LEAGUE,D1,9,140,7,21,7,2,7,2,7,3,7,4,7,1,7,2,7,3,7,4,true,false,false,false
NONLEAGUE_96H_SIDE,BOTH,LEAGUE,DNK,9,63,2,11,9,5,9,3,9,2,0,0,0,0,9,5,9,4,0,0,true,false,false,false
NONLEAGUE_96H_SIDE,BOTH,LEAGUE,E0,9,194,16,27,7,3,7,3,7,5,7,2,7,2,7,3,7,4,7,3,true,false,false,false
NONLEAGUE_96H_SIDE,BOTH,LEAGUE,F1,9,95,5,17,7,3,7,3,7,3,7,2,7,4,7,4,7,3,7,3,true,false,false,false
NONLEAGUE_96H_SIDE,BOTH,LEAGUE,I1,9,59,2,14,7,4,7,2,7,3,7,4,7,3,7,4,7,4,7,4,true,false,false,false
NONLEAGUE_96H_SIDE,BOTH,LEAGUE,N1,9,112,3,18,7,5,7,3,7,2,7,4,7,2,7,5,7,1,7,4,true,false,false,false
NONLEAGUE_96H_SIDE,BOTH,LEAGUE,NOR,7,83,2,19,7,3,7,5,7,3,0,0,0,0,7,4,7,3,0,0,true,false,false,false
NONLEAGUE_96H_SIDE,BOTH,LEAGUE,P1,8,19,1,4,6,3,6,4,6,1,6,2,6,4,6,3,6,1,6,2,true,false,false,false
NONLEAGUE_96H_SIDE,BOTH,LEAGUE,POL,7,54,2,11,7,2,7,5,7,1,0,0,0,0,7,4,7,1,0,0,true,false,false,false
NONLEAGUE_96H_SIDE,BOTH,LEAGUE,SC0,9,40,1,8,7,3,7,3,7,3,7,2,7,5,7,4,7,3,7,2,true,false,false,false
NONLEAGUE_96H_SIDE,BOTH,LEAGUE,SP1,9,172,6,34,7,5,7,3,7,1,7,2,7,5,7,5,7,2,7,2,true,false,false,false
NONLEAGUE_96H_SIDE,BOTH,LEAGUE,T1,9,82,1,16,7,3,7,4,7,2,7,4,7,2,7,4,7,3,7,4,true,false,false,false
NONLEAGUE_96H_SIDE,HOME_ONLY,ALL,ALL,9,3251,296,423,9,2,9,1,9,3,7,0,7,0,9,5,9,4,7,4,true,false,false,false
NONLEAGUE_96H_SIDE,HOME_ONLY,LEAGUE,AUT,9,162,10,23,9,4,9,3,9,3,0,0,0,0,9,4,9,4,0,0,true,false,false,false
NONLEAGUE_96H_SIDE,HOME_ONLY,LEAGUE,B1,9,191,9,36,7,2,7,4,7,4,7,5,7,2,7,3,7,4,7,5,true,false,false,false
NONLEAGUE_96H_SIDE,HOME_ONLY,LEAGUE,D1,9,272,25,40,7,2,7,4,7,3,7,1,7,2,7,5,7,2,7,5,true,false,false,false
NONLEAGUE_96H_SIDE,HOME_ONLY,LEAGUE,DNK,9,199,17,29,9,3,9,1,9,4,0,0,0,0,9,5,9,5,0,0,true,false,false,false
NONLEAGUE_96H_SIDE,HOME_ONLY,LEAGUE,E0,9,391,33,58,7,3,7,4,7,3,7,2,7,1,7,3,7,4,7,5,true,false,false,false
NONLEAGUE_96H_SIDE,HOME_ONLY,LEAGUE,F1,9,283,23,38,7,4,7,2,7,1,7,3,7,3,7,3,7,2,7,3,true,false,false,false
NONLEAGUE_96H_SIDE,HOME_ONLY,LEAGUE,I1,9,338,25,49,7,2,7,3,7,1,7,2,7,4,7,3,7,2,7,2,true,false,false,false
NONLEAGUE_96H_SIDE,HOME_ONLY,LEAGUE,N1,9,238,13,37,7,3,7,3,7,1,7,3,7,2,7,5,7,1,7,4,true,false,false,false
NONLEAGUE_96H_SIDE,HOME_ONLY,LEAGUE,NOR,9,119,6,19,9,4,9,3,9,4,0,0,0,0,9,5,9,5,0,0,true,false,false,false
NONLEAGUE_96H_SIDE,HOME_ONLY,LEAGUE,P1,9,195,12,26,7,0,7,2,7,2,7,3,7,4,7,3,7,4,7,3,true,false,false,false
NONLEAGUE_96H_SIDE,HOME_ONLY,LEAGUE,POL,8,133,10,25,8,2,8,5,8,5,0,0,0,0,8,3,8,4,0,0,true,false,false,false
NONLEAGUE_96H_SIDE,HOME_ONLY,LEAGUE,SC0,9,134,10,22,7,2,7,2,7,1,7,2,7,4,7,4,7,3,7,3,true,false,false,false
NONLEAGUE_96H_SIDE,HOME_ONLY,LEAGUE,SP1,9,332,30,46,7,5,7,0,7,2,7,4,7,3,7,6,7,2,7,4,true,false,false,false
NONLEAGUE_96H_SIDE,HOME_ONLY,LEAGUE,T1,9,264,23,41,7,4,7,3,7,1,7,2,7,4,7,6,7,2,7,3,true,false,false,false
NONLEAGUE_96H_SIDE,NEITHER,ALL,ALL,9,29640,3123,3510,9,0,9,0,9,0,7,0,7,0,9,5,9,2,7,5,true,false,false,false
NONLEAGUE_96H_SIDE,NEITHER,LEAGUE,AUT,9,1312,125,154,9,1,9,3,9,3,0,0,0,0,9,2,9,5,0,0,true,false,false,false
NONLEAGUE_96H_SIDE,NEITHER,LEAGUE,B1,9,2072,171,264,7,1,7,1,7,1,7,1,7,3,7,3,7,5,7,3,true,false,false,false
NONLEAGUE_96H_SIDE,NEITHER,LEAGUE,D1,9,2064,210,244,7,2,7,2,7,2,7,2,7,0,7,3,7,4,7,6,true,false,false,false
NONLEAGUE_96H_SIDE,NEITHER,LEAGUE,DNK,9,1451,135,197,9,2,9,5,9,0,0,0,0,0,9,6,9,1,0,0,true,false,false,false
NONLEAGUE_96H_SIDE,NEITHER,LEAGUE,E0,9,2495,251,298,7,2,7,2,7,2,7,1,7,4,7,4,7,4,7,1,true,false,false,false
NONLEAGUE_96H_SIDE,NEITHER,LEAGUE,F1,9,2451,211,326,7,1,7,0,7,4,7,2,7,0,7,3,7,5,7,4,true,false,false,false
NONLEAGUE_96H_SIDE,NEITHER,LEAGUE,I1,9,2729,285,327,7,0,7,4,7,3,7,1,7,1,7,0,7,4,7,4,true,false,false,false
NONLEAGUE_96H_SIDE,NEITHER,LEAGUE,N1,9,2096,166,260,7,1,7,5,7,0,7,1,7,1,7,1,7,1,7,2,true,false,false,false
NONLEAGUE_96H_SIDE,NEITHER,LEAGUE,NOR,9,1844,186,226,9,2,9,3,9,1,0,0,0,0,9,6,9,4,0,0,true,false,false,false
NONLEAGUE_96H_SIDE,NEITHER,LEAGUE,P1,9,2351,253,267,7,1,7,3,7,0,7,0,7,1,7,4,7,1,7,6,true,false,false,false
NONLEAGUE_96H_SIDE,NEITHER,LEAGUE,POL,8,2017,210,279,8,3,8,1,8,0,0,0,0,0,8,8,8,1,0,0,true,false,false,false
NONLEAGUE_96H_SIDE,NEITHER,LEAGUE,SC0,9,1691,141,204,7,3,7,1,7,1,7,4,7,1,7,6,7,2,7,4,true,false,false,false
NONLEAGUE_96H_SIDE,NEITHER,LEAGUE,SP1,9,2575,263,319,7,1,7,4,7,0,7,1,7,2,7,3,7,1,7,3,true,false,false,false
NONLEAGUE_96H_SIDE,NEITHER,LEAGUE,T1,9,2492,229,372,7,0,7,1,7,0,7,0,7,0,7,5,7,2,7,5,true,false,false,false
PREV_NONLEAGUE_THURSDAY_SIDE,AWAY_ONLY,ALL,ALL,9,5711,530,710,9,1,9,1,9,1,7,1,7,1,9,4,9,4,7,5,true,false,false,false
PREV_NONLEAGUE_THURSDAY_SIDE,AWAY_ONLY,LEAGUE,AUT,9,275,12,47,9,4,9,4,9,2,0,0,0,0,9,5,9,4,0,0,true,false,false,false
PREV_NONLEAGUE_THURSDAY_SIDE,AWAY_ONLY,LEAGUE,B1,9,443,35,63,7,3,7,3,7,0,7,3,7,2,7,4,7,1,7,4,true,false,false,false
PREV_NONLEAGUE_THURSDAY_SIDE,AWAY_ONLY,LEAGUE,D1,9,337,28,45,7,1,7,5,7,4,7,2,7,5,7,1,7,5,7,2,true,false,false,false
PREV_NONLEAGUE_THURSDAY_SIDE,AWAY_ONLY,LEAGUE,DNK,9,378,33,56,9,3,9,5,9,2,0,0,0,0,9,5,9,3,0,0,true,false,false,false
PREV_NONLEAGUE_THURSDAY_SIDE,AWAY_ONLY,LEAGUE,E0,9,348,20,70,7,4,7,3,7,4,7,2,7,3,7,4,7,3,7,3,true,false,false,false
PREV_NONLEAGUE_THURSDAY_SIDE,AWAY_ONLY,LEAGUE,F1,9,365,27,51,7,2,7,3,7,4,7,1,7,2,7,2,7,4,7,2,true,false,false,false
PREV_NONLEAGUE_THURSDAY_SIDE,AWAY_ONLY,LEAGUE,I1,9,597,48,82,7,1,7,1,7,5,7,3,7,1,7,4,7,6,7,5,true,false,false,false
PREV_NONLEAGUE_THURSDAY_SIDE,AWAY_ONLY,LEAGUE,N1,9,498,46,69,7,3,7,4,7,0,7,3,7,3,7,4,7,3,7,3,true,false,false,false
PREV_NONLEAGUE_THURSDAY_SIDE,AWAY_ONLY,LEAGUE,NOR,9,266,14,40,9,5,9,2,9,5,0,0,0,0,9,5,9,6,0,0,true,false,false,false
PREV_NONLEAGUE_THURSDAY_SIDE,AWAY_ONLY,LEAGUE,P1,9,379,17,53,7,2,7,3,7,1,7,2,7,4,7,3,7,4,7,2,true,false,false,false
PREV_NONLEAGUE_THURSDAY_SIDE,AWAY_ONLY,LEAGUE,POL,8,407,40,69,8,4,8,3,8,3,0,0,0,0,8,7,8,4,0,0,true,false,false,false
PREV_NONLEAGUE_THURSDAY_SIDE,AWAY_ONLY,LEAGUE,SC0,9,206,13,33,7,3,7,2,7,2,7,4,7,1,7,3,7,3,7,4,true,false,false,false
PREV_NONLEAGUE_THURSDAY_SIDE,AWAY_ONLY,LEAGUE,SP1,9,598,52,76,7,3,7,2,7,5,7,1,7,3,7,4,7,4,7,4,true,false,false,false
PREV_NONLEAGUE_THURSDAY_SIDE,AWAY_ONLY,LEAGUE,T1,9,614,59,87,7,1,7,1,7,2,7,4,7,0,7,2,7,5,7,6,true,false,false,false
PREV_NONLEAGUE_THURSDAY_SIDE,BOTH,ALL,ALL,9,1842,114,278,9,3,9,4,9,2,7,2,7,3,9,5,9,4,7,3,true,false,false,false
PREV_NONLEAGUE_THURSDAY_SIDE,BOTH,LEAGUE,AUT,9,68,1,23,9,3,9,7,9,5,0,0,0,0,9,3,9,5,0,0,true,false,false,false
PREV_NONLEAGUE_THURSDAY_SIDE,BOTH,LEAGUE,B1,9,185,5,38,7,2,7,3,7,3,7,1,7,5,7,3,7,3,7,1,true,false,false,false
PREV_NONLEAGUE_THURSDAY_SIDE,BOTH,LEAGUE,D1,9,50,4,8,7,3,7,2,7,2,7,4,7,1,7,3,7,3,7,6,true,false,false,false
PREV_NONLEAGUE_THURSDAY_SIDE,BOTH,LEAGUE,DNK,9,196,9,45,9,4,9,3,9,4,0,0,0,0,9,5,9,6,0,0,true,false,false,false
PREV_NONLEAGUE_THURSDAY_SIDE,BOTH,LEAGUE,E0,9,41,1,19,7,2,7,3,7,2,7,4,7,2,7,6,7,3,7,4,true,false,false,false
PREV_NONLEAGUE_THURSDAY_SIDE,BOTH,LEAGUE,F1,9,61,2,13,7,6,7,3,7,1,7,2,7,3,7,6,7,1,7,4,true,false,false,false
PREV_NONLEAGUE_THURSDAY_SIDE,BOTH,LEAGUE,I1,9,208,7,40,7,0,7,5,7,5,7,5,7,2,7,1,7,5,7,5,true,false,false,false
PREV_NONLEAGUE_THURSDAY_SIDE,BOTH,LEAGUE,N1,9,157,9,32,7,2,7,3,7,3,7,3,7,2,7,3,7,3,7,4,true,false,false,false
PREV_NONLEAGUE_THURSDAY_SIDE,BOTH,LEAGUE,NOR,8,122,4,33,8,4,8,3,8,3,0,0,0,0,8,6,8,4,0,0,true,false,false,false
PREV_NONLEAGUE_THURSDAY_SIDE,BOTH,LEAGUE,P1,9,69,2,17,7,4,7,2,7,2,7,3,7,2,7,5,7,3,7,3,true,false,false,false
PREV_NONLEAGUE_THURSDAY_SIDE,BOTH,LEAGUE,POL,8,125,3,51,8,4,8,3,8,3,0,0,0,0,8,6,8,3,0,0,true,false,false,false
PREV_NONLEAGUE_THURSDAY_SIDE,BOTH,LEAGUE,SC0,8,42,2,14,6,1,6,2,6,2,6,2,6,4,6,3,6,4,6,2,true,false,false,false
PREV_NONLEAGUE_THURSDAY_SIDE,BOTH,LEAGUE,SP1,9,255,8,47,7,2,7,4,7,1,7,0,7,6,7,3,7,2,7,0,true,false,false,false
PREV_NONLEAGUE_THURSDAY_SIDE,BOTH,LEAGUE,T1,9,263,16,51,7,1,7,3,7,3,7,2,7,2,7,1,7,4,7,3,true,false,false,false
PREV_NONLEAGUE_THURSDAY_SIDE,HOME_ONLY,ALL,ALL,9,5709,534,709,9,2,9,3,9,1,7,0,7,0,9,5,9,5,7,5,true,false,false,false
PREV_NONLEAGUE_THURSDAY_SIDE,HOME_ONLY,LEAGUE,AUT,9,267,14,46,9,4,9,3,9,4,0,0,0,0,9,5,9,6,0,0,true,false,false,false
PREV_NONLEAGUE_THURSDAY_SIDE,HOME_ONLY,LEAGUE,B1,9,456,40,62,7,1,7,4,7,3,7,4,7,1,7,3,7,4,7,5,true,false,false,false
PREV_NONLEAGUE_THURSDAY_SIDE,HOME_ONLY,LEAGUE,D1,9,328,28,39,7,2,7,3,7,1,7,3,7,1,7,3,7,2,7,5,true,false,false,false
PREV_NONLEAGUE_THURSDAY_SIDE,HOME_ONLY,LEAGUE,DNK,9,384,32,58,9,4,9,4,9,4,0,0,0,0,9,5,9,5,0,0,true,false,false,false
PREV_NONLEAGUE_THURSDAY_SIDE,HOME_ONLY,LEAGUE,E0,9,324,19,55,7,3,7,5,7,2,7,2,7,2,7,4,7,2,7,4,true,false,false,false
PREV_NONLEAGUE_THURSDAY_SIDE,HOME_ONLY,LEAGUE,F1,9,366,27,50,7,3,7,1,7,2,7,3,7,0,7,4,7,4,7,5,true,false,false,false
PREV_NONLEAGUE_THURSDAY_SIDE,HOME_ONLY,LEAGUE,I1,9,600,50,84,7,2,7,4,7,2,7,2,7,4,7,3,7,4,7,3,true,false,false,false
PREV_NONLEAGUE_THURSDAY_SIDE,HOME_ONLY,LEAGUE,N1,9,499,44,66,7,2,7,2,7,2,7,2,7,3,7,4,7,3,7,4,true,false,false,false
PREV_NONLEAGUE_THURSDAY_SIDE,HOME_ONLY,LEAGUE,NOR,9,243,10,36,9,3,9,4,9,3,0,0,0,0,9,3,9,5,0,0,true,false,false,false
PREV_NONLEAGUE_THURSDAY_SIDE,HOME_ONLY,LEAGUE,P1,9,379,20,53,7,1,7,1,7,1,7,1,7,3,7,4,7,3,7,3,true,false,false,false
PREV_NONLEAGUE_THURSDAY_SIDE,HOME_ONLY,LEAGUE,POL,8,400,40,69,8,3,8,3,8,4,0,0,0,0,8,4,8,3,0,0,true,false,false,false
PREV_NONLEAGUE_THURSDAY_SIDE,HOME_ONLY,LEAGUE,SC0,9,216,14,38,7,3,7,2,7,0,7,3,7,3,7,3,7,4,7,3,true,false,false,false
PREV_NONLEAGUE_THURSDAY_SIDE,HOME_ONLY,LEAGUE,SP1,9,592,54,80,7,2,7,2,7,2,7,2,7,1,7,3,7,3,7,3,true,false,false,false
PREV_NONLEAGUE_THURSDAY_SIDE,HOME_ONLY,LEAGUE,T1,9,655,58,90,7,3,7,3,7,1,7,0,7,3,7,5,7,2,7,2,true,false,false,false
PREV_NONLEAGUE_THURSDAY_SIDE,NEITHER,ALL,ALL,9,24065,2478,2824,9,0,9,1,9,0,7,0,7,0,9,4,9,3,7,5,true,false,false,false
PREV_NONLEAGUE_THURSDAY_SIDE,NEITHER,LEAGUE,AUT,9,1124,79,168,9,1,9,5,9,4,0,0,0,0,9,2,9,6,0,0,true,false,false,false
PREV_NONLEAGUE_THURSDAY_SIDE,NEITHER,LEAGUE,B1,9,1478,140,209,7,1,7,1,7,3,7,0,7,3,7,4,7,5,7,2,true,false,false,false
PREV_NONLEAGUE_THURSDAY_SIDE,NEITHER,LEAGUE,D1,9,2038,217,246,7,3,7,2,7,2,7,2,7,0,7,4,7,2,7,7,true,false,false,false
PREV_NONLEAGUE_THURSDAY_SIDE,NEITHER,LEAGUE,DNK,9,925,64,139,9,0,9,4,9,1,0,0,0,0,9,7,9,2,0,0,true,false,false,false
PREV_NONLEAGUE_THURSDAY_SIDE,NEITHER,LEAGUE,E0,9,2707,236,340,7,2,7,2,7,2,7,1,7,1,7,3,7,4,7,1,true,false,false,false
PREV_NONLEAGUE_THURSDAY_SIDE,NEITHER,LEAGUE,F1,9,2304,201,310,7,3,7,2,7,3,7,2,7,0,7,3,7,5,7,5,true,false,false,false
PREV_NONLEAGUE_THURSDAY_SIDE,NEITHER,LEAGUE,I1,9,2014,184,273,7,0,7,4,7,2,7,1,7,0,7,2,7,3,7,2,true,false,false,false
PREV_NONLEAGUE_THURSDAY_SIDE,NEITHER,LEAGUE,N1,9,1524,124,204,7,1,7,4,7,0,7,1,7,2,7,1,7,4,7,3,true,false,false,false
PREV_NONLEAGUE_THURSDAY_SIDE,NEITHER,LEAGUE,NOR,9,1532,131,216,9,3,9,4,9,1,0,0,0,0,9,6,9,3,0,0,true,false,false,false
PREV_NONLEAGUE_THURSDAY_SIDE,NEITHER,LEAGUE,P1,9,1927,185,267,7,2,7,1,7,1,7,3,7,0,7,3,7,4,7,3,true,false,false,false
PREV_NONLEAGUE_THURSDAY_SIDE,NEITHER,LEAGUE,POL,8,1429,117,209,8,2,8,1,8,0,0,0,0,0,8,6,8,3,0,0,true,false,false,false
PREV_NONLEAGUE_THURSDAY_SIDE,NEITHER,LEAGUE,SC0,9,1538,141,201,7,3,7,4,7,2,7,3,7,1,7,4,7,2,7,4,true,false,false,false
PREV_NONLEAGUE_THURSDAY_SIDE,NEITHER,LEAGUE,SP1,9,1975,177,266,7,2,7,2,7,0,7,2,7,3,7,5,7,3,7,4,true,false,false,false
PREV_NONLEAGUE_THURSDAY_SIDE,NEITHER,LEAGUE,T1,9,1550,132,210,7,2,7,2,7,1,7,1,7,2,7,5,7,3,7,3,true,false,false,false
THURSDAY_TO_WEEKEND_SIDE,AWAY_ONLY,ALL,ALL,9,4366,416,554,9,1,9,3,9,2,7,1,7,1,9,2,9,4,7,4,true,false,false,false
THURSDAY_TO_WEEKEND_SIDE,AWAY_ONLY,LEAGUE,AUT,9,253,12,44,9,3,9,4,9,2,0,0,0,0,9,5,9,6,0,0,true,false,false,false
THURSDAY_TO_WEEKEND_SIDE,AWAY_ONLY,LEAGUE,B1,9,355,28,52,7,3,7,2,7,1,7,3,7,2,7,4,7,3,7,4,true,false,false,false
THURSDAY_TO_WEEKEND_SIDE,AWAY_ONLY,LEAGUE,D1,9,290,22,40,7,0,7,5,7,4,7,2,7,4,7,1,7,5,7,2,true,false,false,false
THURSDAY_TO_WEEKEND_SIDE,AWAY_ONLY,LEAGUE,DNK,9,275,21,37,9,2,9,6,9,0,0,0,0,0,9,4,9,2,0,0,true,false,false,false
THURSDAY_TO_WEEKEND_SIDE,AWAY_ONLY,LEAGUE,E0,9,255,15,45,7,1,7,3,7,4,7,3,7,4,7,3,7,4,7,3,true,false,false,false
THURSDAY_TO_WEEKEND_SIDE,AWAY_ONLY,LEAGUE,F1,9,304,22,42,7,2,7,2,7,5,7,1,7,3,7,2,7,5,7,2,true,false,false,false
THURSDAY_TO_WEEKEND_SIDE,AWAY_ONLY,LEAGUE,I1,9,430,36,62,7,1,7,1,7,5,7,2,7,2,7,2,7,6,7,4,true,false,false,false
THURSDAY_TO_WEEKEND_SIDE,AWAY_ONLY,LEAGUE,N1,9,434,40,56,7,4,7,4,7,0,7,2,7,3,7,4,7,2,7,3,true,false,false,false
THURSDAY_TO_WEEKEND_SIDE,AWAY_ONLY,LEAGUE,NOR,9,234,13,39,9,5,9,1,9,4,0,0,0,0,9,5,9,7,0,0,true,false,false,false
THURSDAY_TO_WEEKEND_SIDE,AWAY_ONLY,LEAGUE,P1,9,242,13,36,7,1,7,4,7,1,7,1,7,4,7,3,7,3,7,3,true,false,false,false
THURSDAY_TO_WEEKEND_SIDE,AWAY_ONLY,LEAGUE,POL,8,289,25,48,8,2,8,3,8,4,0,0,0,0,8,4,8,4,0,0,true,false,false,false
THURSDAY_TO_WEEKEND_SIDE,AWAY_ONLY,LEAGUE,SC0,9,161,11,27,7,3,7,2,7,2,7,5,7,2,7,3,7,3,7,5,true,false,false,false
THURSDAY_TO_WEEKEND_SIDE,AWAY_ONLY,LEAGUE,SP1,9,446,41,61,7,3,7,2,7,4,7,2,7,2,7,3,7,4,7,5,true,false,false,false
THURSDAY_TO_WEEKEND_SIDE,AWAY_ONLY,LEAGUE,T1,9,398,29,57,7,1,7,3,7,3,7,7,7,0,7,3,7,5,7,7,true,false,false,false
THURSDAY_TO_WEEKEND_SIDE,BOTH,ALL,ALL,9,1408,89,212,9,3,9,3,9,1,7,2,7,2,9,5,9,4,7,3,true,false,false,false
THURSDAY_TO_WEEKEND_SIDE,BOTH,LEAGUE,AUT,9,62,1,19,9,3,9,7,9,5,0,0,0,0,9,3,9,5,0,0,true,false,false,false
THURSDAY_TO_WEEKEND_SIDE,BOTH,LEAGUE,B1,9,151,3,30,7,3,7,2,7,3,7,2,7,3,7,4,7,3,7,4,true,false,false,false
THURSDAY_TO_WEEKEND_SIDE,BOTH,LEAGUE,D1,9,45,3,8,7,3,7,2,7,1,7,4,7,1,7,4,7,3,7,6,true,false,false,false
THURSDAY_TO_WEEKEND_SIDE,BOTH,LEAGUE,DNK,9,129,5,29,9,4,9,3,9,3,0,0,0,0,9,5,9,4,0,0,true,false,false,false
THURSDAY_TO_WEEKEND_SIDE,BOTH,LEAGUE,E0,9,36,1,18,7,2,7,3,7,2,7,2,7,1,7,5,7,3,7,3,true,false,false,false
THURSDAY_TO_WEEKEND_SIDE,BOTH,LEAGUE,F1,9,53,1,10,7,5,7,3,7,0,7,1,7,3,7,5,7,0,7,2,true,false,false,false
THURSDAY_TO_WEEKEND_SIDE,BOTH,LEAGUE,I1,9,151,5,32,7,0,7,3,7,4,7,4,7,2,7,1,7,6,7,4,true,false,false,false
THURSDAY_TO_WEEKEND_SIDE,BOTH,LEAGUE,N1,9,142,8,32,7,3,7,2,7,2,7,3,7,2,7,3,7,3,7,4,true,false,false,false
THURSDAY_TO_WEEKEND_SIDE,BOTH,LEAGUE,NOR,8,111,4,31,8,3,8,2,8,4,0,0,0,0,8,6,8,4,0,0,true,false,false,false
THURSDAY_TO_WEEKEND_SIDE,BOTH,LEAGUE,P1,9,51,1,13,7,3,7,2,7,2,7,3,7,3,7,5,7,4,7,3,true,false,false,false
THURSDAY_TO_WEEKEND_SIDE,BOTH,LEAGUE,POL,8,91,2,37,8,4,8,3,8,3,0,0,0,0,8,4,8,4,0,0,true,false,false,false
THURSDAY_TO_WEEKEND_SIDE,BOTH,LEAGUE,SC0,8,37,1,12,6,1,6,1,6,4,6,2,6,4,6,3,6,4,6,2,true,false,false,false
THURSDAY_TO_WEEKEND_SIDE,BOTH,LEAGUE,SP1,9,195,6,39,7,4,7,3,7,1,7,0,7,4,7,4,7,1,7,1,true,false,false,false
THURSDAY_TO_WEEKEND_SIDE,BOTH,LEAGUE,T1,9,154,8,32,7,1,7,3,7,3,7,4,7,3,7,3,7,6,7,4,true,false,false,false
THURSDAY_TO_WEEKEND_SIDE,HOME_ONLY,ALL,ALL,9,4362,411,563,9,2,9,1,9,2,7,0,7,0,9,4,9,5,7,4,true,false,false,false
THURSDAY_TO_WEEKEND_SIDE,HOME_ONLY,LEAGUE,AUT,9,254,14,44,9,4,9,3,9,3,0,0,0,0,9,5,9,6,0,0,true,false,false,false
THURSDAY_TO_WEEKEND_SIDE,HOME_ONLY,LEAGUE,B1,9,371,28,52,7,1,7,3,7,3,7,5,7,2,7,2,7,5,7,5,true,false,false,false
THURSDAY_TO_WEEKEND_SIDE,HOME_ONLY,LEAGUE,D1,9,277,21,36,7,3,7,3,7,1,7,2,7,1,7,3,7,3,7,4,true,false,false,false
THURSDAY_TO_WEEKEND_SIDE,HOME_ONLY,LEAGUE,DNK,9,271,18,40,9,2,9,2,9,4,0,0,0,0,9,4,9,6,0,0,true,false,false,false
THURSDAY_TO_WEEKEND_SIDE,HOME_ONLY,LEAGUE,E0,9,249,15,37,7,2,7,5,7,2,7,3,7,1,7,3,7,2,7,6,true,false,false,false
THURSDAY_TO_WEEKEND_SIDE,HOME_ONLY,LEAGUE,F1,9,312,24,42,7,4,7,2,7,2,7,2,7,1,7,6,7,3,7,5,true,false,false,false
THURSDAY_TO_WEEKEND_SIDE,HOME_ONLY,LEAGUE,I1,9,441,37,61,7,2,7,3,7,3,7,2,7,5,7,4,7,3,7,2,true,false,false,false
THURSDAY_TO_WEEKEND_SIDE,HOME_ONLY,LEAGUE,N1,9,419,31,61,7,2,7,0,7,2,7,2,7,2,7,6,7,3,7,4,true,false,false,false
THURSDAY_TO_WEEKEND_SIDE,HOME_ONLY,LEAGUE,NOR,9,206,10,30,9,3,9,5,9,3,0,0,0,0,9,4,9,4,0,0,true,false,false,false
THURSDAY_TO_WEEKEND_SIDE,HOME_ONLY,LEAGUE,P1,9,247,16,38,7,1,7,1,7,2,7,1,7,2,7,6,7,5,7,3,true,false,false,false
THURSDAY_TO_WEEKEND_SIDE,HOME_ONLY,LEAGUE,POL,8,281,21,47,8,2,8,4,8,4,0,0,0,0,8,5,8,3,0,0,true,false,false,false
THURSDAY_TO_WEEKEND_SIDE,HOME_ONLY,LEAGUE,SC0,9,167,11,30,7,2,7,2,7,2,7,3,7,2,7,4,7,4,7,4,true,false,false,false
THURSDAY_TO_WEEKEND_SIDE,HOME_ONLY,LEAGUE,SP1,9,422,37,62,7,2,7,3,7,3,7,2,7,2,7,4,7,4,7,4,true,false,false,false
THURSDAY_TO_WEEKEND_SIDE,HOME_ONLY,LEAGUE,T1,9,445,37,66,7,3,7,3,7,2,7,1,7,3,7,5,7,2,7,3,true,false,false,false
THURSDAY_TO_WEEKEND_SIDE,NEITHER,ALL,ALL,9,18183,1848,2155,9,0,9,0,9,0,7,0,7,0,9,3,9,5,7,5,true,false,false,false
THURSDAY_TO_WEEKEND_SIDE,NEITHER,LEAGUE,AUT,9,982,73,130,9,1,9,5,9,4,0,0,0,0,9,2,9,7,0,0,true,false,false,false
THURSDAY_TO_WEEKEND_SIDE,NEITHER,LEAGUE,B1,9,1165,108,161,7,1,7,1,7,3,7,0,7,2,7,5,7,5,7,4,true,false,false,false
THURSDAY_TO_WEEKEND_SIDE,NEITHER,LEAGUE,D1,9,1702,178,198,7,3,7,2,7,2,7,2,7,0,7,4,7,3,7,6,true,false,false,false
THURSDAY_TO_WEEKEND_SIDE,NEITHER,LEAGUE,DNK,9,567,32,88,9,2,9,5,9,2,0,0,0,0,9,5,9,3,0,0,true,false,false,false
THURSDAY_TO_WEEKEND_SIDE,NEITHER,LEAGUE,E0,9,2012,149,265,7,2,7,1,7,3,7,1,7,1,7,5,7,5,7,1,true,false,false,false
THURSDAY_TO_WEEKEND_SIDE,NEITHER,LEAGUE,F1,9,1825,164,230,7,2,7,1,7,4,7,3,7,0,7,3,7,4,7,5,true,false,false,false
THURSDAY_TO_WEEKEND_SIDE,NEITHER,LEAGUE,I1,9,1534,135,231,7,0,7,3,7,1,7,2,7,1,7,3,7,3,7,3,true,false,false,false
THURSDAY_TO_WEEKEND_SIDE,NEITHER,LEAGUE,N1,9,1281,103,167,7,1,7,4,7,2,7,2,7,2,7,1,7,4,7,4,true,false,false,false
THURSDAY_TO_WEEKEND_SIDE,NEITHER,LEAGUE,NOR,9,1165,102,157,9,4,9,6,9,2,0,0,0,0,9,7,9,3,0,0,true,false,false,false
THURSDAY_TO_WEEKEND_SIDE,NEITHER,LEAGUE,P1,9,1365,122,188,7,2,7,1,7,1,7,2,7,1,7,3,7,3,7,3,true,false,false,false
THURSDAY_TO_WEEKEND_SIDE,NEITHER,LEAGUE,POL,8,897,74,139,8,1,8,2,8,1,0,0,0,0,8,4,8,4,0,0,true,false,false,false
THURSDAY_TO_WEEKEND_SIDE,NEITHER,LEAGUE,SC0,9,1163,100,156,7,2,7,4,7,3,7,2,7,1,7,4,7,2,7,5,true,false,false,false
THURSDAY_TO_WEEKEND_SIDE,NEITHER,LEAGUE,SP1,9,1396,129,190,7,4,7,2,7,0,7,3,7,2,7,4,7,2,7,4,true,false,false,false
THURSDAY_TO_WEEKEND_SIDE,NEITHER,LEAGUE,T1,9,1129,98,150,7,1,7,4,7,1,7,1,7,4,7,3,7,4,7,2,true,false,false,false
THURSDAY_TO_WEEKEND_SIDE,NOT_WEEKEND_FIXTURE,ALL,ALL,9,9008,849,1285,9,1,9,1,9,1,7,0,7,0,9,6,9,1,7,4,true,false,false,false
THURSDAY_TO_WEEKEND_SIDE,NOT_WEEKEND_FIXTURE,LEAGUE,AUT,9,183,6,38,9,4,9,5,9,4,0,0,0,0,9,4,9,3,0,0,true,false,false,false
THURSDAY_TO_WEEKEND_SIDE,NOT_WEEKEND_FIXTURE,LEAGUE,B1,9,520,42,87,7,0,7,6,7,2,7,1,7,3,7,1,7,3,7,3,true,false,false,false
THURSDAY_TO_WEEKEND_SIDE,NOT_WEEKEND_FIXTURE,LEAGUE,D1,9,439,40,62,7,5,7,2,7,1,7,2,7,4,7,5,7,1,7,3,true,false,false,false
THURSDAY_TO_WEEKEND_SIDE,NOT_WEEKEND_FIXTURE,LEAGUE,DNK,9,641,59,89,9,2,9,2,9,2,0,0,0,0,9,5,9,4,0,0,true,false,false,false
THURSDAY_TO_WEEKEND_SIDE,NOT_WEEKEND_FIXTURE,LEAGUE,E0,9,868,83,134,7,4,7,2,7,1,7,0,7,3,7,5,7,1,7,1,true,false,false,false
THURSDAY_TO_WEEKEND_SIDE,NOT_WEEKEND_FIXTURE,LEAGUE,F1,9,602,41,91,7,3,7,3,7,3,7,2,7,2,7,3,7,4,7,4,true,false,false,false
THURSDAY_TO_WEEKEND_SIDE,NOT_WEEKEND_FIXTURE,LEAGUE,I1,9,863,62,116,7,0,7,4,7,2,7,3,7,1,7,2,7,4,7,6,true,false,false,false
THURSDAY_TO_WEEKEND_SIDE,NOT_WEEKEND_FIXTURE,LEAGUE,N1,9,402,27,59,7,3,7,5,7,1,7,1,7,4,7,2,7,1,7,2,true,false,false,false
THURSDAY_TO_WEEKEND_SIDE,NOT_WEEKEND_FIXTURE,LEAGUE,NOR,9,447,37,68,9,3,9,3,9,3,0,0,0,0,9,3,9,6,0,0,true,false,false,false
THURSDAY_TO_WEEKEND_SIDE,NOT_WEEKEND_FIXTURE,LEAGUE,P1,9,849,73,138,7,1,7,4,7,1,7,3,7,1,7,3,7,2,7,4,true,false,false,false
THURSDAY_TO_WEEKEND_SIDE,NOT_WEEKEND_FIXTURE,LEAGUE,POL,8,803,92,117,8,4,8,2,8,0,0,0,0,0,8,6,8,2,0,0,true,false,false,false
THURSDAY_TO_WEEKEND_SIDE,NOT_WEEKEND_FIXTURE,LEAGUE,SC0,9,474,42,62,7,3,7,3,7,1,7,4,7,2,7,3,7,3,7,4,true,false,false,false
THURSDAY_TO_WEEKEND_SIDE,NOT_WEEKEND_FIXTURE,LEAGUE,SP1,9,961,89,123,7,1,7,3,7,1,7,0,7,4,7,4,7,2,7,1,true,false,false,false
THURSDAY_TO_WEEKEND_SIDE,NOT_WEEKEND_FIXTURE,LEAGUE,T1,9,956,73,169,7,4,7,3,7,0,7,2,7,1,7,6,7,0,7,2,true,false,false,false
UEFA_72H_SIDE,AWAY_ONLY,ALL,ALL,9,1462,119,206,9,1,9,4,9,4,7,2,7,3,9,2,9,5,7,3,true,false,false,false
UEFA_72H_SIDE,AWAY_ONLY,LEAGUE,AUT,9,127,8,24,9,3,9,5,9,5,0,0,0,0,9,4,9,7,0,0,true,false,false,false
UEFA_72H_SIDE,AWAY_ONLY,LEAGUE,B1,9,105,3,22,7,2,7,4,7,3,7,2,7,4,7,3,7,4,7,2,true,false,false,false
UEFA_72H_SIDE,AWAY_ONLY,LEAGUE,D1,9,152,13,24,7,1,7,7,7,2,7,1,7,5,7,1,7,2,7,2,true,false,false,false
UEFA_72H_SIDE,AWAY_ONLY,LEAGUE,DNK,9,96,3,15,9,3,9,3,9,2,0,0,0,0,9,5,9,3,0,0,true,false,false,false
UEFA_72H_SIDE,AWAY_ONLY,LEAGUE,E0,9,161,14,26,7,1,7,2,7,5,7,2,7,3,7,3,7,4,7,3,true,false,false,false
UEFA_72H_SIDE,AWAY_ONLY,LEAGUE,F1,9,128,6,20,7,0,7,4,7,3,7,3,7,3,7,0,7,4,7,3,true,false,false,false
UEFA_72H_SIDE,AWAY_ONLY,LEAGUE,I1,9,109,6,18,7,3,7,1,7,3,7,4,7,3,7,6,7,3,7,4,true,false,false,false
UEFA_72H_SIDE,AWAY_ONLY,LEAGUE,N1,9,119,2,24,7,4,7,4,7,2,7,2,7,2,7,4,7,3,7,3,true,false,false,false
UEFA_72H_SIDE,AWAY_ONLY,LEAGUE,NOR,9,70,3,16,9,2,9,3,9,6,0,0,0,0,9,4,9,7,0,0,true,false,false,false
UEFA_72H_SIDE,AWAY_ONLY,LEAGUE,P1,7,24,1,7,6,2,6,2,6,3,6,2,6,4,6,4,6,4,6,2,true,false,false,false
UEFA_72H_SIDE,AWAY_ONLY,LEAGUE,POL,8,68,4,16,8,2,8,4,8,2,0,0,0,0,8,2,8,3,0,0,true,false,false,false
UEFA_72H_SIDE,AWAY_ONLY,LEAGUE,SC0,9,90,2,16,7,3,7,3,7,2,7,5,7,1,7,3,7,4,7,5,true,false,false,false
UEFA_72H_SIDE,AWAY_ONLY,LEAGUE,SP1,9,163,10,25,7,3,7,3,7,4,7,4,7,2,7,3,7,4,7,4,true,false,false,false
UEFA_72H_SIDE,AWAY_ONLY,LEAGUE,T1,9,50,2,9,7,1,7,5,7,2,7,2,7,4,7,3,7,3,7,3,true,false,false,false
UEFA_72H_SIDE,BOTH,ALL,ALL,9,134,9,20,9,6,9,2,9,3,7,3,7,3,9,7,9,5,7,4,true,false,false,false
UEFA_72H_SIDE,BOTH,LEAGUE,AUT,5,10,1,4,5,1,5,0,5,4,0,0,0,0,5,1,5,4,0,0,true,false,false,false
UEFA_72H_SIDE,BOTH,LEAGUE,B1,6,17,1,4,5,2,5,2,5,3,5,2,5,2,5,2,5,4,5,2,true,false,false,false
UEFA_72H_SIDE,BOTH,LEAGUE,D1,9,27,1,5,7,4,7,2,7,1,7,5,7,2,7,5,7,2,7,5,true,false,false,false
UEFA_72H_SIDE,BOTH,LEAGUE,DNK,5,9,1,4,5,5,5,0,5,0,0,0,0,0,5,5,5,0,0,0,true,false,false,false
UEFA_72H_SIDE,BOTH,LEAGUE,E0,7,12,1,3,5,3,5,2,5,1,5,1,5,2,5,4,5,1,5,1,true,false,false,false
UEFA_72H_SIDE,BOTH,LEAGUE,F1,8,15,1,4,7,3,7,2,7,1,7,2,7,3,7,6,7,2,7,3,true,false,false,false
UEFA_72H_SIDE,BOTH,LEAGUE,I1,5,8,1,3,5,2,5,1,5,3,5,3,5,2,5,3,5,3,5,3,true,false,false,false
UEFA_72H_SIDE,BOTH,LEAGUE,N1,7,12,1,3,7,2,7,3,7,3,7,5,7,2,7,3,7,3,7,5,true,false,false,false
UEFA_72H_SIDE,BOTH,LEAGUE,NOR,1,1,1,1,1,0,1,0,1,1,0,0,0,0,1,0,1,1,0,0,true,false,false,false
UEFA_72H_SIDE,BOTH,LEAGUE,P1,1,1,1,1,1,1,1,0,1,0,1,1,1,0,1,1,1,0,1,1,true,false,false,false
UEFA_72H_SIDE,BOTH,LEAGUE,POL,1,1,1,1,1,0,1,0,1,1,0,0,0,0,1,0,1,1,0,0,true,false,false,false
UEFA_72H_SIDE,BOTH,LEAGUE,SC0,6,8,1,2,5,2,5,0,5,3,5,1,5,4,5,2,5,3,5,1,true,false,false,false
UEFA_72H_SIDE,BOTH,LEAGUE,SP1,8,13,1,2,6,4,6,2,6,1,6,2,6,4,6,5,6,1,6,2,true,false,false,false
UEFA_72H_SIDE,HOME_ONLY,ALL,ALL,9,1496,131,203,9,4,9,3,9,0,7,2,7,0,9,7,9,2,7,7,true,false,false,false
UEFA_72H_SIDE,HOME_ONLY,LEAGUE,AUT,9,104,5,14,9,3,9,5,9,2,0,0,0,0,9,5,9,4,0,0,true,false,false,false
UEFA_72H_SIDE,HOME_ONLY,LEAGUE,B1,9,114,4,21,7,4,7,3,7,3,7,3,7,2,7,5,7,3,7,4,true,false,false,false
UEFA_72H_SIDE,HOME_ONLY,LEAGUE,D1,9,162,12,25,7,2,7,3,7,3,7,1,7,2,7,3,7,3,7,3,true,false,false,false
UEFA_72H_SIDE,HOME_ONLY,LEAGUE,DNK,9,90,5,13,9,7,9,2,9,3,0,0,0,0,9,7,9,3,0,0,true,false,false,false
UEFA_72H_SIDE,HOME_ONLY,LEAGUE,E0,9,192,13,36,7,3,7,3,7,2,7,5,7,2,7,3,7,3,7,5,true,false,false,false
UEFA_72H_SIDE,HOME_ONLY,LEAGUE,F1,9,145,12,21,7,5,7,0,7,1,7,4,7,1,7,6,7,2,7,5,true,false,false,false
UEFA_72H_SIDE,HOME_ONLY,LEAGUE,I1,9,120,9,21,7,4,7,5,7,1,7,2,7,4,7,5,7,2,7,2,true,false,false,false
UEFA_72H_SIDE,HOME_ONLY,LEAGUE,N1,9,105,5,19,7,4,7,2,7,1,7,4,7,3,7,4,7,1,7,4,true,false,false,false
UEFA_72H_SIDE,HOME_ONLY,LEAGUE,NOR,9,68,3,11,9,4,9,4,9,2,0,0,0,0,9,6,9,1,0,0,true,false,false,false
UEFA_72H_SIDE,HOME_ONLY,LEAGUE,P1,8,22,1,5,6,4,6,2,6,3,6,2,6,3,6,4,6,3,6,3,true,false,false,false
UEFA_72H_SIDE,HOME_ONLY,LEAGUE,POL,8,71,5,16,8,4,8,5,8,4,0,0,0,0,8,3,8,2,0,0,true,false,false,false
UEFA_72H_SIDE,HOME_ONLY,LEAGUE,SC0,9,93,4,17,7,3,7,2,7,1,7,3,7,2,7,4,7,3,7,3,true,false,false,false
UEFA_72H_SIDE,HOME_ONLY,LEAGUE,SP1,9,143,12,20,7,5,7,4,7,3,7,2,7,4,7,5,7,4,7,2,true,false,false,false
UEFA_72H_SIDE,HOME_ONLY,LEAGUE,T1,9,67,1,12,7,3,7,4,7,2,7,2,7,5,7,4,7,2,7,2,true,false,false,false
UEFA_72H_SIDE,NEITHER,ALL,ALL,9,34235,3615,3958,9,0,9,0,9,0,7,0,7,0,9,4,9,4,7,5,true,false,false,false
UEFA_72H_SIDE,NEITHER,LEAGUE,AUT,9,1493,145,173,9,2,9,5,9,2,0,0,0,0,9,2,9,5,0,0,true,false,false,false
UEFA_72H_SIDE,NEITHER,LEAGUE,B1,9,2326,211,289,7,1,7,1,7,2,7,1,7,2,7,3,7,3,7,2,true,false,false,false
UEFA_72H_SIDE,NEITHER,LEAGUE,D1,9,2412,258,275,7,3,7,1,7,2,7,3,7,0,7,3,7,2,7,7,true,false,false,false
UEFA_72H_SIDE,NEITHER,LEAGUE,DNK,9,1688,160,223,9,2,9,4,9,1,0,0,0,0,9,5,9,2,0,0,true,false,false,false
UEFA_72H_SIDE,NEITHER,LEAGUE,E0,9,3055,320,351,7,2,7,1,7,3,7,1,7,1,7,3,7,4,7,3,true,false,false,false
UEFA_72H_SIDE,NEITHER,LEAGUE,F1,9,2808,259,359,7,2,7,1,7,4,7,3,7,0,7,3,7,4,7,4,true,false,false,false
UEFA_72H_SIDE,NEITHER,LEAGUE,I1,9,3182,345,365,7,0,7,3,7,3,7,1,7,1,7,0,7,5,7,4,true,false,false,false
UEFA_72H_SIDE,NEITHER,LEAGUE,N1,9,2442,206,298,7,1,7,5,7,0,7,1,7,1,7,1,7,1,7,2,true,false,false,false
UEFA_72H_SIDE,NEITHER,LEAGUE,NOR,9,2024,215,230,9,2,9,3,9,2,0,0,0,0,9,6,9,4,0,0,true,false,false,false
UEFA_72H_SIDE,NEITHER,LEAGUE,P1,9,2707,295,305,7,1,7,2,7,0,7,1,7,1,7,4,7,2,7,4,true,false,false,false
UEFA_72H_SIDE,NEITHER,LEAGUE,POL,8,2221,231,291,8,1,8,2,8,0,0,0,0,0,8,8,8,3,0,0,true,false,false,false
UEFA_72H_SIDE,NEITHER,LEAGUE,SC0,9,1811,157,222,7,3,7,3,7,1,7,3,7,2,7,4,7,1,7,4,true,false,false,false
UEFA_72H_SIDE,NEITHER,LEAGUE,SP1,9,3101,337,353,7,3,7,3,7,0,7,0,7,1,7,5,7,1,7,3,true,false,false,false
UEFA_72H_SIDE,NEITHER,LEAGUE,T1,9,2965,289,413,7,1,7,1,7,0,7,0,7,0,7,4,7,1,7,5,true,false,false,false
UEFA_96H_SIDE,AWAY_ONLY,ALL,ALL,9,2096,178,285,9,3,9,5,9,4,7,1,7,1,9,3,9,5,7,2,true,false,false,false
UEFA_96H_SIDE,AWAY_ONLY,LEAGUE,AUT,9,147,12,24,9,3,9,6,9,6,0,0,0,0,9,4,9,5,0,0,true,false,false,false
UEFA_96H_SIDE,AWAY_ONLY,LEAGUE,B1,9,140,8,24,7,4,7,4,7,2,7,1,7,5,7,4,7,3,7,2,true,false,false,false
UEFA_96H_SIDE,AWAY_ONLY,LEAGUE,D1,9,208,15,34,7,3,7,5,7,0,7,3,7,4,7,4,7,0,7,3,true,false,false,false
UEFA_96H_SIDE,AWAY_ONLY,LEAGUE,DNK,9,119,6,18,9,1,9,3,9,3,0,0,0,0,9,4,9,7,0,0,true,false,false,false
UEFA_96H_SIDE,AWAY_ONLY,LEAGUE,E0,9,211,18,37,7,3,7,2,7,5,7,3,7,4,7,5,7,5,7,3,true,false,false,false
UEFA_96H_SIDE,AWAY_ONLY,LEAGUE,F1,9,166,7,32,7,1,7,3,7,3,7,3,7,3,7,1,7,4,7,4,true,false,false,false
UEFA_96H_SIDE,AWAY_ONLY,LEAGUE,I1,9,207,13,32,7,1,7,4,7,4,7,3,7,2,7,2,7,4,7,4,true,false,false,false
UEFA_96H_SIDE,AWAY_ONLY,LEAGUE,N1,9,158,6,28,7,4,7,2,7,4,7,2,7,2,7,2,7,4,7,4,true,false,false,false
UEFA_96H_SIDE,AWAY_ONLY,LEAGUE,NOR,9,88,4,17,9,1,9,3,9,6,0,0,0,0,9,3,9,7,0,0,true,false,false,false
UEFA_96H_SIDE,AWAY_ONLY,LEAGUE,P1,9,116,10,18,7,3,7,2,7,3,7,3,7,4,7,4,7,4,7,3,true,false,false,false
UEFA_96H_SIDE,AWAY_ONLY,LEAGUE,POL,8,88,5,23,8,2,8,3,8,2,0,0,0,0,8,4,8,3,0,0,true,false,false,false
UEFA_96H_SIDE,AWAY_ONLY,LEAGUE,SC0,9,101,3,18,7,5,7,3,7,1,7,4,7,1,7,4,7,3,7,5,true,false,false,false
UEFA_96H_SIDE,AWAY_ONLY,LEAGUE,SP1,9,233,15,32,7,4,7,4,7,4,7,6,7,1,7,4,7,3,7,6,true,false,false,false
UEFA_96H_SIDE,AWAY_ONLY,LEAGUE,T1,9,114,8,20,7,3,7,5,7,1,7,1,7,5,7,3,7,2,7,1,true,false,false,false
UEFA_96H_SIDE,BOTH,ALL,ALL,9,332,23,52,9,5,9,3,9,4,7,2,7,2,9,6,9,3,7,3,true,false,false,false
UEFA_96H_SIDE,BOTH,LEAGUE,AUT,6,13,1,4,6,2,6,0,6,4,0,0,0,0,6,3,6,4,0,0,true,false,false,false
UEFA_96H_SIDE,BOTH,LEAGUE,B1,7,27,1,6,6,3,6,3,6,4,6,2,6,3,6,3,6,4,6,2,true,false,false,false
UEFA_96H_SIDE,BOTH,LEAGUE,D1,9,71,4,12,7,4,7,3,7,3,7,4,7,1,7,4,7,3,7,6,true,false,false,false
UEFA_96H_SIDE,BOTH,LEAGUE,DNK,7,14,1,4,7,6,7,2,7,1,0,0,0,0,7,6,7,1,0,0,true,false,false,false
UEFA_96H_SIDE,BOTH,LEAGUE,E0,9,49,2,9,7,1,7,2,7,4,7,1,7,5,7,2,7,4,7,1,true,false,false,false
UEFA_96H_SIDE,BOTH,LEAGUE,F1,9,35,2,7,7,3,7,3,7,1,7,2,7,2,7,7,7,2,7,3,true,false,false,false
UEFA_96H_SIDE,BOTH,LEAGUE,I1,8,25,1,5,6,4,6,3,6,3,6,3,6,3,6,4,6,3,6,3,true,false,false,false
UEFA_96H_SIDE,BOTH,LEAGUE,N1,7,21,1,7,7,2,7,3,7,3,7,5,7,2,7,3,7,3,7,5,true,false,false,false
UEFA_96H_SIDE,BOTH,LEAGUE,NOR,2,3,1,2,2,0,2,1,2,1,0,0,0,0,2,1,2,1,0,0,true,false,false,false
UEFA_96H_SIDE,BOTH,LEAGUE,P1,5,5,1,1,4,2,4,1,4,1,4,3,4,1,4,2,4,1,4,3,true,false,false,false
UEFA_96H_SIDE,BOTH,LEAGUE,POL,3,4,1,2,3,0,3,2,3,2,0,0,0,0,3,0,3,2,0,0,true,false,false,false
UEFA_96H_SIDE,BOTH,LEAGUE,SC0,6,9,1,3,5,2,5,0,5,3,5,1,5,4,5,2,5,3,5,1,true,false,false,false
UEFA_96H_SIDE,BOTH,LEAGUE,SP1,9,49,3,8,7,2,7,2,7,2,7,2,7,5,7,3,7,4,7,2,true,false,false,false
UEFA_96H_SIDE,BOTH,LEAGUE,T1,6,7,1,2,5,1,5,4,5,0,5,1,5,4,5,1,5,0,5,1,true,false,false,false
UEFA_96H_SIDE,HOME_ONLY,ALL,ALL,9,2178,199,310,9,2,9,2,9,1,7,1,7,0,9,6,9,2,7,5,true,false,false,false
UEFA_96H_SIDE,HOME_ONLY,LEAGUE,AUT,9,125,7,16,9,3,9,3,9,3,0,0,0,0,9,5,9,4,0,0,true,false,false,false
UEFA_96H_SIDE,HOME_ONLY,LEAGUE,B1,9,150,9,27,7,3,7,3,7,4,7,3,7,2,7,4,7,4,7,3,true,false,false,false
UEFA_96H_SIDE,HOME_ONLY,LEAGUE,D1,9,211,20,33,7,4,7,5,7,3,7,3,7,3,7,5,7,2,7,4,true,false,false,false
UEFA_96H_SIDE,HOME_ONLY,LEAGUE,DNK,9,111,6,16,9,6,9,2,9,4,0,0,0,0,9,7,9,3,0,0,true,false,false,false
UEFA_96H_SIDE,HOME_ONLY,LEAGUE,E0,9,264,21,46,7,2,7,4,7,3,7,4,7,1,7,3,7,3,7,6,true,false,false,false
UEFA_96H_SIDE,HOME_ONLY,LEAGUE,F1,9,192,16,25,7,3,7,3,7,2,7,5,7,2,7,2,7,3,7,5,true,false,false,false
UEFA_96H_SIDE,HOME_ONLY,LEAGUE,I1,9,237,16,42,7,1,7,5,7,3,7,2,7,4,7,2,7,4,7,2,true,false,false,false
UEFA_96H_SIDE,HOME_ONLY,LEAGUE,N1,9,138,6,26,7,3,7,1,7,2,7,4,7,2,7,5,7,1,7,5,true,false,false,false
UEFA_96H_SIDE,HOME_ONLY,LEAGUE,NOR,9,84,3,14,9,5,9,5,9,2,0,0,0,0,9,5,9,3,0,0,true,false,false,false
UEFA_96H_SIDE,HOME_ONLY,LEAGUE,P1,9,119,5,20,7,2,7,1,7,2,7,3,7,3,7,5,7,4,7,3,true,false,false,false
UEFA_96H_SIDE,HOME_ONLY,LEAGUE,POL,8,93,7,19,8,2,8,4,8,4,0,0,0,0,8,3,8,2,0,0,true,false,false,false
UEFA_96H_SIDE,HOME_ONLY,LEAGUE,SC0,9,105,6,19,7,3,7,2,7,1,7,2,7,2,7,4,7,3,7,3,true,false,false,false
UEFA_96H_SIDE,HOME_ONLY,LEAGUE,SP1,9,225,20,33,7,4,7,0,7,2,7,3,7,3,7,6,7,3,7,4,true,false,false,false
UEFA_96H_SIDE,HOME_ONLY,LEAGUE,T1,9,124,3,21,7,2,7,4,7,2,7,1,7,4,7,3,7,2,7,3,true,false,false,false
UEFA_96H_SIDE,NEITHER,ALL,ALL,9,32721,3469,3828,9,0,9,0,9,0,7,0,7,0,9,5,9,3,7,5,true,false,false,false
UEFA_96H_SIDE,NEITHER,LEAGUE,AUT,9,1449,144,167,9,2,9,4,9,2,0,0,0,0,9,2,9,6,0,0,true,false,false,false
UEFA_96H_SIDE,NEITHER,LEAGUE,B1,9,2245,198,281,7,1,7,1,7,2,7,1,7,1,7,3,7,5,7,3,true,false,false,false
UEFA_96H_SIDE,NEITHER,LEAGUE,D1,9,2263,237,261,7,2,7,2,7,2,7,2,7,0,7,4,7,3,7,7,true,false,false,false
UEFA_96H_SIDE,NEITHER,LEAGUE,DNK,9,1639,155,220,9,2,9,5,9,1,0,0,0,0,9,5,9,2,0,0,true,false,false,false
UEFA_96H_SIDE,NEITHER,LEAGUE,E0,9,2896,288,335,7,2,7,2,7,2,7,1,7,2,7,3,7,4,7,2,true,false,false,false
UEFA_96H_SIDE,NEITHER,LEAGUE,F1,9,2703,247,349,7,3,7,0,7,4,7,2,7,0,7,3,7,5,7,4,true,false,false,false
UEFA_96H_SIDE,NEITHER,LEAGUE,I1,9,2950,311,348,7,0,7,3,7,3,7,1,7,1,7,0,7,4,7,4,true,false,false,false
UEFA_96H_SIDE,NEITHER,LEAGUE,N1,9,2361,198,294,7,1,7,5,7,1,7,0,7,1,7,1,7,1,7,2,true,false,false,false
UEFA_96H_SIDE,NEITHER,LEAGUE,NOR,9,1988,211,226,9,2,9,2,9,2,0,0,0,0,9,6,9,4,0,0,true,false,false,false
UEFA_96H_SIDE,NEITHER,LEAGUE,P1,9,2514,272,287,7,1,7,2,7,1,7,0,7,1,7,4,7,3,7,5,true,false,false,false
UEFA_96H_SIDE,NEITHER,LEAGUE,POL,8,2176,227,288,8,2,8,1,8,0,0,0,0,0,8,8,8,1,0,0,true,false,false,false
UEFA_96H_SIDE,NEITHER,LEAGUE,SC0,9,1787,156,219,7,3,7,3,7,1,7,3,7,1,7,4,7,2,7,4,true,false,false,false
UEFA_96H_SIDE,NEITHER,LEAGUE,SP1,9,2913,310,340,7,2,7,4,7,0,7,1,7,3,7,5,7,1,7,3,true,false,false,false
UEFA_96H_SIDE,NEITHER,LEAGUE,T1,9,2837,273,403,7,0,7,1,7,0,7,0,7,0,7,5,7,1,7,5,true,false,false,false
