api_fixture_id,league,league_id,locked_at_utc,kickoff_utc,close_observed_at_utc,close_gap_minutes,home_team,away_team,bet_id,bet_name,open_p_1x,open_p_x2,open_p_12,close_p_1x,close_p_x2,close_p_12,move_1x_pp,move_x2_pp,move_12_pp,bet365_close_1x,bet365_close_x2,bet365_close_12,user_bookmaker,user_close_1x,user_close_x2,user_close_12,status,note
1515923,Virsliga,365,2026-09-11T14:25:33Z,2026-09-11T14:00:00Z,2026-09-11T13:40:08Z,19.9,Ogre United,FK Liepaja,12,Double Chance,0.21389397,0.39305302,0.39305302,0.21389397,0.39305302,0.39305302,-0.00000000,-0.00000000,-0.00000000,2.15,1.17,1.17,Marathonbet,2.11,1.13,1.16,OBSERVED_CLOSE_FROZEN,Latest stored pre-kickoff exact Double Chance triplet
1575164,Bundesliga,78,2026-09-11T18:41:56Z,2026-09-11T18:30:00Z,2026-09-11T14:47:34Z,222.4,Union Berlin,FC Schalke 04,12,Double Chance,0.33236033,0.30412056,0.36351911,0.33236033,0.30412056,0.36351911,-0.00000000,0.00000000,-0.00000000,1.4,1.53,1.28,Marathonbet,1.46,1.6,1.32,OBSERVED_CLOSE_FROZEN,Latest stored pre-kickoff exact Double Chance triplet
1561926,Austrian Bundesliga,218,2026-09-11T18:41:56Z,2026-09-11T17:30:00Z,2026-09-11T14:47:34Z,162.4,Ried,Red Bull Salzburg,12,Double Chance,0.19930159,0.40541692,0.39528149,0.19930159,0.40541692,0.39528149,0.00000000,-0.00000000,0.00000000,2.38,1.17,1.2,Marathonbet,2.45,1.12,1.19,OBSERVED_CLOSE_FROZEN,Latest stored pre-kickoff exact Double Chance triplet
1549016,Danish Superliga,119,2026-09-11T18:41:56Z,2026-09-11T17:00:00Z,2026-09-11T14:47:34Z,132.4,FC Copenhagen,AC Horsens,12,Double Chance,0.44338336,0.14733970,0.40927694,0.44338336,0.14733970,0.40927694,-0.00000000,-0.00000000,0.00000000,1.08,3.25,1.17,Marathonbet,1.04,3.42,1.13,OBSERVED_CLOSE_FROZEN,Latest stored pre-kickoff exact Double Chance triplet
1515921,Virsliga,365,2026-09-11T18:41:56Z,2026-09-11T15:00:00Z,2026-09-11T14:47:34Z,12.4,Riga,Auda,12,Double Chance,0.42426580,0.16662075,0.40911345,0.42426580,0.16662075,0.40911345,-0.00000000,0.00000000,-0.00000000,1.08,2.75,1.12,Marathonbet,1.03,2.92,1.1,OBSERVED_CLOSE_FROZEN,Latest stored pre-kickoff exact Double Chance triplet
1552162,Eredivisie,88,2026-09-11T18:41:56Z,2026-09-11T18:00:00Z,2026-09-11T14:47:34Z,192.4,AZ Alkmaar,Willem II,12,Double Chance,0.46707660,0.08747071,0.44545269,0.46707660,0.08747071,0.44545269,0.00000000,-0.00000000,-0.00000000,1.03,5.5,1.08,Marathonbet,,,,OBSERVED_CLOSE_FROZEN,Latest stored pre-kickoff exact Double Chance triplet
1553168,Ekstraklasa,106,2026-09-11T18:41:56Z,2026-09-11T16:00:00Z,2026-09-11T14:47:34Z,72.4,Raków Częstochowa,Motor Lublin,12,Double Chance,0.38244670,0.24428533,0.37326798,0.37113402,0.25773196,0.37113402,-0.01131268,0.01344663,-0.00213396,1.25,1.8,1.25,Marathonbet,1.26,1.83,1.24,OBSERVED_CLOSE_FROZEN,Latest stored pre-kickoff exact Double Chance triplet
1553170,Ekstraklasa,106,2026-09-11T18:41:56Z,2026-09-11T18:30:00Z,2026-09-11T14:47:34Z,222.4,Wisla Krakow,Jagiellonia,12,Double Chance,0.34105559,0.28591486,0.37302955,0.34105559,0.28591486,0.37302955,-0.00000000,0.00000000,-0.00000000,1.4,1.67,1.28,Marathonbet,1.4,1.57,1.25,OBSERVED_CLOSE_FROZEN,Latest stored pre-kickoff exact Double Chance triplet
1584405,Super Lig,203,2026-09-11T18:41:56Z,2026-09-11T17:00:00Z,2026-09-11T14:47:34Z,132.4,Beşiktaş,Erzurumspor FK,12,Double Chance,0.45197919,0.12775945,0.42026135,0.45796927,0.12021693,0.42181380,0.00599008,-0.00754252,0.00155245,1.05,4.0,1.14,Marathonbet,1.01,4.1,1.1,OBSERVED_CLOSE_FROZEN,Latest stored pre-kickoff exact Double Chance triplet
1570381,La Liga,140,2026-09-12T00:43:08Z,2026-09-11T19:00:00Z,2026-09-11T18:41:56Z,18.1,Sevilla,Valencia,12,Double Chance,0.38222803,0.25906566,0.35870631,0.38222803,0.25906566,0.35870631,0.00000000,0.00000000,-0.00000000,1.22,1.8,1.3,Marathonbet,1.25,1.87,1.36,OBSERVED_CLOSE_FROZEN,Latest stored pre-kickoff exact Double Chance triplet
1550126,Serie A,135,2026-09-12T00:43:08Z,2026-09-11T18:45:00Z,2026-09-11T18:41:56Z,3.1,Venezia,Fiorentina,12,Double Chance,0.31257344,0.33490012,0.35252644,0.31257344,0.33490012,0.35252644,0.00000000,-0.00000000,-0.00000000,1.5,1.4,1.33,Marathonbet,1.55,1.46,1.35,OBSERVED_CLOSE_FROZEN,Latest stored pre-kickoff exact Double Chance triplet
1552763,Ligue 1,61,2026-09-12T00:43:08Z,2026-09-11T18:45:00Z,2026-09-11T18:41:56Z,3.1,Rennes,Marseille,12,Double Chance,0.34626039,0.27700831,0.37673130,0.34626039,0.27700831,0.37673130,-0.00000000,0.00000000,0.00000000,1.36,1.7,1.25,Marathonbet,1.34,1.85,1.28,OBSERVED_CLOSE_FROZEN,Latest stored pre-kickoff exact Double Chance triplet
1558626,Belgian Pro League,144,2026-09-12T00:43:08Z,2026-09-11T18:45:00Z,2026-09-11T18:41:56Z,3.1,KV Mechelen,Anderlecht,12,Double Chance,0.23799073,0.39014874,0.37186052,0.23799073,0.39014874,0.37186052,0.00000000,0.00000000,0.00000000,2.0,1.22,1.28,Marathonbet,1.99,1.2,1.25,OBSERVED_CLOSE_FROZEN,Latest stored pre-kickoff exact Double Chance triplet
1570378,La Liga,140,2026-09-12T12:42:44Z,2026-09-12T12:00:00Z,2026-09-12T06:42:52Z,317.1,Racing Santander,Alaves,12,Double Chance,0.33236033,0.30412056,0.36351911,0.33236033,0.30412056,0.36351911,-0.00000000,0.00000000,-0.00000000,1.4,1.53,1.28,Marathonbet,1.48,1.57,1.32,OBSERVED_CLOSE_FROZEN,Latest stored pre-kickoff exact Double Chance triplet
1515920,Virsliga,365,2026-09-12T12:42:44Z,2026-09-12T11:00:00Z,2026-09-12T06:42:52Z,257.1,Grobiņa,FS Jelgava,12,Double Chance,0.31710079,0.32616082,0.35673839,0.32616082,0.31710079,0.35673839,0.00906003,-0.00906003,0.00000000,1.4,1.44,1.28,Marathonbet,1.34,1.47,1.27,OBSERVED_CLOSE_FROZEN,Latest stored pre-kickoff exact Double Chance triplet
1557398,Premier League,39,2026-09-12T18:40:06Z,2026-09-12T14:00:00Z,2026-09-12T12:42:44Z,77.3,Bournemouth,Brentford,12,Double Chance,0.32414911,0.31118314,0.36466775,0.33035100,0.30832760,0.36132140,0.00620189,-0.00285554,-0.00334635,1.4,1.5,1.28,Marathonbet,1.47,1.57,1.32,OBSERVED_CLOSE_FROZEN,Latest stored pre-kickoff exact Double Chance triplet
1557403,Premier League,39,2026-09-12T18:40:06Z,2026-09-12T14:00:00Z,2026-09-12T12:42:44Z,77.3,Liverpool,Fulham,12,Double Chance,0.42291565,0.17224201,0.40484233,0.42076324,0.17986826,0.39936850,-0.00215241,0.00762625,-0.00547383,1.12,2.62,1.18,Marathonbet,1.17,2.53,1.22,OBSERVED_CLOSE_FROZEN,Latest stored pre-kickoff exact Double Chance triplet
1557399,Premier League,39,2026-09-12T18:40:06Z,2026-09-12T14:00:00Z,2026-09-12T12:42:44Z,77.3,Chelsea,Hull City,12,Double Chance,0.45280710,0.11886186,0.42833104,0.45280710,0.11886186,0.42833104,-0.00000000,0.00000000,-0.00000000,1.05,4.0,1.11,Marathonbet,1.05,4.15,1.13,OBSERVED_CLOSE_FROZEN,Latest stored pre-kickoff exact Double Chance triplet
1557401,Premier League,39,2026-09-12T18:40:06Z,2026-09-12T14:00:00Z,2026-09-12T12:42:44Z,77.3,Crystal Palace,Ipswich,12,Double Chance,0.37672584,0.24654832,0.37672584,0.37672584,0.24654832,0.37672584,-0.00000000,0.00000000,-0.00000000,1.25,1.91,1.25,Marathonbet,1.27,1.96,1.28,OBSERVED_CLOSE_FROZEN,Latest stored pre-kickoff exact Double Chance triplet
1557397,Premier League,39,2026-09-12T18:40:06Z,2026-09-12T14:00:00Z,2026-09-12T12:42:44Z,77.3,Aston Villa,Nottingham Forest,12,Double Chance,0.35467481,0.28246557,0.36285962,0.35123043,0.29753915,0.35123043,-0.00344438,0.01507358,-0.01162919,1.33,1.57,1.33,Marathonbet,1.36,1.68,1.35,OBSERVED_CLOSE_FROZEN,Latest stored pre-kickoff exact Double Chance triplet
1557406,Premier League,39,2026-09-12T18:40:06Z,2026-09-12T16:30:00Z,2026-09-12T12:42:44Z,227.3,Tottenham,Everton,12,Double Chance,0.36885246,0.26229508,0.36885246,0.36561586,0.25999350,0.37439064,-0.00323660,-0.00230158,0.00553818,1.28,1.8,1.25,Marathonbet,1.31,1.86,1.3,OBSERVED_CLOSE_FROZEN,Latest stored pre-kickoff exact Double Chance triplet
1570377,La Liga,140,2026-09-12T18:40:06Z,2026-09-12T14:15:00Z,2026-09-12T12:42:44Z,92.3,Osasuna,Espanyol,12,Double Chance,0.36932483,0.28307532,0.34759984,0.36253538,0.29092345,0.34654117,-0.00678945,0.00784813,-0.00105867,1.3,1.62,1.36,Marathonbet,1.32,1.69,1.39,OBSERVED_CLOSE_FROZEN,Latest stored pre-kickoff exact Double Chance triplet
1570373,La Liga,140,2026-09-12T18:40:06Z,2026-09-12T16:30:00Z,2026-09-12T12:42:44Z,227.3,Athletic Club,Elche,12,Double Chance,0.42877907,0.17151163,0.39970930,0.42877907,0.17151163,0.39970930,-0.00000000,-0.00000000,0.00000000,1.1,2.75,1.18,Marathonbet,1.1,2.97,1.2,OBSERVED_CLOSE_FROZEN,Latest stored pre-kickoff exact Double Chance triplet
1550119,Serie A,135,2026-09-12T18:40:06Z,2026-09-12T13:00:00Z,2026-09-12T12:42:44Z,17.3,Genoa,Frosinone,12,Double Chance,0.36827703,0.27729094,0.35443203,0.35448578,0.29102845,0.35448578,-0.01379125,0.01373751,0.00005375,1.33,1.62,1.33,Marathonbet,1.36,1.67,1.36,OBSERVED_CLOSE_FROZEN,Latest stored pre-kickoff exact Double Chance triplet
1550121,Serie A,135,2026-09-12T18:40:06Z,2026-09-12T16:00:00Z,2026-09-12T12:42:44Z,197.3,Lazio,AC Milan,12,Double Chance,0.29092345,0.36253538,0.34654117,0.28307532,0.36932483,0.34759984,-0.00784813,0.00678945,0.00105867,1.67,1.28,1.36,Marathonbet,1.75,1.29,1.38,OBSERVED_CLOSE_FROZEN,Latest stored pre-kickoff exact Double Chance triplet
1575161,Bundesliga,78,2026-09-12T18:40:06Z,2026-09-12T13:30:00Z,2026-09-12T12:42:44Z,47.3,SC Freiburg,Borussia Mönchengladbach,12,Double Chance,0.39491811,0.21674575,0.38833614,0.39744833,0.21813443,0.38441724,0.00253022,0.00138868,-0.00391890,1.18,2.15,1.22,Marathonbet,1.22,2.22,1.25,OBSERVED_CLOSE_FROZEN,Latest stored pre-kickoff exact Double Chance triplet
1575163,Bundesliga,78,2026-09-12T18:40:06Z,2026-09-12T13:30:00Z,2026-09-12T12:42:44Z,47.3,FSV Mainz 05,Eintracht Frankfurt,12,Double Chance,0.35870631,0.25906566,0.38222803,0.37514784,0.24047938,0.38437278,0.01644153,-0.01858628,0.00214475,1.25,1.95,1.22,Marathonbet,1.26,2.07,1.26,OBSERVED_CLOSE_FROZEN,Latest stored pre-kickoff exact Double Chance triplet
1575158,Bundesliga,78,2026-09-12T18:40:06Z,2026-09-12T13:30:00Z,2026-09-12T12:42:44Z,47.3,Borussia Dortmund,SC Paderborn 07,12,Double Chance,0.44690308,0.12632460,0.42677231,0.44870487,0.11890679,0.43238833,0.00180179,-0.00741781,0.00561602,1.06,4.0,1.1,Marathonbet,1.05,4.25,1.12,OBSERVED_CLOSE_FROZEN,Latest stored pre-kickoff exact Double Chance triplet
1575160,Bundesliga,78,2026-09-12T18:40:06Z,2026-09-12T13:30:00Z,2026-09-12T12:42:44Z,47.3,1899 Hoffenheim,VfB Stuttgart,12,Double Chance,0.32283836,0.29610652,0.38105512,0.32581602,0.28961424,0.38456973,0.00297766,-0.00649228,0.00351461,1.44,1.62,1.22,Marathonbet,1.49,1.65,1.27,OBSERVED_CLOSE_FROZEN,Latest stored pre-kickoff exact Double Chance triplet
1575162,Bundesliga,78,2026-09-12T18:40:06Z,2026-09-12T13:30:00Z,2026-09-12T12:42:44Z,47.3,FC Augsburg,Bayer Leverkusen,12,Double Chance,0.23828125,0.38085938,0.38085938,0.24428533,0.37326798,0.38244670,0.00600408,-0.00759140,0.00158732,1.91,1.25,1.22,Marathonbet,1.99,1.28,1.27,OBSERVED_CLOSE_FROZEN,Latest stored pre-kickoff exact Double Chance triplet
1575165,Bundesliga,78,2026-09-12T18:40:06Z,2026-09-12T16:30:00Z,2026-09-12T12:42:44Z,227.3,1. FC Köln,Werder Bremen,12,Double Chance,0.35300935,0.27138869,0.37560195,0.35300935,0.27138869,0.37560195,0.00000000,0.00000000,0.00000000,1.33,1.73,1.25,Marathonbet,1.35,1.78,1.3,OBSERVED_CLOSE_FROZEN,Latest stored pre-kickoff exact Double Chance triplet
1552764,Ligue 1,61,2026-09-12T18:40:06Z,2026-09-12T15:15:00Z,2026-09-12T12:42:44Z,152.3,Strasbourg,Monaco,12,Double Chance,0.28058825,0.34454586,0.37486590,0.27700831,0.34626039,0.37673130,-0.00357994,0.00171453,0.00186540,1.7,1.36,1.25,Marathonbet,1.8,1.35,1.28,OBSERVED_CLOSE_FROZEN,Latest stored pre-kickoff exact Double Chance triplet
1561924,Austrian Bundesliga,218,2026-09-12T18:40:06Z,2026-09-12T15:00:00Z,2026-09-12T12:42:44Z,137.3,SCR Altach,Grazer AK,12,Double Chance,0.35160946,0.28866702,0.35972352,0.36285962,0.28246557,0.35467481,0.01125016,-0.00620145,-0.00504871,1.3,1.67,1.33,Marathonbet,1.29,1.69,1.29,OBSERVED_CLOSE_FROZEN,Latest stored pre-kickoff exact Double Chance triplet
1561929,Austrian Bundesliga,218,2026-09-12T18:40:06Z,2026-09-12T17:30:00Z,2026-09-12T12:42:44Z,287.3,Wolfsberger AC,Rapid Vienna,12,Double Chance,0.22423229,0.39905746,0.37671025,0.22423229,0.39905746,0.37671025,-0.00000000,0.00000000,-0.00000000,2.1,1.18,1.25,Marathonbet,2.35,1.15,1.18,OBSERVED_CLOSE_FROZEN,Latest stored pre-kickoff exact Double Chance triplet
1558627,Belgian Pro League,144,2026-09-12T18:40:06Z,2026-09-12T14:00:00Z,2026-09-12T12:42:44Z,77.3,SK Beveren,St. Truiden,12,Double Chance,0.28469292,0.34958616,0.36572091,0.29743279,0.34335991,0.35920729,0.01273987,-0.00622625,-0.00651362,1.57,1.36,1.3,Marathonbet,1.6,1.36,1.29,OBSERVED_CLOSE_FROZEN,Latest stored pre-kickoff exact Double Chance triplet
1558628,Belgian Pro League,144,2026-09-12T18:40:06Z,2026-09-12T16:15:00Z,2026-09-12T12:42:44Z,212.3,KVC Westerlo,Standard Liege,12,Double Chance,0.31905679,0.31280077,0.36814244,0.31905679,0.31280077,0.36814244,-0.00000000,-0.00000000,0.00000000,1.5,1.53,1.3,Marathonbet,1.44,1.52,1.27,OBSERVED_CLOSE_FROZEN,Latest stored pre-kickoff exact Double Chance triplet
1552163,Eredivisie,88,2026-09-12T18:40:06Z,2026-09-12T14:30:00Z,2026-09-12T12:42:44Z,107.3,Twente,ADO Den Haag,12,Double Chance,0.44517591,0.12583639,0.42898770,0.44517591,0.12583639,0.42898770,0.00000000,0.00000000,-0.00000000,1.06,3.75,1.1,Marathonbet,1.03,3.98,1.09,OBSERVED_CLOSE_FROZEN,Latest stored pre-kickoff exact Double Chance triplet
1552164,Eredivisie,88,2026-09-12T18:40:06Z,2026-09-12T16:45:00Z,2026-09-12T12:42:44Z,242.3,GO Ahead Eagles,Groningen,12,Double Chance,0.33203414,0.28694308,0.38102278,0.33203414,0.28694308,0.38102278,-0.00000000,0.00000000,0.00000000,1.4,1.62,1.22,Marathonbet,1.43,1.58,1.24,OBSERVED_CLOSE_FROZEN,Latest stored pre-kickoff exact Double Chance triplet
1552165,Eredivisie,88,2026-09-12T18:40:06Z,2026-09-12T18:00:00Z,2026-09-12T12:42:44Z,317.3,Fortuna Sittard,Ajax,12,Double Chance,0.18058489,0.41502843,0.40438668,0.17224201,0.42291565,0.40484233,-0.00834288,0.00788722,0.00045565,2.75,1.12,1.17,Marathonbet,2.89,1.08,1.14,OBSERVED_CLOSE_FROZEN,Latest stored pre-kickoff exact Double Chance triplet
1494760,Eliteserien,103,2026-09-12T18:40:06Z,2026-09-12T14:00:00Z,2026-09-12T12:42:44Z,77.3,Lillestrom,Valerenga,12,Double Chance,0.37672584,0.24654832,0.37672584,0.37672584,0.24654832,0.37672584,-0.00000000,0.00000000,-0.00000000,1.25,1.91,1.25,Marathonbet,1.3,1.8,1.23,OBSERVED_CLOSE_FROZEN,Latest stored pre-kickoff exact Double Chance triplet
1494761,Eliteserien,103,2026-09-12T18:40:06Z,2026-09-12T16:00:00Z,2026-09-12T12:42:44Z,197.3,Rosenborg,Tromso,12,Double Chance,0.39905746,0.22423229,0.37671025,0.40521624,0.21550136,0.37928240,0.00615878,-0.00873093,0.00257215,1.17,2.2,1.25,Marathonbet,1.16,2.19,1.22,OBSERVED_CLOSE_FROZEN,Latest stored pre-kickoff exact Double Chance triplet
1553169,Ekstraklasa,106,2026-09-12T18:40:06Z,2026-09-12T12:45:00Z,2026-09-12T12:42:44Z,2.3,Slask Wroclaw,Korona Kielce,12,Double Chance,0.31971154,0.31971154,0.36057692,0.31971154,0.31971154,0.36057692,-0.00000000,-0.00000000,0.00000000,1.5,1.5,1.33,Marathonbet,1.5,1.41,1.29,OBSERVED_CLOSE_FROZEN,Latest stored pre-kickoff exact Double Chance triplet
1553164,Ekstraklasa,106,2026-09-12T18:40:06Z,2026-09-12T15:30:00Z,2026-09-12T12:42:44Z,167.3,Gornik Zabrze,Lech Poznan,12,Double Chance,0.30037960,0.33685427,0.36276613,0.30037960,0.33685427,0.36276613,0.00000000,-0.00000000,0.00000000,1.57,1.4,1.3,Marathonbet,1.57,1.37,1.27,OBSERVED_CLOSE_FROZEN,Latest stored pre-kickoff exact Double Chance triplet
1553172,Ekstraklasa,106,2026-09-12T18:40:06Z,2026-09-12T18:15:00Z,2026-09-12T12:42:44Z,332.3,Zaglebie Lubin,GKS Katowice,12,Double Chance,0.31971154,0.31971154,0.36057692,0.31971154,0.31971154,0.36057692,-0.00000000,-0.00000000,0.00000000,1.5,1.5,1.33,Marathonbet,1.45,1.45,1.29,OBSERVED_CLOSE_FROZEN,Latest stored pre-kickoff exact Double Chance triplet
1575498,Primeira Liga,94,2026-09-12T18:40:06Z,2026-09-12T14:30:00Z,2026-09-12T12:42:44Z,107.3,Nacional,Alverca,12,Double Chance,0.32178218,0.32178218,0.35643564,0.32597793,0.31293882,0.36108325,0.00419575,-0.00884336,0.00464761,1.44,1.5,1.3,Marathonbet,1.47,1.42,1.33,OBSERVED_CLOSE_FROZEN,Latest stored pre-kickoff exact Double Chance triplet
1575495,Primeira Liga,94,2026-09-12T18:40:06Z,2026-09-12T17:00:00Z,2026-09-12T12:42:44Z,257.3,Casa Pia,FC Porto,12,Double Chance,0.12680780,0.44861251,0.42457969,0.11886186,0.45280710,0.42833104,-0.00794594,0.00419459,0.00375135,4.0,1.05,1.11,Marathonbet,,,,OBSERVED_CLOSE_FROZEN,Latest stored pre-kickoff exact Double Chance triplet
1584406,Super Lig,203,2026-09-12T18:40:06Z,2026-09-12T14:00:00Z,2026-09-12T12:42:44Z,77.3,Eyüpspor,Rizespor,12,Double Chance,0.25017320,0.38226464,0.36756216,0.25017320,0.38226464,0.36756216,-0.00000000,0.00000000,-0.00000000,1.91,1.25,1.3,Marathonbet,1.92,1.21,1.26,OBSERVED_CLOSE_FROZEN,Latest stored pre-kickoff exact Double Chance triplet
1584411,Super Lig,203,2026-09-12T18:40:06Z,2026-09-12T14:00:00Z,2026-09-12T12:42:44Z,77.3,Samsunspor,Çorum FK,12,Double Chance,0.37095751,0.26379201,0.36525048,0.35249401,0.28706099,0.36044500,-0.01846350,0.02326898,-0.00480548,1.36,1.67,1.33,Marathonbet,1.31,1.65,1.31,OBSERVED_CLOSE_FROZEN,Latest stored pre-kickoff exact Double Chance triplet
1584410,Super Lig,203,2026-09-12T18:40:06Z,2026-09-12T17:00:00Z,2026-09-12T12:42:44Z,257.3,Konyaspor,Trabzonspor,12,Double Chance,0.26229508,0.36885246,0.36885246,0.27536670,0.35818376,0.36644954,0.01307162,-0.01066870,-0.00240292,1.73,1.33,1.3,Marathonbet,1.82,1.26,1.26,OBSERVED_CLOSE_FROZEN,Latest stored pre-kickoff exact Double Chance triplet
1584403,Super Lig,203,2026-09-12T18:40:06Z,2026-09-12T17:00:00Z,2026-09-12T12:42:44Z,257.3,Alanyaspor,Göztepe,12,Double Chance,0.34958616,0.28469292,0.36572091,0.34958616,0.28469292,0.36572091,0.00000000,0.00000000,0.00000000,1.36,1.67,1.3,Marathonbet,1.31,1.66,1.3,OBSERVED_CLOSE_FROZEN,Latest stored pre-kickoff exact Double Chance triplet
1557405,Premier League,39,2026-09-13T00:44:15Z,2026-09-12T19:00:00Z,2026-09-12T18:40:06Z,19.9,Sunderland,Arsenal,12,Double Chance,0.18085278,0.43075845,0.38838877,0.20434973,0.41964677,0.37600350,0.02349695,-0.01111168,-0.01238527,2.3,1.12,1.25,Marathonbet,2.41,1.13,1.28,OBSERVED_CLOSE_FROZEN,Latest stored pre-kickoff exact Double Chance triplet
1570379,La Liga,140,2026-09-13T00:44:15Z,2026-09-12T19:00:00Z,2026-09-12T18:40:06Z,19.9,Real Madrid,Rayo Vallecano,12,Double Chance,0.47097143,0.08006514,0.44896342,0.47293747,0.08039937,0.44666316,0.00196604,0.00033423,-0.00230026,1.02,6.0,1.08,Marathonbet,1.02,6.05,1.08,OBSERVED_CLOSE_FROZEN,Latest stored pre-kickoff exact Double Chance triplet
1550117,Serie A,135,2026-09-13T00:44:15Z,2026-09-12T18:45:00Z,2026-09-12T18:40:06Z,4.9,Atalanta,Cagliari,12,Double Chance,0.41580226,0.20247762,0.38172011,0.39892582,0.22767961,0.37339457,-0.01687644,0.02520199,-0.00832554,1.17,2.05,1.25,Marathonbet,1.18,2.21,1.3,OBSERVED_CLOSE_FROZEN,Latest stored pre-kickoff exact Double Chance triplet
1552761,Ligue 1,61,2026-09-13T00:44:15Z,2026-09-12T18:45:00Z,2026-09-12T18:40:06Z,4.9,Lorient,Toulouse,12,Double Chance,0.33059449,0.32141131,0.34799420,0.34347202,0.30530846,0.35121951,0.01287753,-0.01610285,0.00322531,1.36,1.53,1.33,Marathonbet,1.41,1.61,1.35,OBSERVED_CLOSE_FROZEN,Latest stored pre-kickoff exact Double Chance triplet
1552756,Ligue 1,61,2026-09-13T00:44:15Z,2026-09-12T18:45:00Z,2026-09-12T18:40:06Z,4.9,Auxerre,Nice,12,Double Chance,0.33059449,0.32141131,0.34799420,0.31257344,0.33490012,0.35252644,-0.01802105,0.01348881,0.00453224,1.5,1.4,1.33,Marathonbet,1.57,1.44,1.35,OBSERVED_CLOSE_FROZEN,Latest stored pre-kickoff exact Double Chance triplet
1552758,Ligue 1,61,2026-09-13T00:44:15Z,2026-09-12T18:45:00Z,2026-09-12T18:40:06Z,4.9,Le Havre,Angers,12,Double Chance,0.33752482,0.31502316,0.34745202,0.32865474,0.31550855,0.35583671,-0.00887008,0.00048539,0.00838469,1.44,1.5,1.33,Marathonbet,1.47,1.52,1.37,OBSERVED_CLOSE_FROZEN,Latest stored pre-kickoff exact Double Chance triplet
1552762,Ligue 1,61,2026-09-13T00:44:15Z,2026-09-12T18:45:00Z,2026-09-12T18:40:06Z,4.9,Paris FC,Lyon,12,Double Chance,0.31527094,0.31527094,0.36945813,0.31527094,0.31527094,0.36945813,-0.00000000,-0.00000000,-0.00000000,1.5,1.5,1.28,Marathonbet,1.53,1.54,1.3,OBSERVED_CLOSE_FROZEN,Latest stored pre-kickoff exact Double Chance triplet
1558629,Belgian Pro League,144,2026-09-13T00:44:15Z,2026-09-12T18:45:00Z,2026-09-12T18:40:06Z,4.9,OH Leuven,Cercle Brugge,12,Double Chance,0.31707317,0.31707317,0.36585366,0.31905679,0.31280077,0.36814244,0.00198362,-0.00427240,0.00228878,1.5,1.53,1.3,Marathonbet,1.45,1.51,1.27,OBSERVED_CLOSE_FROZEN,Latest stored pre-kickoff exact Double Chance triplet
1558630,Belgian Pro League,144,2026-09-13T00:44:15Z,2026-09-12T18:45:00Z,2026-09-12T18:40:06Z,4.9,Union St. Gilloise,Lommel United,12,Double Chance,0.45454545,0.11931818,0.42613636,0.45932205,0.11032216,0.43035579,0.00477660,-0.00899602,0.00421943,1.04,4.33,1.11,Marathonbet,1.01,4.55,1.08,OBSERVED_CLOSE_FROZEN,Latest stored pre-kickoff exact Double Chance triplet
1552168,Eredivisie,88,2026-09-13T00:44:15Z,2026-09-12T19:00:00Z,2026-09-12T18:40:06Z,19.9,Cambuur,NEC Nijmegen,12,Double Chance,0.19730185,0.40134907,0.40134907,0.20415225,0.39792388,0.39792388,0.00685040,-0.00342519,-0.00342519,2.3,1.18,1.18,Marathonbet,2.28,1.17,1.18,OBSERVED_CLOSE_FROZEN,Latest stored pre-kickoff exact Double Chance triplet
1575491,Primeira Liga,94,2026-09-13T00:44:15Z,2026-09-12T19:30:00Z,2026-09-12T18:40:06Z,49.9,Academico Viseu,Vitória SC,12,Double Chance,0.27156706,0.36703985,0.36139309,0.26361690,0.37960834,0.35677476,-0.00795016,0.01256849,-0.00461833,1.8,1.25,1.33,Marathonbet,1.75,1.24,1.31,OBSERVED_CLOSE_FROZEN,Latest stored pre-kickoff exact Double Chance triplet
1570374,La Liga,140,2026-09-13T12:42:54Z,2026-09-13T12:00:00Z,2026-09-13T06:44:58Z,315.0,Celta Vigo,Malaga,12,Double Chance,0.40466083,0.22545389,0.36988529,0.40466083,0.22545389,0.36988529,-0.00000000,-0.00000000,-0.00000000,1.17,2.1,1.28,Marathonbet,1.18,2.17,1.31,OBSERVED_CLOSE_FROZEN,Latest stored pre-kickoff exact Double Chance triplet
1561925,Austrian Bundesliga,218,2026-09-13T12:42:54Z,2026-09-13T12:30:00Z,2026-09-13T06:44:58Z,345.0,Austria Vienna,Austria Lustenau,12,Double Chance,0.38008177,0.24874462,0.37117361,0.38008177,0.24874462,0.37117361,0.00000000,-0.00000000,-0.00000000,1.25,1.91,1.28,Marathonbet,1.21,1.98,1.25,OBSERVED_CLOSE_FROZEN,Latest stored pre-kickoff exact Double Chance triplet
1561928,Austrian Bundesliga,218,2026-09-13T12:42:54Z,2026-09-13T12:30:00Z,2026-09-13T06:44:58Z,345.0,WSG Wattens,TSV Hartberg,12,Double Chance,0.34759984,0.28307532,0.36932483,0.34759984,0.28307532,0.36932483,0.00000000,0.00000000,0.00000000,1.36,1.67,1.28,Marathonbet,1.33,1.65,1.28,OBSERVED_CLOSE_FROZEN,Latest stored pre-kickoff exact Double Chance triplet
1558631,Belgian Pro League,144,2026-09-13T12:42:54Z,2026-09-13T11:30:00Z,2026-09-13T06:44:58Z,285.0,Club Brugge KV,Antwerp,12,Double Chance,0.44965448,0.12830141,0.42204411,0.44965448,0.12830141,0.42204411,-0.00000000,0.00000000,0.00000000,1.07,3.75,1.14,Marathonbet,1.03,3.78,1.1,OBSERVED_CLOSE_FROZEN,Latest stored pre-kickoff exact Double Chance triplet
1549017,Danish Superliga,119,2026-09-13T12:42:54Z,2026-09-13T12:00:00Z,2026-09-13T06:44:58Z,315.0,Lyngby,Sonderjyske,12,Double Chance,0.40523367,0.20614060,0.38862573,0.40523367,0.20614060,0.38862573,-0.00000000,0.00000000,-0.00000000,1.17,2.3,1.22,Marathonbet,1.14,2.31,1.2,OBSERVED_CLOSE_FROZEN,Latest stored pre-kickoff exact Double Chance triplet
1549021,Danish Superliga,119,2026-09-13T12:42:54Z,2026-09-13T12:00:00Z,2026-09-13T06:44:58Z,315.0,Silkeborg,Viborg,12,Double Chance,0.24047938,0.37514784,0.38437278,0.24874462,0.37117361,0.38008177,0.00826524,-0.00397423,-0.00429101,1.91,1.28,1.25,Marathonbet,1.88,1.27,1.22,OBSERVED_CLOSE_FROZEN,Latest stored pre-kickoff exact Double Chance triplet
1547629,A Lyga,362,2026-09-13T12:42:54Z,2026-09-13T11:30:00Z,2026-09-13T06:44:58Z,285.0,Panevėžys,Kauno Žalgiris,12,Double Chance,0.20342949,0.40867531,0.38789521,0.20342949,0.40867531,0.38789521,-0.00000000,-0.00000000,-0.00000000,2.25,1.12,1.18,Marathonbet,2.17,1.1,1.18,OBSERVED_CLOSE_FROZEN,Latest stored pre-kickoff exact Double Chance triplet
1515922,Virsliga,365,2026-09-13T12:42:54Z,2026-09-13T11:00:00Z,2026-09-13T06:44:58Z,255.0,BFC Daugavpils,Rīgas FS,12,Double Chance,0.14489077,0.43740610,0.41770313,0.15300546,0.43715847,0.40983607,0.00811469,-0.00024763,-0.00786706,3.0,1.05,1.12,Marathonbet,3.08,1.01,1.1,OBSERVED_CLOSE_FROZEN,Latest stored pre-kickoff exact Double Chance triplet
1552167,Eredivisie,88,2026-09-13T12:42:54Z,2026-09-13T10:15:00Z,2026-09-13T06:44:58Z,210.0,Excelsior,Utrecht,12,Double Chance,0.34454586,0.28058825,0.37486590,0.34158767,0.28676495,0.37164738,-0.00295819,0.00617670,-0.00321852,1.36,1.62,1.25,Marathonbet,1.37,1.65,1.25,OBSERVED_CLOSE_FROZEN,Latest stored pre-kickoff exact Double Chance triplet
1552166,Eredivisie,88,2026-09-13T12:42:54Z,2026-09-13T12:30:00Z,2026-09-13T06:44:58Z,345.0,Heerenveen,Telstar,12,Double Chance,0.39792388,0.20415225,0.39792388,0.39792388,0.20415225,0.39792388,-0.00000000,-0.00000000,-0.00000000,1.18,2.3,1.18,Marathonbet,1.17,2.26,1.18,OBSERVED_CLOSE_FROZEN,Latest stored pre-kickoff exact Double Chance triplet
1494763,Eliteserien,103,2026-09-13T12:42:54Z,2026-09-13T12:30:00Z,2026-09-13T06:44:58Z,345.0,Viking,Kristiansund BK,12,Double Chance,0.44228746,0.12737879,0.43033375,0.43371298,0.14031891,0.42596811,-0.00857448,0.01294012,-0.00436564,1.1,3.4,1.12,Marathonbet,1.05,3.6,1.1,OBSERVED_CLOSE_FROZEN,Latest stored pre-kickoff exact Double Chance triplet
1553171,Ekstraklasa,106,2026-09-13T12:42:54Z,2026-09-13T10:15:00Z,2026-09-13T06:44:58Z,210.0,Wisla Plock,Cracovia Krakow,12,Double Chance,0.31971154,0.31971154,0.36057692,0.31971154,0.31971154,0.36057692,-0.00000000,-0.00000000,0.00000000,1.5,1.5,1.33,Marathonbet,1.41,1.5,1.3,OBSERVED_CLOSE_FROZEN,Latest stored pre-kickoff exact Double Chance triplet
1557400,Premier League,39,2026-09-13T18:41:20Z,2026-09-13T13:00:00Z,2026-09-13T12:42:54Z,17.1,Coventry,Brighton,12,Double Chance,0.24654832,0.37672584,0.37672584,0.25682595,0.36718085,0.37599319,0.01027763,-0.00954499,-0.00073265,1.83,1.28,1.25,Marathonbet,1.94,1.28,1.29,OBSERVED_CLOSE_FROZEN,Latest stored pre-kickoff exact Double Chance triplet
1557404,Premier League,39,2026-09-13T18:41:20Z,2026-09-13T15:30:00Z,2026-09-13T12:42:54Z,167.1,Manchester United,Manchester City,12,Double Chance,0.27486154,0.35132678,0.37381169,0.28058825,0.34454586,0.37486590,0.00572671,-0.00678092,0.00105421,1.67,1.36,1.25,Marathonbet,1.72,1.4,1.28,OBSERVED_CLOSE_FROZEN,Latest stored pre-kickoff exact Double Chance triplet
1570376,La Liga,140,2026-09-13T18:41:20Z,2026-09-13T14:15:00Z,2026-09-13T12:42:54Z,92.1,Levante,Barcelona,12,Double Chance,0.08707199,0.46950583,0.44342218,0.08747071,0.46707660,0.44545269,0.00039872,-0.00242923,0.00203051,5.5,1.03,1.08,Marathonbet,5.15,1.04,1.09,OBSERVED_CLOSE_FROZEN,Latest stored pre-kickoff exact Double Chance triplet
1570375,La Liga,140,2026-09-13T18:41:20Z,2026-09-13T16:30:00Z,2026-09-13T12:42:54Z,227.1,Getafe,Deportivo La Coruna,12,Double Chance,0.35993951,0.30583095,0.33422954,0.35470036,0.30833430,0.33696534,-0.00523915,0.00250335,0.00273580,1.33,1.53,1.4,Marathonbet,1.38,1.55,1.43,OBSERVED_CLOSE_FROZEN,Latest stored pre-kickoff exact Double Chance triplet
1550122,Serie A,135,2026-09-13T18:41:20Z,2026-09-13T13:00:00Z,2026-09-13T12:42:54Z,17.1,Lecce,Monza,12,Double Chance,0.33315188,0.32389766,0.34295046,0.32692308,0.32692308,0.34615385,-0.00622880,0.00302542,0.00320339,1.44,1.44,1.36,Marathonbet,1.5,1.44,1.41,OBSERVED_CLOSE_FROZEN,Latest stored pre-kickoff exact Double Chance triplet
1550123,Serie A,135,2026-09-13T18:41:20Z,2026-09-13T16:00:00Z,2026-09-13T12:42:54Z,197.1,Napoli,Bologna,12,Double Chance,0.40015006,0.23408778,0.36576216,0.38170974,0.25447316,0.36381710,-0.01844032,0.02038538,-0.00194506,1.22,1.83,1.28,Marathonbet,1.26,1.95,1.31,OBSERVED_CLOSE_FROZEN,Latest stored pre-kickoff exact Double Chance triplet
1575159,Bundesliga,78,2026-09-13T18:41:20Z,2026-09-13T13:30:00Z,2026-09-13T12:42:54Z,47.1,RB Leipzig,Hamburger SV,12,Double Chance,0.43800539,0.15768194,0.40431267,0.44338336,0.14733970,0.40927694,0.00537797,-0.01034224,0.00496427,1.08,3.25,1.17,Marathonbet,1.09,3.4,1.16,OBSERVED_CLOSE_FROZEN,Latest stored pre-kickoff exact Double Chance triplet
1575166,Bundesliga,78,2026-09-13T18:41:20Z,2026-09-13T15:30:00Z,2026-09-13T12:42:54Z,167.1,SV Elversberg,Bayern München,12,Double Chance,0.09541448,0.45872346,0.44586206,0.08749941,0.46273727,0.44976332,-0.00791507,0.00401381,0.00390126,5.5,1.04,1.07,Marathonbet,5.85,1.02,1.08,OBSERVED_CLOSE_FROZEN,Latest stored pre-kickoff exact Double Chance triplet
1552760,Ligue 1,61,2026-09-13T18:41:20Z,2026-09-13T13:00:00Z,2026-09-13T12:42:54Z,17.1,Lille,Estac Troyes,12,Double Chance,0.42877907,0.17151163,0.39970930,0.42877907,0.17151163,0.39970930,-0.00000000,-0.00000000,0.00000000,1.1,2.75,1.18,Marathonbet,1.11,2.93,1.2,OBSERVED_CLOSE_FROZEN,Latest stored pre-kickoff exact Double Chance triplet
1552759,Ligue 1,61,2026-09-13T18:41:20Z,2026-09-13T15:15:00Z,2026-09-13T12:42:54Z,152.1,Le Mans,Lens,12,Double Chance,0.21423894,0.39942854,0.38633252,0.21813443,0.39744833,0.38441724,0.00389549,-0.00198021,-0.00191528,2.15,1.18,1.22,Marathonbet,2.29,1.2,1.25,OBSERVED_CLOSE_FROZEN,Latest stored pre-kickoff exact Double Chance triplet
1561927,Austrian Bundesliga,218,2026-09-13T18:41:20Z,2026-09-13T15:00:00Z,2026-09-13T12:42:54Z,137.1,Sturm Graz,Lask Linz,12,Double Chance,0.27947598,0.34934498,0.37117904,0.24874462,0.37117361,0.38008177,-0.03073136,0.02182863,0.00890273,1.91,1.28,1.25,Marathonbet,1.84,1.28,1.23,OBSERVED_CLOSE_FROZEN,Latest stored pre-kickoff exact Double Chance triplet
1558632,Belgian Pro League,144,2026-09-13T18:41:20Z,2026-09-13T14:00:00Z,2026-09-13T12:42:54Z,77.1,Genk,Gent,12,Double Chance,0.36180963,0.26769730,0.37049306,0.35160946,0.28866702,0.35972352,-0.01020017,0.02096972,-0.01076954,1.33,1.62,1.3,Marathonbet,1.28,1.68,1.31,OBSERVED_CLOSE_FROZEN,Latest stored pre-kickoff exact Double Chance triplet
1558633,Belgian Pro League,144,2026-09-13T18:41:20Z,2026-09-13T16:30:00Z,2026-09-13T12:42:54Z,227.1,Zulte Waregem,Charleroi,12,Double Chance,0.32597793,0.31293882,0.36108325,0.32439024,0.32439024,0.35121951,-0.00158769,0.01145142,-0.00986374,1.44,1.44,1.33,Marathonbet,1.48,1.44,1.31,OBSERVED_CLOSE_FROZEN,Latest stored pre-kickoff exact Double Chance triplet
1558634,Belgian Pro League,144,2026-09-13T18:41:20Z,2026-09-13T17:15:00Z,2026-09-13T12:42:54Z,272.1,RAAL La Louvière,Kortrijk,12,Double Chance,0.34071054,0.30285381,0.35643564,0.34347202,0.30530846,0.35121951,0.00276148,0.00245465,-0.00521613,1.36,1.53,1.33,Marathonbet,1.39,1.54,1.31,OBSERVED_CLOSE_FROZEN,Latest stored pre-kickoff exact Double Chance triplet
1549020,Danish Superliga,119,2026-09-13T18:41:20Z,2026-09-13T14:00:00Z,2026-09-13T12:42:54Z,77.1,Randers FC,Odense,12,Double Chance,0.33422954,0.30583095,0.35993951,0.35267526,0.28087311,0.36645163,0.01844572,-0.02495784,0.00651212,1.33,1.67,1.28,Marathonbet,1.33,1.69,1.27,OBSERVED_CLOSE_FROZEN,Latest stored pre-kickoff exact Double Chance triplet
1549019,Danish Superliga,119,2026-09-13T18:41:20Z,2026-09-13T16:00:00Z,2026-09-13T12:42:54Z,197.1,FC Nordsjaelland,Aarhus,12,Double Chance,0.37514784,0.24047938,0.38437278,0.37672584,0.24654832,0.37672584,0.00157800,0.00606894,-0.00764694,1.25,1.91,1.25,Marathonbet,1.23,1.94,1.24,OBSERVED_CLOSE_FROZEN,Latest stored pre-kickoff exact Double Chance triplet
1547631,A Lyga,362,2026-09-13T18:41:20Z,2026-09-13T14:00:00Z,2026-09-13T12:42:54Z,77.1,Šiauliai,Hegelmann Litauen,12,Double Chance,0.31725888,0.31725888,0.36548223,0.30848329,0.32133676,0.37017995,-0.00877559,0.00407788,0.00469772,1.5,1.44,1.25,Marathonbet,1.44,1.39,1.25,OBSERVED_CLOSE_FROZEN,Latest stored pre-kickoff exact Double Chance triplet
1547630,A Lyga,362,2026-09-13T18:41:20Z,2026-09-13T15:45:00Z,2026-09-13T12:42:54Z,182.1,Suduva Marijampole,FK Zalgiris Vilnius,12,Double Chance,0.30848329,0.32133676,0.37017995,0.31725888,0.31725888,0.36548223,0.00877559,-0.00407788,-0.00469772,1.44,1.44,1.25,Marathonbet,1.39,1.43,1.26,OBSERVED_CLOSE_FROZEN,Latest stored pre-kickoff exact Double Chance triplet
1552170,Eredivisie,88,2026-09-13T18:41:20Z,2026-09-13T14:45:00Z,2026-09-13T12:42:54Z,122.1,PEC Zwolle,Feyenoord,12,Double Chance,0.18058489,0.41502843,0.40438668,0.18058489,0.41502843,0.40438668,0.00000000,0.00000000,-0.00000000,2.62,1.14,1.17,Marathonbet,2.69,1.1,1.16,OBSERVED_CLOSE_FROZEN,Latest stored pre-kickoff exact Double Chance triplet
1552169,Eredivisie,88,2026-09-13T18:41:20Z,2026-09-13T18:00:00Z,2026-09-13T12:42:54Z,317.1,PSV Eindhoven,Sparta Rotterdam,12,Double Chance,0.45943939,0.10618155,0.43437906,0.45943939,0.10618155,0.43437906,0.00000000,-0.00000000,0.00000000,1.04,4.5,1.1,Marathonbet,,,,OBSERVED_CLOSE_FROZEN,Latest stored pre-kickoff exact Double Chance triplet
1494762,Eliteserien,103,2026-09-13T18:41:20Z,2026-09-13T15:00:00Z,2026-09-13T12:42:54Z,137.1,Start,Brann,12,Double Chance,0.25999350,0.36561586,0.37439064,0.24874462,0.37117361,0.38008177,-0.01124888,0.00555775,0.00569113,1.91,1.28,1.25,Marathonbet,1.75,1.32,1.24,OBSERVED_CLOSE_FROZEN,Latest stored pre-kickoff exact Double Chance triplet
1494759,Eliteserien,103,2026-09-13T18:41:20Z,2026-09-13T15:00:00Z,2026-09-13T12:42:54Z,137.1,KFUM Oslo,Aalesund,12,Double Chance,0.34105559,0.28591486,0.37302955,0.31723200,0.31101176,0.37175624,-0.02382359,0.02509690,-0.00127331,1.5,1.53,1.28,Marathonbet,1.47,1.53,1.25,OBSERVED_CLOSE_FROZEN,Latest stored pre-kickoff exact Double Chance triplet
1494758,Eliteserien,103,2026-09-13T18:41:20Z,2026-09-13T15:00:00Z,2026-09-13T12:42:54Z,137.1,Ham-Kam,Molde,12,Double Chance,0.22932331,0.38533835,0.38533835,0.21423894,0.39942854,0.38633252,-0.01508437,0.01409019,0.00099417,2.2,1.18,1.22,Marathonbet,2.21,1.18,1.19,OBSERVED_CLOSE_FROZEN,Latest stored pre-kickoff exact Double Chance triplet
1494757,Eliteserien,103,2026-09-13T18:41:20Z,2026-09-13T17:15:00Z,2026-09-13T12:42:54Z,272.1,Fredrikstad,Sarpsborg 08 FF,12,Double Chance,0.32613909,0.30695444,0.36690647,0.32613909,0.30695444,0.36690647,-0.00000000,-0.00000000,0.00000000,1.44,1.53,1.28,Marathonbet,1.44,1.52,1.28,OBSERVED_CLOSE_FROZEN,Latest stored pre-kickoff exact Double Chance triplet
1553166,Ekstraklasa,106,2026-09-13T18:41:20Z,2026-09-13T12:45:00Z,2026-09-13T12:42:54Z,2.1,Pogon Szczecin,Wieczysta Kraków,12,Double Chance,0.37095751,0.26379201,0.36525048,0.35267526,0.28087311,0.36645163,-0.01828225,0.01708110,0.00120115,1.33,1.67,1.28,Marathonbet,1.32,1.67,1.26,OBSERVED_CLOSE_FROZEN,Latest stored pre-kickoff exact Double Chance triplet
1553165,Ekstraklasa,106,2026-09-13T18:41:20Z,2026-09-13T15:30:00Z,2026-09-13T12:42:54Z,167.1,Legia Warszawa,Widzew Łódź,12,Double Chance,0.39637462,0.23202417,0.37160121,0.39637462,0.23202417,0.37160121,0.00000000,-0.00000000,-0.00000000,1.2,2.05,1.28,Marathonbet,1.19,1.89,1.27,OBSERVED_CLOSE_FROZEN,Latest stored pre-kickoff exact Double Chance triplet
1575493,Primeira Liga,94,2026-09-13T18:41:20Z,2026-09-13T17:00:00Z,2026-09-13T12:42:54Z,257.1,Benfica,GIL Vicente,12,Double Chance,0.47577855,0.08737024,0.43685121,0.47577855,0.08737024,0.43685121,-0.00000000,0.00000000,0.00000000,1.01,5.5,1.1,Marathonbet,,,,OBSERVED_CLOSE_FROZEN,Latest stored pre-kickoff exact Double Chance triplet
1575492,Primeira Liga,94,2026-09-13T18:41:20Z,2026-09-13T17:00:00Z,2026-09-13T12:42:54Z,257.1,Arouca,Santa Clara,12,Double Chance,0.33315188,0.32389766,0.34295046,0.33315188,0.32389766,0.34295046,-0.00000000,-0.00000000,0.00000000,1.4,1.44,1.36,Marathonbet,1.38,1.47,1.37,OBSERVED_CLOSE_FROZEN,Latest stored pre-kickoff exact Double Chance triplet
1584409,Super Lig,203,2026-09-13T18:41:20Z,2026-09-13T14:00:00Z,2026-09-13T12:42:54Z,77.1,Gençlerbirliği S.K.,Kasımpaşa,12,Double Chance,0.35217391,0.29565217,0.35217391,0.34888889,0.30222222,0.34888889,-0.00328502,0.00657005,-0.00328502,1.36,1.57,1.36,Marathonbet,1.33,1.58,1.33,OBSERVED_CLOSE_FROZEN,Latest stored pre-kickoff exact Double Chance triplet
1584407,Super Lig,203,2026-09-13T18:41:20Z,2026-09-13T17:00:00Z,2026-09-13T12:42:54Z,257.1,Galatasaray,Kocaelispor,12,Double Chance,0.44338336,0.14733970,0.40927694,0.45796927,0.12021693,0.42181380,0.01458591,-0.02712277,0.01253686,1.05,4.0,1.14,Marathonbet,1.02,3.78,1.12,OBSERVED_CLOSE_FROZEN,Latest stored pre-kickoff exact Double Chance triplet
1584404,Super Lig,203,2026-09-13T18:41:20Z,2026-09-13T17:00:00Z,2026-09-13T12:42:54Z,257.1,Amed,Başakşehir,12,Double Chance,0.31707317,0.31707317,0.36585366,0.31707317,0.31707317,0.36585366,0.00000000,0.00000000,-0.00000000,1.5,1.5,1.3,Marathonbet,1.44,1.5,1.28,OBSERVED_CLOSE_FROZEN,Latest stored pre-kickoff exact Double Chance triplet
1570380,La Liga,140,2026-09-14T06:46:40Z,2026-09-13T19:00:00Z,2026-09-13T18:41:20Z,18.7,Real Sociedad,Atletico Madrid,12,Double Chance,0.30412056,0.33236033,0.36351911,0.27947598,0.34934498,0.37117904,-0.02464458,0.01698465,0.00765993,1.7,1.36,1.28,Marathonbet,1.74,1.36,1.31,OBSERVED_CLOSE_FROZEN,Latest stored pre-kickoff exact Double Chance triplet
1550124,Serie A,135,2026-09-14T06:46:40Z,2026-09-13T18:45:00Z,2026-09-13T18:41:20Z,3.7,Sassuolo,Juventus,12,Double Chance,0.20976061,0.40338580,0.38685359,0.20976061,0.40338580,0.38685359,0.00000000,-0.00000000,0.00000000,2.25,1.17,1.22,Marathonbet,2.33,1.17,1.27,OBSERVED_CLOSE_FROZEN,Latest stored pre-kickoff exact Double Chance triplet
1552757,Ligue 1,61,2026-09-14T06:46:40Z,2026-09-13T18:45:00Z,2026-09-13T18:41:20Z,3.7,Stade Brestois 29,Paris Saint Germain,12,Double Chance,0.12721186,0.45432807,0.41846007,0.12626832,0.45095829,0.42277339,-0.00094354,-0.00336978,0.00431332,3.75,1.05,1.12,Marathonbet,4.25,1.05,1.13,OBSERVED_CLOSE_FROZEN,Latest stored pre-kickoff exact Double Chance triplet
1575496,Primeira Liga,94,2026-09-14T06:46:40Z,2026-09-13T19:30:00Z,2026-09-13T18:41:20Z,48.7,Famalicao,Sporting CP,12,Double Chance,0.19701252,0.41865159,0.38433589,0.18862826,0.42483842,0.38653332,-0.00838426,0.00618683,0.00219743,2.5,1.11,1.22,Marathonbet,2.59,1.1,1.18,OBSERVED_CLOSE_FROZEN,Latest stored pre-kickoff exact Double Chance triplet
1550125,Serie A,135,2026-09-14T18:45:04Z,2026-09-14T16:30:00Z,2026-09-14T12:46:34Z,223.4,Torino,AS Roma,12,Double Chance,0.20247762,0.41580226,0.38172011,0.19719772,0.41169348,0.39110880,-0.00527990,-0.00410878,0.00938869,2.38,1.14,1.2,Marathonbet,2.6,1.13,1.25,OBSERVED_CLOSE_FROZEN,Latest stored pre-kickoff exact Double Chance triplet
1550118,Serie A,135,2026-09-14T18:45:04Z,2026-09-14T16:30:00Z,2026-09-14T12:46:34Z,223.4,Como,Parma,12,Double Chance,0.46274685,0.11915731,0.41809584,0.45691906,0.11879896,0.42428198,-0.00582779,-0.00035835,0.00618614,1.04,4.0,1.12,Marathonbet,1.03,4.45,1.13,OBSERVED_CLOSE_FROZEN,Latest stored pre-kickoff exact Double Chance triplet
1550120,Serie A,135,2026-09-14T18:45:04Z,2026-09-14T18:45:00Z,2026-09-14T12:46:34Z,358.4,Inter,Udinese,12,Double Chance,0.45432807,0.12721186,0.41846007,0.45670149,0.12665855,0.41663996,0.00237342,-0.00055331,-0.00182011,1.04,3.75,1.14,Marathonbet,1.04,4.25,1.13,OBSERVED_CLOSE_FROZEN,Latest stored pre-kickoff exact Double Chance triplet
1549018,Danish Superliga,119,2026-09-14T18:45:04Z,2026-09-14T17:00:00Z,2026-09-14T12:46:34Z,253.4,FC Midtjylland,Brondby,12,Double Chance,0.37672584,0.24654832,0.37672584,0.38314176,0.23371648,0.38314176,0.00641592,-0.01283184,0.00641592,1.22,2.0,1.22,Marathonbet,1.2,1.98,1.25,OBSERVED_CLOSE_FROZEN,Latest stored pre-kickoff exact Double Chance triplet
1547633,A Lyga,362,2026-09-14T18:45:04Z,2026-09-14T15:45:00Z,2026-09-14T12:46:34Z,178.4,Banga,TransINVEST Vilnius,12,Double Chance,0.31725888,0.31725888,0.36548223,0.32133676,0.30848329,0.37017995,0.00407788,-0.00877559,0.00469772,1.44,1.5,1.25,Marathonbet,1.44,1.37,1.26,OBSERVED_CLOSE_FROZEN,Latest stored pre-kickoff exact Double Chance triplet
1494756,Eliteserien,103,2026-09-14T18:45:04Z,2026-09-14T17:00:00Z,2026-09-14T12:46:34Z,253.4,Bodo/Glimt,Sandefjord,12,Double Chance,0.46062509,0.09581002,0.44356490,0.46467238,0.08786532,0.44746229,0.00404729,-0.00794470,0.00389739,1.04,5.5,1.08,Marathonbet,,,,OBSERVED_CLOSE_FROZEN,Latest stored pre-kickoff exact Double Chance triplet
1553167,Ekstraklasa,106,2026-09-14T18:45:04Z,2026-09-14T17:00:00Z,2026-09-14T12:46:34Z,253.4,Radomiak Radom,Piast Gliwice,12,Double Chance,0.32948574,0.30149022,0.36902403,0.33236033,0.30412056,0.36351911,0.00287459,0.00263034,-0.00550492,1.4,1.53,1.28,Marathonbet,1.4,1.54,1.27,OBSERVED_CLOSE_FROZEN,Latest stored pre-kickoff exact Double Chance triplet
1575499,Primeira Liga,94,2026-09-14T18:45:04Z,2026-09-14T17:45:00Z,2026-09-14T12:46:34Z,298.4,Rio Ave,Estrela,12,Double Chance,0.31257344,0.33490012,0.35252644,0.32692308,0.32692308,0.34615385,0.01434964,-0.00797704,-0.00637259,1.44,1.44,1.36,Marathonbet,1.44,1.44,1.33,OBSERVED_CLOSE_FROZEN,Latest stored pre-kickoff exact Double Chance triplet
1584408,Super Lig,203,2026-09-14T18:45:04Z,2026-09-14T17:00:00Z,2026-09-14T12:46:34Z,253.4,Gaziantep FK,Fenerbahçe,12,Double Chance,0.20060150,0.40806116,0.39133734,0.19076096,0.41833544,0.39090360,-0.00984054,0.01027428,-0.00043374,2.5,1.14,1.22,Marathonbet,2.47,1.11,1.2,OBSERVED_CLOSE_FROZEN,Latest stored pre-kickoff exact Double Chance triplet
1557402,Premier League,39,2026-09-15T00:45:52Z,2026-09-14T19:00:00Z,2026-09-14T18:45:04Z,14.9,Leeds,Newcastle,12,Double Chance,0.33236033,0.30412056,0.36351911,0.34759984,0.28307532,0.36932483,0.01523951,-0.02104524,0.00580572,1.36,1.67,1.28,Marathonbet,1.39,1.66,1.33,OBSERVED_CLOSE_FROZEN,Latest stored pre-kickoff exact Double Chance triplet
1570382,La Liga,140,2026-09-15T00:45:52Z,2026-09-14T19:00:00Z,2026-09-14T18:45:04Z,14.9,Villarreal,Real Betis,12,Double Chance,0.36381710,0.25447316,0.38170974,0.36561586,0.25999350,0.37439064,0.00179876,0.00552034,-0.00731910,1.28,1.8,1.25,Marathonbet,1.31,1.9,1.28,OBSERVED_CLOSE_FROZEN,Latest stored pre-kickoff exact Double Chance triplet
1575497,Primeira Liga,94,2026-09-15T00:45:52Z,2026-09-14T19:15:00Z,2026-09-14T18:45:04Z,29.9,Moreirense,Maritimo,12,Double Chance,0.31502316,0.33752482,0.34745202,0.31502316,0.33752482,0.34745202,0.00000000,-0.00000000,-0.00000000,1.5,1.4,1.36,Marathonbet,1.45,1.43,1.34,OBSERVED_CLOSE_FROZEN,Latest stored pre-kickoff exact Double Chance triplet
1575494,Primeira Liga,94,2026-09-15T00:45:52Z,2026-09-14T19:45:00Z,2026-09-14T18:45:04Z,59.9,SC Braga,Estoril,12,Double Chance,0.42634584,0.18225471,0.39139946,0.44180416,0.15757682,0.40061903,0.01545832,-0.02467789,0.00921957,1.07,3.0,1.18,Marathonbet,1.04,3.1,1.16,OBSERVED_CLOSE_FROZEN,Latest stored pre-kickoff exact Double Chance triplet
1552143,Eredivisie,88,2026-09-15T18:43:13Z,2026-09-15T18:00:00Z,2026-09-15T12:44:49Z,315.2,Ajax,Willem II,12,Double Chance,0.46199076,0.09701806,0.44099118,0.47293747,0.08039937,0.44666316,0.01094671,-0.01661869,0.00567198,1.02,6.0,1.08,Marathonbet,,,,OBSERVED_CLOSE_FROZEN,Latest stored pre-kickoff exact Double Chance triplet
1570391,La Liga,140,2026-09-15T18:43:13Z,2026-09-15T17:00:00Z,2026-09-15T12:44:49Z,255.2,Rayo Vallecano,Espanyol,12,Double Chance,0.37650845,0.26146420,0.36202735,0.34616469,0.29986240,0.35397291,-0.03034376,0.03839820,-0.00805444,1.36,1.57,1.33,Marathonbet,1.39,1.63,1.34,OBSERVED_CLOSE_FROZEN,Latest stored pre-kickoff exact Double Chance triplet
1570383,La Liga,140,2026-09-15T18:43:13Z,2026-09-15T18:00:00Z,2026-09-15T12:44:49Z,315.2,Alaves,Valencia,12,Double Chance,0.39230769,0.26153846,0.34615385,0.40871001,0.22728264,0.36400735,0.01640232,-0.03425582,0.01785350,1.14,2.05,1.28,Marathonbet,1.16,2.17,1.32,OBSERVED_CLOSE_FROZEN,Latest stored pre-kickoff exact Double Chance triplet
1553112,Ekstraklasa,106,2026-09-15T18:43:13Z,2026-09-15T18:30:00Z,2026-09-15T12:44:49Z,345.2,Korona Kielce,Gornik Zabrze,12,Double Chance,0.31118314,0.32414911,0.36466775,0.31707317,0.31707317,0.36585366,0.00589003,-0.00707594,0.00118591,1.5,1.5,1.3,Marathonbet,1.44,1.42,1.31,OBSERVED_CLOSE_FROZEN,Latest stored pre-kickoff exact Double Chance triplet
1553125,Ekstraklasa,106,2026-09-15T18:43:13Z,2026-09-15T16:00:00Z,2026-09-15T12:44:49Z,195.2,Raków Częstochowa,Zaglebie Lubin,12,Double Chance,0.38437278,0.24047938,0.37514784,0.38437278,0.24047938,0.37514784,0.00000000,0.00000000,-0.00000000,1.22,1.95,1.25,Marathonbet,1.21,1.9,1.24,OBSERVED_CLOSE_FROZEN,Latest stored pre-kickoff exact Double Chance triplet
1515889,Virsliga,365,2026-09-15T18:43:13Z,2026-09-15T16:00:00Z,2026-09-15T12:44:49Z,195.2,Super Nova,Riga,12,Double Chance,0.13644418,0.44181926,0.42173656,0.12828947,0.44407895,0.42763158,-0.00815471,0.00225969,0.00589502,3.6,1.04,1.08,Marathonbet,,,,OBSERVED_CLOSE_FROZEN,Latest stored pre-kickoff exact Double Chance triplet
1556642,Scottish Premiership,179,2026-09-16T00:44:23Z,2026-09-15T18:45:00Z,2026-09-15T18:43:13Z,1.8,Hibernian,Kilmarnock,12,Double Chance,0.41562760,0.18952618,0.39484622,0.42656396,0.17217672,0.40125932,0.01093636,-0.01734946,0.00641310,1.11,2.75,1.18,Marathonbet,1.07,2.82,1.16,OBSERVED_CLOSE_FROZEN,Latest stored pre-kickoff exact Double Chance triplet
1556643,Scottish Premiership,179,2026-09-16T00:44:23Z,2026-09-15T18:45:00Z,2026-09-15T18:43:13Z,1.8,Motherwell,Aberdeen,12,Double Chance,0.38008177,0.24874462,0.37117361,0.37672584,0.24654832,0.37672584,-0.00335593,-0.00219630,0.00555223,1.25,1.91,1.25,Marathonbet,1.22,1.93,1.25,OBSERVED_CLOSE_FROZEN,Latest stored pre-kickoff exact Double Chance triplet
1556641,Scottish Premiership,179,2026-09-16T00:44:23Z,2026-09-15T18:45:00Z,2026-09-15T18:43:13Z,1.8,Falkirk,Heart Of Midlothian,12,Double Chance,0.26229508,0.36885246,0.36885246,0.24874462,0.38008177,0.37117361,-0.01355046,0.01122931,0.00232115,1.91,1.25,1.28,Marathonbet,1.79,1.26,1.27,OBSERVED_CLOSE_FROZEN,Latest stored pre-kickoff exact Double Chance triplet
1570388,La Liga,140,2026-09-16T00:44:23Z,2026-09-15T19:30:00Z,2026-09-15T18:43:13Z,46.8,Elche,Real Madrid,12,Double Chance,0.13621745,0.44557109,0.41821146,0.11037317,0.45515791,0.43446892,-0.02584428,0.00958682,0.01625746,4.33,1.05,1.1,Marathonbet,4.65,1.04,1.11,OBSERVED_CLOSE_FROZEN,Latest stored pre-kickoff exact Double Chance triplet
1570384,La Liga,140,2026-09-16T18:44:18Z,2026-09-16T17:00:00Z,2026-09-16T12:45:17Z,254.7,Atletico Madrid,Osasuna,12,Double Chance,0.43075845,0.18085278,0.38838877,0.44180416,0.15757682,0.40061903,0.01104571,-0.02327596,0.01223026,1.07,3.0,1.18,Marathonbet,1.08,3.12,1.21,OBSERVED_CLOSE_FROZEN,Latest stored pre-kickoff exact Double Chance triplet
1570387,La Liga,140,2026-09-16T18:44:18Z,2026-09-16T17:00:00Z,2026-09-16T12:45:17Z,254.7,Deportivo La Coruna,Sevilla,12,Double Chance,0.33752482,0.31502316,0.34745202,0.33752482,0.31502316,0.34745202,-0.00000000,0.00000000,-0.00000000,1.4,1.5,1.36,Marathonbet,1.41,1.52,1.4,OBSERVED_CLOSE_FROZEN,Latest stored pre-kickoff exact Double Chance triplet
1547599,A Lyga,362,2026-09-16T18:44:18Z,2026-09-16T15:45:00Z,2026-09-16T12:45:17Z,179.7,FK Zalgiris Vilnius,Kauno Žalgiris,12,Double Chance,0.29588374,0.33722043,0.36689583,0.26528047,0.35854313,0.37617640,-0.03060327,0.02132270,0.00928057,1.73,1.28,1.22,Marathonbet,1.62,1.25,1.22,OBSERVED_CLOSE_FROZEN,Latest stored pre-kickoff exact Double Chance triplet
1515898,Virsliga,365,2026-09-16T18:44:18Z,2026-09-16T16:00:00Z,2026-09-16T12:45:17Z,194.7,Auda,Ogre United,12,Double Chance,0.42667864,0.15787110,0.41545026,0.44209897,0.14368217,0.41421886,0.01542033,-0.01418893,-0.00123140,1.04,3.2,1.11,Marathonbet,1.01,3.12,1.08,OBSERVED_CLOSE_FROZEN,Latest stored pre-kickoff exact Double Chance triplet
1570385,La Liga,140,2026-09-17T00:44:42Z,2026-09-16T19:30:00Z,2026-09-16T18:44:18Z,45.7,Barcelona,Racing Santander,12,Double Chance,0.48475335,0.04896009,0.46628656,0.48253217,0.04430523,0.47316261,-0.00222118,-0.00465486,0.00687605,1.01,11.0,1.03,Marathonbet,,,,OBSERVED_CLOSE_FROZEN,Latest stored pre-kickoff exact Double Chance triplet
1570389,La Liga,140,2026-09-17T00:44:42Z,2026-09-16T19:30:00Z,2026-09-16T18:44:18Z,45.7,Levante,Athletic Club,12,Double Chance,0.28246557,0.35467481,0.36285962,0.27504132,0.35966942,0.36528926,-0.00742425,0.00499461,0.00242964,1.7,1.3,1.28,Marathonbet,1.72,1.35,1.32,OBSERVED_CLOSE_FROZEN,Latest stored pre-kickoff exact Double Chance triplet
1570386,La Liga,140,2026-09-17T18:43:35Z,2026-09-17T17:00:00Z,2026-09-17T12:44:25Z,255.6,Real Betis,Getafe,12,Double Chance,0.40466083,0.22545389,0.36988529,0.41514330,0.21511971,0.36973700,0.01048247,-0.01033418,-0.00014829,1.14,2.2,1.28,Marathonbet,1.15,2.33,1.29,OBSERVED_CLOSE_FROZEN,Latest stored pre-kickoff exact Double Chance triplet
1570390,La Liga,140,2026-09-18T00:43:39Z,2026-09-17T19:30:00Z,2026-09-17T18:43:35Z,46.4,Malaga,Villarreal,12,Double Chance,0.25910931,0.37044534,0.37044534,0.24874462,0.37117361,0.38008177,-0.01036469,0.00072827,0.00963643,1.91,1.28,1.25,Marathonbet,1.9,1.29,1.28,OBSERVED_CLOSE_FROZEN,Latest stored pre-kickoff exact Double Chance triplet
1575167,Bundesliga,78,2026-09-18T18:41:33Z,2026-09-18T18:30:00Z,2026-09-18T12:43:51Z,346.1,Bayern München,Union Berlin,12,Double Chance,0.47187902,0.07404871,0.45407227,0.48358509,0.03757084,0.47884406,0.01170607,-0.03647787,0.02477179,1.01,13.0,1.02,Marathonbet,,,,OBSERVED_CLOSE_FROZEN,Latest stored pre-kickoff exact Double Chance triplet
1561935,Austrian Bundesliga,218,2026-09-18T18:41:33Z,2026-09-18T17:30:00Z,2026-09-18T12:43:51Z,286.1,Rapid Vienna,WSG Wattens,12,Double Chance,0.42656396,0.17217672,0.40125932,0.43885971,0.14853713,0.41260315,0.01229575,-0.02363959,0.01134383,1.1,3.25,1.17,Marathonbet,1.07,3.05,1.13,OBSERVED_CLOSE_FROZEN,Latest stored pre-kickoff exact Double Chance triplet
1552173,Eredivisie,88,2026-09-18T18:41:33Z,2026-09-18T18:00:00Z,2026-09-18T12:43:51Z,316.1,Groningen,PEC Zwolle,12,Double Chance,0.40133926,0.21048015,0.38818060,0.41286458,0.18826625,0.39886917,0.01152532,-0.02221390,0.01068857,1.14,2.5,1.18,Marathonbet,1.12,2.43,1.19,OBSERVED_CLOSE_FROZEN,Latest stored pre-kickoff exact Double Chance triplet
1549024,Danish Superliga,119,2026-09-18T18:41:33Z,2026-09-18T17:00:00Z,2026-09-18T12:43:51Z,256.1,Lyngby,Silkeborg,12,Double Chance,0.39109058,0.22720501,0.38170441,0.36960507,0.24261256,0.38778237,-0.02148551,0.01540755,0.00607796,1.28,1.95,1.22,Marathonbet,1.26,1.89,1.22,OBSERVED_CLOSE_FROZEN,Latest stored pre-kickoff exact Double Chance triplet
1584418,Super Lig,203,2026-09-18T18:41:33Z,2026-09-18T17:00:00Z,2026-09-18T12:43:51Z,256.1,Kasımpaşa,Konyaspor,12,Double Chance,0.34888889,0.30222222,0.34888889,0.34888889,0.30222222,0.34888889,-0.00000000,0.00000000,-0.00000000,1.36,1.57,1.36,Marathonbet,1.38,1.52,1.32,OBSERVED_CLOSE_FROZEN,Latest stored pre-kickoff exact Double Chance triplet
1553179,Ekstraklasa,106,2026-09-18T18:41:33Z,2026-09-18T16:00:00Z,2026-09-18T12:43:51Z,196.2,Widzew Łódź,Wieczysta Kraków,12,Double Chance,0.39242664,0.23354171,0.37403165,0.37113402,0.25773196,0.37113402,-0.02129262,0.02419025,-0.00289763,1.25,1.8,1.25,Marathonbet,1.25,1.87,1.21,OBSERVED_CLOSE_FROZEN,Latest stored pre-kickoff exact Double Chance triplet
1553180,Ekstraklasa,106,2026-09-18T18:41:33Z,2026-09-18T18:30:00Z,2026-09-18T12:43:51Z,346.1,Wisla Krakow,Slask Wroclaw,12,Double Chance,0.39539478,0.22217421,0.38243101,0.40147186,0.21351004,0.38501810,0.00607708,-0.00866417,0.00258709,1.17,2.2,1.22,Marathonbet,1.13,2.23,1.19,OBSERVED_CLOSE_FROZEN,Latest stored pre-kickoff exact Double Chance triplet
1494768,Eliteserien,103,2026-09-18T18:41:33Z,2026-09-18T17:00:00Z,2026-09-18T12:43:51Z,256.1,Sarpsborg 08 FF,KFUM Oslo,12,Double Chance,0.40133926,0.21048015,0.38818060,0.40338580,0.20976061,0.38685359,0.00204654,-0.00071954,-0.00132701,1.17,2.25,1.22,Marathonbet,1.14,2.29,1.21,OBSERVED_CLOSE_FROZEN,Latest stored pre-kickoff exact Double Chance triplet
1552769,Ligue 1,61,2026-09-19T00:43:05Z,2026-09-18T18:45:00Z,2026-09-18T18:41:33Z,3.5,Monaco,Lens,12,Double Chance,0.33807226,0.29216121,0.36976653,0.36139309,0.27156706,0.36703985,0.02332083,-0.02059415,-0.00272668,1.3,1.73,1.28,Marathonbet,1.31,1.85,1.3,OBSERVED_CLOSE_FROZEN,Latest stored pre-kickoff exact Double Chance triplet
1550133,Serie A,135,2026-09-19T00:43:05Z,2026-09-18T18:45:00Z,2026-09-18T18:41:33Z,3.5,Monza,Sassuolo,12,Double Chance,0.31257344,0.33490012,0.35252644,0.31293882,0.32597793,0.36108325,0.00036538,-0.00892219,0.00855681,1.5,1.44,1.3,Marathonbet,1.52,1.48,1.36,OBSERVED_CLOSE_FROZEN,Latest stored pre-kickoff exact Double Chance triplet
1557408,Premier League,39,2026-09-19T00:43:05Z,2026-09-18T19:00:00Z,2026-09-18T18:41:33Z,18.4,Brentford,Chelsea,12,Double Chance,0.30695444,0.32613909,0.36690647,0.30427506,0.32329226,0.37243268,-0.00267938,-0.00284683,0.00552621,1.53,1.44,1.25,Marathonbet,1.53,1.53,1.31,OBSERVED_CLOSE_FROZEN,Latest stored pre-kickoff exact Double Chance triplet
1570397,La Liga,140,2026-09-19T00:43:05Z,2026-09-18T19:00:00Z,2026-09-18T18:41:33Z,18.4,Espanyol,Elche,12,Double Chance,0.38801725,0.24784348,0.36413927,0.39572566,0.23946476,0.36480959,0.00770841,-0.00837872,0.00067032,1.18,1.95,1.28,Marathonbet,1.23,2.02,1.31,OBSERVED_CLOSE_FROZEN,Latest stored pre-kickoff exact Double Chance triplet
1558635,Belgian Pro League,144,2026-09-19T00:43:05Z,2026-09-18T18:45:00Z,2026-09-18T18:41:33Z,3.5,Gent,Standard Liege,12,Double Chance,0.38222803,0.25906566,0.35870631,0.39000000,0.24400000,0.36600000,0.00777197,-0.01506566,0.00729369,1.22,1.95,1.3,Marathonbet,1.17,1.98,1.27,OBSERVED_CLOSE_FROZEN,Latest stored pre-kickoff exact Double Chance triplet
1557416,Premier League,39,2026-09-19T12:42:35Z,2026-09-19T11:30:00Z,2026-09-19T06:42:45Z,287.2,Tottenham,Aston Villa,12,Double Chance,0.36885246,0.26229508,0.36885246,0.36885246,0.26229508,0.36885246,-0.00000000,0.00000000,-0.00000000,1.28,1.8,1.28,Marathonbet,1.3,1.82,1.31,OBSERVED_CLOSE_FROZEN,Latest stored pre-kickoff exact Double Chance triplet
1570399,La Liga,140,2026-09-19T12:42:35Z,2026-09-19T12:00:00Z,2026-09-19T06:42:45Z,317.2,Osasuna,Rayo Vallecano,12,Double Chance,0.35448578,0.29102845,0.35448578,0.33490012,0.31257344,0.35252644,-0.01958566,0.02154499,-0.00195934,1.4,1.5,1.33,Marathonbet,1.43,1.56,1.36,OBSERVED_CLOSE_FROZEN,Latest stored pre-kickoff exact Double Chance triplet
1547635,A Lyga,362,2026-09-19T12:42:35Z,2026-09-19T11:15:00Z,2026-09-19T06:42:45Z,272.2,Banga,Džiugas Telšiai,12,Double Chance,0.36559140,0.26881720,0.36559140,0.36559140,0.26881720,0.36559140,-0.00000000,0.00000000,-0.00000000,1.25,1.7,1.25,Marathonbet,1.21,1.65,1.25,OBSERVED_CLOSE_FROZEN,Latest stored pre-kickoff exact Double Chance triplet
1515925,Virsliga,365,2026-09-19T12:42:35Z,2026-09-19T11:00:00Z,2026-09-19T06:42:45Z,257.2,FK Liepaja,BFC Daugavpils,12,Double Chance,0.37344398,0.25311203,0.37344398,0.37344398,0.25311203,0.37344398,0.00000000,0.00000000,0.00000000,1.22,1.8,1.22,Marathonbet,1.24,1.66,1.22,OBSERVED_CLOSE_FROZEN,Latest stored pre-kickoff exact Double Chance triplet
1561930,Austrian Bundesliga,218,2026-09-19T18:40:25Z,2026-09-19T15:00:00Z,2026-09-19T12:42:35Z,137.4,Austria Lustenau,SCR Altach,12,Double Chance,0.30037960,0.33685427,0.36276613,0.28928476,0.34458920,0.36612603,-0.01109484,0.00773493,0.00335990,1.62,1.36,1.28,Marathonbet,1.64,1.33,1.28,OBSERVED_CLOSE_FROZEN,Latest stored pre-kickoff exact Double Chance triplet
1561931,Austrian Bundesliga,218,2026-09-19T18:40:25Z,2026-09-19T17:30:00Z,2026-09-19T12:42:35Z,287.4,Grazer AK,Austria Vienna,12,Double Chance,0.33070060,0.31124762,0.35805178,0.33490012,0.31257344,0.35252644,0.00419952,0.00132582,-0.00552534,1.4,1.5,1.33,Marathonbet,1.44,1.47,1.3,OBSERVED_CLOSE_FROZEN,Latest stored pre-kickoff exact Double Chance triplet
1556665,Scottish Premiership,179,2026-09-19T18:40:25Z,2026-09-19T14:00:00Z,2026-09-19T12:42:35Z,77.4,Hibernian,Aberdeen,12,Double Chance,0.38669760,0.23588554,0.37741686,0.39688686,0.22845195,0.37466119,0.01018926,-0.00743359,-0.00275567,1.18,2.05,1.25,Marathonbet,1.19,2.01,1.24,OBSERVED_CLOSE_FROZEN,Latest stored pre-kickoff exact Double Chance triplet
1556668,Scottish Premiership,179,2026-09-19T18:40:25Z,2026-09-19T14:00:00Z,2026-09-19T12:42:35Z,77.4,ST Mirren,Dundee Utd,12,Double Chance,0.33807226,0.29216121,0.36976653,0.33495566,0.29868658,0.36635776,-0.00311660,0.00652537,-0.00340877,1.4,1.57,1.28,Marathonbet,1.39,1.59,1.26,OBSERVED_CLOSE_FROZEN,Latest stored pre-kickoff exact Double Chance triplet
1556664,Scottish Premiership,179,2026-09-19T18:40:25Z,2026-09-19T14:00:00Z,2026-09-19T12:42:35Z,77.4,Dundee,Motherwell,12,Double Chance,0.28307532,0.34759984,0.36932483,0.29743279,0.34335991,0.35920729,0.01435747,-0.00423993,-0.01011754,1.57,1.36,1.3,Marathonbet,1.58,1.36,1.3,OBSERVED_CLOSE_FROZEN,Latest stored pre-kickoff exact Double Chance triplet
1556667,Scottish Premiership,179,2026-09-19T18:40:25Z,2026-09-19T14:00:00Z,2026-09-19T12:42:35Z,77.4,ST Johnstone,Falkirk,12,Double Chance,0.34759984,0.28307532,0.36932483,0.36703985,0.27156706,0.36139309,0.01944001,-0.01150826,-0.00793174,1.28,1.73,1.3,Marathonbet,1.27,1.72,1.3,OBSERVED_CLOSE_FROZEN,Latest stored pre-kickoff exact Double Chance triplet
1556666,Scottish Premiership,179,2026-09-19T18:40:25Z,2026-09-19T16:45:00Z,2026-09-19T12:42:35Z,242.4,Kilmarnock,Heart Of Midlothian,12,Double Chance,0.22016568,0.40114934,0.37868498,0.22845195,0.39688686,0.37466119,0.00828627,-0.00426248,-0.00402379,2.05,1.18,1.25,Marathonbet,2.12,1.17,1.22,OBSERVED_CLOSE_FROZEN,Latest stored pre-kickoff exact Double Chance triplet
1575172,Bundesliga,78,2026-09-19T18:40:25Z,2026-09-19T13:30:00Z,2026-09-19T12:42:35Z,47.4,Werder Bremen,FC Augsburg,12,Double Chance,0.33807226,0.29216121,0.36976653,0.33802931,0.28337786,0.37859283,-0.00004295,-0.00878335,0.00882630,1.4,1.67,1.25,Marathonbet,1.44,1.65,1.28,OBSERVED_CLOSE_FROZEN,Latest stored pre-kickoff exact Double Chance triplet
1552771,Ligue 1,61,2026-09-19T18:40:25Z,2026-09-19T15:15:00Z,2026-09-19T12:42:35Z,152.4,Paris FC,Strasbourg,12,Double Chance,0.36525048,0.26379201,0.37095751,0.37672584,0.24654832,0.37672584,0.01147536,-0.01724369,0.00576833,1.25,1.91,1.25,Marathonbet,1.26,2.0,1.28,OBSERVED_CLOSE_FROZEN,Latest stored pre-kickoff exact Double Chance triplet
1557414,Premier League,39,2026-09-19T18:40:25Z,2026-09-19T14:00:00Z,2026-09-19T12:42:35Z,77.4,Newcastle,Hull City,12,Double Chance,0.41645563,0.18120588,0.40233849,0.40262582,0.20481400,0.39256018,-0.01382981,0.02360812,-0.00977831,1.17,2.3,1.2,Marathonbet,1.17,2.38,1.24,OBSERVED_CLOSE_FROZEN,Latest stored pre-kickoff exact Double Chance triplet
1557410,Premier League,39,2026-09-19T18:40:25Z,2026-09-19T14:00:00Z,2026-09-19T12:42:35Z,77.4,Everton,Ipswich,12,Double Chance,0.40261219,0.22622970,0.37115811,0.38437278,0.24047938,0.37514784,-0.01823941,0.01424968,0.00398973,1.22,1.95,1.25,Marathonbet,1.23,2.06,1.28,OBSERVED_CLOSE_FROZEN,Latest stored pre-kickoff exact Double Chance triplet
1557409,Premier League,39,2026-09-19T18:40:25Z,2026-09-19T14:00:00Z,2026-09-19T12:42:35Z,77.4,Brighton,Arsenal,12,Double Chance,0.23645320,0.39408867,0.36945813,0.22423229,0.39905746,0.37671025,-0.01222091,0.00496879,0.00725212,2.1,1.18,1.25,Marathonbet,2.19,1.21,1.27,OBSERVED_CLOSE_FROZEN,Latest stored pre-kickoff exact Double Chance triplet
1557415,Premier League,39,2026-09-19T18:40:25Z,2026-09-19T16:30:00Z,2026-09-19T12:42:35Z,227.4,Nottingham Forest,Coventry,12,Double Chance,0.39810898,0.23488430,0.36700672,0.41345094,0.20948181,0.37706725,0.01534196,-0.02540249,0.01006053,1.14,2.25,1.25,Marathonbet,1.17,2.32,1.26,OBSERVED_CLOSE_FROZEN,Latest stored pre-kickoff exact Double Chance triplet
1550135,Serie A,135,2026-09-19T18:40:25Z,2026-09-19T13:00:00Z,2026-09-19T12:42:35Z,17.4,Udinese,Cagliari,12,Double Chance,0.38837416,0.26323137,0.34839447,0.35448578,0.29102845,0.35448578,-0.03388838,0.02779708,0.00609131,1.33,1.62,1.33,Marathonbet,1.33,1.67,1.36,OBSERVED_CLOSE_FROZEN,Latest stored pre-kickoff exact Double Chance triplet
1550129,Serie A,135,2026-09-19T18:40:25Z,2026-09-19T13:00:00Z,2026-09-19T12:42:35Z,17.4,Bologna,Torino,12,Double Chance,0.38582205,0.24644131,0.36773664,0.38170974,0.25447316,0.36381710,-0.00411231,0.00803185,-0.00391954,1.22,1.83,1.28,Marathonbet,1.24,1.89,1.34,OBSERVED_CLOSE_FROZEN,Latest stored pre-kickoff exact Double Chance triplet
1575174,Bundesliga,78,2026-09-19T18:40:25Z,2026-09-19T13:30:00Z,2026-09-19T12:42:35Z,47.4,Borussia Mönchengladbach,FSV Mainz 05,12,Double Chance,0.30695444,0.32613909,0.36690647,0.28058825,0.34454586,0.37486590,-0.02636619,0.01840677,0.00795943,1.67,1.36,1.25,Marathonbet,1.69,1.41,1.28,OBSERVED_CLOSE_FROZEN,Latest stored pre-kickoff exact Double Chance triplet
1575170,Bundesliga,78,2026-09-19T18:40:25Z,2026-09-19T13:30:00Z,2026-09-19T12:42:35Z,47.4,Eintracht Frankfurt,SC Freiburg,12,Double Chance,0.34105559,0.28591486,0.37302955,0.32329226,0.30427506,0.37243268,-0.01776333,0.01836020,-0.00059687,1.44,1.53,1.25,Marathonbet,1.51,1.57,1.29,OBSERVED_CLOSE_FROZEN,Latest stored pre-kickoff exact Double Chance triplet
1575171,Bundesliga,78,2026-09-19T18:40:25Z,2026-09-19T13:30:00Z,2026-09-19T12:42:35Z,47.4,Hamburger SV,1. FC Köln,12,Double Chance,0.31723200,0.31101176,0.37175624,0.31118314,0.32414911,0.36466775,-0.00604886,0.01313735,-0.00708849,1.5,1.44,1.28,Marathonbet,1.55,1.49,1.32,OBSERVED_CLOSE_FROZEN,Latest stored pre-kickoff exact Double Chance triplet
1575168,Bundesliga,78,2026-09-19T18:40:25Z,2026-09-19T16:30:00Z,2026-09-19T12:42:35Z,227.4,VfB Stuttgart,Borussia Dortmund,12,Double Chance,0.32581602,0.28961424,0.38456973,0.32329226,0.30427506,0.37243268,-0.00252376,0.01466082,-0.01213705,1.44,1.53,1.25,Marathonbet,1.49,1.58,1.3,OBSERVED_CLOSE_FROZEN,Latest stored pre-kickoff exact Double Chance triplet
1552172,Eredivisie,88,2026-09-19T18:40:25Z,2026-09-19T14:30:00Z,2026-09-19T12:42:35Z,107.4,ADO Den Haag,Cambuur,12,Double Chance,0.39744833,0.21813443,0.38441724,0.37672584,0.24654832,0.37672584,-0.02072249,0.02841389,-0.00769140,1.25,1.91,1.25,Marathonbet,1.25,1.9,1.22,OBSERVED_CLOSE_FROZEN,Latest stored pre-kickoff exact Double Chance triplet
1552171,Eredivisie,88,2026-09-19T18:40:25Z,2026-09-19T16:45:00Z,2026-09-19T12:42:35Z,242.4,Sparta Rotterdam,Heerenveen,12,Double Chance,0.32613909,0.30695444,0.36690647,0.32329226,0.30427506,0.37243268,-0.00284683,-0.00267938,0.00552621,1.44,1.53,1.25,Marathonbet,1.44,1.55,1.25,OBSERVED_CLOSE_FROZEN,Latest stored pre-kickoff exact Double Chance triplet
1552174,Eredivisie,88,2026-09-19T18:40:25Z,2026-09-19T18:00:00Z,2026-09-19T12:42:35Z,317.4,Ajax,Excelsior,12,Double Chance,0.43127281,0.15957094,0.40915625,0.45105074,0.11840082,0.43054844,0.01977793,-0.04117012,0.02139219,1.05,4.0,1.1,Marathonbet,1.02,4.05,1.08,OBSERVED_CLOSE_FROZEN,Latest stored pre-kickoff exact Double Chance triplet
1550128,Serie A,135,2026-09-19T18:40:25Z,2026-09-19T16:00:00Z,2026-09-19T12:42:35Z,197.4,AS Roma,Inter,12,Double Chance,0.31527094,0.31527094,0.36945813,0.31550855,0.32865474,0.35583671,0.00023761,0.01338380,-0.01362142,1.5,1.44,1.33,Marathonbet,1.52,1.5,1.33,OBSERVED_CLOSE_FROZEN,Latest stored pre-kickoff exact Double Chance triplet
1549025,Danish Superliga,119,2026-09-19T18:40:25Z,2026-09-19T16:00:00Z,2026-09-19T12:42:35Z,197.4,Odense,FC Midtjylland,12,Double Chance,0.21624395,0.40316669,0.38058936,0.23371648,0.38314176,0.38314176,0.01747253,-0.02002493,0.00255240,2.0,1.22,1.22,Marathonbet,2.03,1.21,1.21,OBSERVED_CLOSE_FROZEN,Latest stored pre-kickoff exact Double Chance triplet
1584419,Super Lig,203,2026-09-19T18:40:25Z,2026-09-19T14:00:00Z,2026-09-19T12:42:35Z,77.4,Kocaelispor,Gaziantep FK,12,Double Chance,0.36572091,0.28469292,0.34958616,0.36932483,0.28307532,0.34759984,0.00360392,-0.00161760,-0.00198632,1.28,1.67,1.36,Marathonbet,1.32,1.53,1.36,OBSERVED_CLOSE_FROZEN,Latest stored pre-kickoff exact Double Chance triplet
1584413,Super Lig,203,2026-09-19T18:40:25Z,2026-09-19T17:00:00Z,2026-09-19T12:42:35Z,257.4,Başakşehir,Gençlerbirliği S.K.,12,Double Chance,0.42577395,0.18038515,0.39384090,0.40523367,0.20614060,0.38862573,-0.02054028,0.02575545,-0.00521517,1.17,2.3,1.22,Marathonbet,1.14,2.27,1.2,OBSERVED_CLOSE_FROZEN,Latest stored pre-kickoff exact Double Chance triplet
1558636,Belgian Pro League,144,2026-09-19T18:40:25Z,2026-09-19T14:00:00Z,2026-09-19T12:42:35Z,77.4,OH Leuven,RAAL La Louvière,12,Double Chance,0.36349329,0.27860563,0.35790108,0.36349329,0.27860563,0.35790108,-0.00000000,0.00000000,0.00000000,1.28,1.67,1.3,Marathonbet,1.27,1.7,1.31,OBSERVED_CLOSE_FROZEN,Latest stored pre-kickoff exact Double Chance triplet
1558637,Belgian Pro League,144,2026-09-19T18:40:25Z,2026-09-19T16:15:00Z,2026-09-19T12:42:35Z,212.4,Charleroi,Cercle Brugge,12,Double Chance,0.39062500,0.23437500,0.37500000,0.38635812,0.24273809,0.37090379,-0.00426688,0.00836309,-0.00409621,1.2,1.91,1.25,Marathonbet,1.16,2.19,1.21,OBSERVED_CLOSE_FROZEN,Latest stored pre-kickoff exact Double Chance triplet
1575505,Primeira Liga,94,2026-09-19T18:40:25Z,2026-09-19T14:30:00Z,2026-09-19T12:42:35Z,107.4,Nacional,Famalicao,12,Double Chance,0.26146420,0.37650845,0.36202735,0.27156706,0.36703985,0.36139309,0.01010286,-0.00946860,-0.00063426,1.73,1.28,1.3,Marathonbet,1.73,1.25,1.31,OBSERVED_CLOSE_FROZEN,Latest stored pre-kickoff exact Double Chance triplet
1575500,Primeira Liga,94,2026-09-19T18:40:25Z,2026-09-19T17:00:00Z,2026-09-19T12:42:35Z,257.4,Alverca,Rio Ave,12,Double Chance,0.38582205,0.24644131,0.36773664,0.37439064,0.25999350,0.36561586,-0.01143141,0.01355219,-0.00212078,1.25,1.8,1.28,Marathonbet,1.24,1.81,1.28,OBSERVED_CLOSE_FROZEN,Latest stored pre-kickoff exact Double Chance triplet
1584420,Super Lig,203,2026-09-19T18:40:25Z,2026-09-19T17:00:00Z,2026-09-19T12:42:35Z,257.4,Trabzonspor,Galatasaray,12,Double Chance,0.28591486,0.34105559,0.37302955,0.28591486,0.34105559,0.37302955,0.00000000,-0.00000000,-0.00000000,1.67,1.4,1.28,Marathonbet,1.68,1.34,1.25,OBSERVED_CLOSE_FROZEN,Latest stored pre-kickoff exact Double Chance triplet
1570393,La Liga,140,2026-09-19T18:40:25Z,2026-09-19T14:15:00Z,2026-09-19T12:42:35Z,92.4,Athletic Club,Alaves,12,Double Chance,0.41345094,0.20948181,0.37706725,0.40523367,0.20614060,0.38862573,-0.00821727,-0.00334121,0.01155848,1.17,2.3,1.22,Marathonbet,1.16,2.34,1.26,OBSERVED_CLOSE_FROZEN,Latest stored pre-kickoff exact Double Chance triplet
1553173,Ekstraklasa,106,2026-09-19T18:40:25Z,2026-09-19T15:30:00Z,2026-09-19T12:42:35Z,167.4,GKS Katowice,Cracovia Krakow,12,Double Chance,0.34302417,0.28756518,0.36941065,0.34302417,0.28756518,0.36941065,0.00000000,-0.00000000,-0.00000000,1.4,1.67,1.3,Marathonbet,1.34,1.6,1.26,OBSERVED_CLOSE_FROZEN,Latest stored pre-kickoff exact Double Chance triplet
1570395,La Liga,140,2026-09-19T18:40:25Z,2026-09-19T16:30:00Z,2026-09-19T12:42:35Z,227.4,Celta Vigo,Racing Santander,12,Double Chance,0.38437278,0.24047938,0.37514784,0.38437278,0.24047938,0.37514784,0.00000000,0.00000000,-0.00000000,1.22,1.95,1.25,Marathonbet,1.24,2.03,1.28,OBSERVED_CLOSE_FROZEN,Latest stored pre-kickoff exact Double Chance triplet
1553177,Ekstraklasa,106,2026-09-19T18:40:25Z,2026-09-19T18:15:00Z,2026-09-19T12:42:35Z,332.4,Motor Lublin,Gornik Zabrze,12,Double Chance,0.26229508,0.36885246,0.36885246,0.27536670,0.35818376,0.36644954,0.01307162,-0.01066870,-0.00240292,1.73,1.33,1.3,Marathonbet,1.68,1.29,1.26,OBSERVED_CLOSE_FROZEN,Latest stored pre-kickoff exact Double Chance triplet
1494765,Eliteserien,103,2026-09-19T18:40:25Z,2026-09-19T14:00:00Z,2026-09-19T12:42:35Z,77.4,Kristiansund BK,Rosenborg,12,Double Chance,0.20060150,0.40806116,0.39133734,0.17986826,0.42076324,0.39936850,-0.02073324,0.01270208,0.00803116,2.62,1.12,1.18,Marathonbet,2.48,1.13,1.17,OBSERVED_CLOSE_FROZEN,Latest stored pre-kickoff exact Double Chance triplet
1494766,Eliteserien,103,2026-09-19T18:40:25Z,2026-09-19T16:00:00Z,2026-09-19T12:42:35Z,197.4,Molde,Aalesund,12,Double Chance,0.43127281,0.15957094,0.40915625,0.43414577,0.14694165,0.41891258,0.00287296,-0.01262929,0.00975633,1.1,3.25,1.14,Marathonbet,1.09,2.86,1.13,OBSERVED_CLOSE_FROZEN,Latest stored pre-kickoff exact Double Chance triplet
1553175,Ekstraklasa,106,2026-09-19T18:40:25Z,2026-09-19T12:45:00Z,2026-09-19T12:42:35Z,2.4,Korona Kielce,Raków Częstochowa,12,Double Chance,0.35467481,0.28246557,0.36285962,0.34654117,0.29092345,0.36253538,-0.00813364,0.00845788,-0.00032424,1.36,1.62,1.3,Marathonbet,1.33,1.6,1.27,OBSERVED_CLOSE_FROZEN,Latest stored pre-kickoff exact Double Chance triplet
1575504,Primeira Liga,94,2026-09-19T18:40:25Z,2026-09-19T14:30:00Z,2026-09-19T12:42:35Z,107.4,GIL Vicente,Maritimo,12,Double Chance,0.39123069,0.24989604,0.35887327,0.38801725,0.24784348,0.36413927,-0.00321344,-0.00205256,0.00526600,1.22,1.91,1.3,Marathonbet,1.24,1.77,1.3,OBSERVED_CLOSE_FROZEN,Latest stored pre-kickoff exact Double Chance triplet
1584414,Super Lig,203,2026-09-19T18:40:25Z,2026-09-19T14:00:00Z,2026-09-19T12:42:35Z,77.4,Çorum FK,Alanyaspor,12,Double Chance,0.37117904,0.27947598,0.34934498,0.37117904,0.27947598,0.34934498,-0.00000000,0.00000000,-0.00000000,1.28,1.7,1.36,Marathonbet,1.28,1.69,1.3,OBSERVED_CLOSE_FROZEN,Latest stored pre-kickoff exact Double Chance triplet
1547636,A Lyga,362,2026-09-19T18:40:25Z,2026-09-19T16:30:00Z,2026-09-19T12:42:35Z,227.4,TransINVEST Vilnius,FK Zalgiris Vilnius,12,Double Chance,0.28670169,0.33729610,0.37600221,0.29606518,0.32778644,0.37614838,0.00936349,-0.00950966,0.00014617,1.55,1.4,1.22,Marathonbet,1.51,1.33,1.22,OBSERVED_CLOSE_FROZEN,Latest stored pre-kickoff exact Double Chance triplet
1515926,Virsliga,365,2026-09-19T18:40:25Z,2026-09-19T13:00:00Z,2026-09-19T12:42:35Z,17.4,FS Jelgava,Riga,12,Double Chance,0.16791604,0.41979010,0.41229385,0.14489077,0.43740610,0.41770313,-0.02302527,0.01761600,0.00540928,3.2,1.06,1.11,Marathonbet,,,,OBSERVED_CLOSE_FROZEN,Latest stored pre-kickoff exact Double Chance triplet
