competition_role,country,slot,canonical_name,provider_league_id,provider_name,provider_type,requested_seasons,available_requested_seasons,missing_requested_seasons,required,discovery_status,error
DOMESTIC_LEAGUE,Austria,LEAGUE,Austrian Bundesliga,218,Bundesliga,League,2017|2018|2019|2020|2021|2022|2023|2024|2025,2017|2018|2019|2020|2021|2022|2023|2024|2025,,true,RESOLVED,
DOMESTIC_LEAGUE,Belgium,LEAGUE,Belgian Pro League,144,Jupiler Pro League,League,2017|2018|2019|2020|2021|2022|2023|2024|2025,2017|2018|2019|2020|2021|2022|2023|2024|2025,,true,RESOLVED,
DOMESTIC_LEAGUE,Denmark,LEAGUE,Danish Superliga,119,Superliga,League,2017|2018|2019|2020|2021|2022|2023|2024|2025,2017|2018|2019|2020|2021|2022|2023|2024|2025,,true,RESOLVED,
DOMESTIC_LEAGUE,England,LEAGUE,Premier League,39,Premier League,League,2017|2018|2019|2020|2021|2022|2023|2024|2025,2017|2018|2019|2020|2021|2022|2023|2024|2025,,true,RESOLVED,
DOMESTIC_LEAGUE,France,LEAGUE,Ligue 1,61,Ligue 1,League,2017|2018|2019|2020|2021|2022|2023|2024|2025,2017|2018|2019|2020|2021|2022|2023|2024|2025,,true,RESOLVED,
DOMESTIC_LEAGUE,Germany,LEAGUE,Bundesliga,78,Bundesliga,League,2017|2018|2019|2020|2021|2022|2023|2024|2025,2017|2018|2019|2020|2021|2022|2023|2024|2025,,true,RESOLVED,
DOMESTIC_LEAGUE,Italy,LEAGUE,Serie A,135,Serie A,League,2017|2018|2019|2020|2021|2022|2023|2024|2025,2017|2018|2019|2020|2021|2022|2023|2024|2025,,true,RESOLVED,
DOMESTIC_LEAGUE,Latvia,LEAGUE,Virsliga,365,Virsliga,League,2017|2018|2019|2020|2021|2022|2023|2024|2025,2017|2018|2019|2020|2021|2022|2023|2024|2025,,true,RESOLVED,
DOMESTIC_LEAGUE,Lithuania,LEAGUE,A Lyga,362,A Lyga,League,2017|2018|2019|2020|2021|2022|2023|2024|2025,2017|2018|2019|2020|2021|2022|2023|2024|2025,,true,RESOLVED,
DOMESTIC_LEAGUE,Netherlands,LEAGUE,Eredivisie,88,Eredivisie,League,2017|2018|2019|2020|2021|2022|2023|2024|2025,2017|2018|2019|2020|2021|2022|2023|2024|2025,,true,RESOLVED,
DOMESTIC_LEAGUE,Norway,LEAGUE,Eliteserien,103,Eliteserien,League,2017|2018|2019|2020|2021|2022|2023|2024|2025,2017|2018|2019|2020|2021|2022|2023|2024|2025,,true,RESOLVED,
DOMESTIC_LEAGUE,Poland,LEAGUE,Ekstraklasa,106,Ekstraklasa,League,2017|2018|2019|2020|2021|2022|2023|2024|2025,2018|2019|2020|2021|2022|2023|2024|2025,2017,true,RESOLVED,
DOMESTIC_LEAGUE,Portugal,LEAGUE,Primeira Liga,94,Primeira Liga,League,2017|2018|2019|2020|2021|2022|2023|2024|2025,2017|2018|2019|2020|2021|2022|2023|2024|2025,,true,RESOLVED,
DOMESTIC_LEAGUE,Scotland,LEAGUE,Scottish Premiership,179,Premiership,League,2017|2018|2019|2020|2021|2022|2023|2024|2025,2017|2018|2019|2020|2021|2022|2023|2024|2025,,true,RESOLVED,
DOMESTIC_LEAGUE,Spain,LEAGUE,La Liga,140,La Liga,League,2017|2018|2019|2020|2021|2022|2023|2024|2025,2017|2018|2019|2020|2021|2022|2023|2024|2025,,true,RESOLVED,
DOMESTIC_LEAGUE,Turkey,LEAGUE,Super Lig,203,Süper Lig,League,2017|2018|2019|2020|2021|2022|2023|2024|2025,2017|2018|2019|2020|2021|2022|2023|2024|2025,,true,RESOLVED,
DOMESTIC_CUP,Austria,NATIONAL_CUP,Austrian Cup,220,Cup,Cup,2017|2018|2019|2020|2021|2022|2023|2024|2025,2017|2018|2019|2020|2021|2022|2023|2024|2025,,true,RESOLVED,
DOMESTIC_CUP,Belgium,NATIONAL_CUP,Belgian Cup,147,Cup,Cup,2017|2018|2019|2020|2021|2022|2023|2024|2025,2019|2020|2021|2022|2023|2024|2025,2017|2018,true,RESOLVED,
DOMESTIC_CUP,Denmark,NATIONAL_CUP,DBU Pokalen,121,DBU Pokalen,Cup,2017|2018|2019|2020|2021|2022|2023|2024|2025,2017|2018|2019|2020|2021|2022|2023|2024|2025,,true,RESOLVED,
DOMESTIC_CUP,England,LEAGUE_CUP,League Cup,48,League Cup,Cup,2017|2018|2019|2020|2021|2022|2023|2024|2025,2017|2018|2019|2020|2021|2022|2023|2024|2025,,true,RESOLVED,
DOMESTIC_CUP,England,NATIONAL_CUP,FA Cup,45,FA Cup,Cup,2017|2018|2019|2020|2021|2022|2023|2024|2025,2017|2018|2019|2020|2021|2022|2023|2024|2025,,true,RESOLVED,
DOMESTIC_CUP,France,LEAGUE_CUP,Coupe de la Ligue,65,Coupe de la Ligue,Cup,2017|2018|2019,2017|2018|2019,,false,RESOLVED,
DOMESTIC_CUP,France,NATIONAL_CUP,Coupe de France,66,Coupe de France,Cup,2017|2018|2019|2020|2021|2022|2023|2024|2025,2017|2018|2019|2020|2021|2022|2023|2024|2025,,true,RESOLVED,
DOMESTIC_CUP,Germany,NATIONAL_CUP,DFB Pokal,81,DFB Pokal,Cup,2017|2018|2019|2020|2021|2022|2023|2024|2025,2017|2018|2019|2020|2021|2022|2023|2024|2025,,true,RESOLVED,
DOMESTIC_CUP,Italy,NATIONAL_CUP,Coppa Italia,137,Coppa Italia,Cup,2017|2018|2019|2020|2021|2022|2023|2024|2025,2017|2018|2019|2020|2021|2022|2023|2024|2025,,true,RESOLVED,
DOMESTIC_CUP,Latvia,NATIONAL_CUP,Latvian Cup,658,Cup,Cup,2017|2018|2019|2020|2021|2022|2023|2024|2025,2020|2021|2022|2023|2024|2025,2017|2018|2019,true,RESOLVED,
DOMESTIC_CUP,Lithuania,NATIONAL_CUP,Lithuanian Cup,661,Cup,Cup,2017|2018|2019|2020|2021|2022|2023|2024|2025,2020|2021|2022|2023|2024|2025,2017|2018|2019,true,RESOLVED,
DOMESTIC_CUP,Netherlands,NATIONAL_CUP,KNVB Beker,90,KNVB Beker,Cup,2017|2018|2019|2020|2021|2022|2023|2024|2025,2017|2018|2019|2020|2021|2022|2023|2024|2025,,true,RESOLVED,
DOMESTIC_CUP,Norway,NATIONAL_CUP,NM Cupen,105,NM Cupen,Cup,2017|2018|2019|2020|2021|2022|2023|2024|2025,2019|2021|2022|2023|2024|2025,2017|2018|2020,true,RESOLVED,
DOMESTIC_CUP,Poland,NATIONAL_CUP,Polish Cup,108,Cup,Cup,2017|2018|2019|2020|2021|2022|2023|2024|2025,2019|2020|2021|2022|2023|2024|2025,2017|2018,true,RESOLVED,
DOMESTIC_CUP,Portugal,LEAGUE_CUP,Taça da Liga,97,Taça da Liga,Cup,2017|2018|2019|2020|2021|2022|2023|2024|2025,2019|2020|2021|2022|2023|2024|2025,2017|2018,true,RESOLVED,
DOMESTIC_CUP,Portugal,NATIONAL_CUP,Taça de Portugal,96,Taça de Portugal,Cup,2017|2018|2019|2020|2021|2022|2023|2024|2025,2017|2018|2019|2020|2021|2022|2023|2024|2025,,true,RESOLVED,
DOMESTIC_CUP,Scotland,LEAGUE_CUP,League Cup,185,League Cup,Cup,2017|2018|2019|2020|2021|2022|2023|2024|2025,2017|2018|2019|2020|2021|2022|2023|2024|2025,,true,RESOLVED,
DOMESTIC_CUP,Scotland,NATIONAL_CUP,FA Cup,181,FA Cup,Cup,2017|2018|2019|2020|2021|2022|2023|2024|2025,2019|2020|2021|2022|2023|2024|2025,2017|2018,true,RESOLVED,
DOMESTIC_CUP,Spain,NATIONAL_CUP,Copa del Rey,143,Copa del Rey,Cup,2017|2018|2019|2020|2021|2022|2023|2024|2025,2018|2019|2020|2021|2022|2023|2024|2025,2017,true,RESOLVED,
DOMESTIC_CUP,Turkey,NATIONAL_CUP,Turkish Cup,206,Türkiye Kupası,Cup,2017|2018|2019|2020|2021|2022|2023|2024|2025,2017|2018|2019|2020|2021|2022|2023|2024|2025,,true,RESOLVED,
UEFA,International,UEFA_CHAMPIONS_LEAGUE,UEFA Champions League,2,UEFA Champions League,Cup,2017|2018|2019|2020|2021|2022|2023|2024|2025,2017|2018|2019|2020|2021|2022|2023|2024|2025,,true,RESOLVED,
UEFA,International,UEFA_CONFERENCE_LEAGUE,UEFA Conference League,848,UEFA Europa Conference League,Cup,2021|2022|2023|2024|2025,2021|2022|2023|2024|2025,,true,RESOLVED,
UEFA,International,UEFA_EUROPA_LEAGUE,UEFA Europa League,3,UEFA Europa League,Cup,2017|2018|2019|2020|2021|2022|2023|2024|2025,2017|2018|2019|2020|2021|2022|2023|2024|2025,,true,RESOLVED,
