api_fixture_id,league,league_id,locked_at_utc,kickoff_utc,close_observed_at_utc,close_gap_minutes,home_team,away_team,open_p_yes,close_p_yes,movement_yes_pp,yes_close_watch,no_close_watch,bet365_close_yes,bet365_close_no,user_bookmaker,user_close_yes,user_close_no,yes_crossing_recorded,no_crossing_recorded,status,note
1550126,Serie A,135,2026-09-11T20:16:06Z,2026-09-11T18:45:00Z,2026-09-11T18:18:44Z,26.3,Venezia,Fiorentina,0.58900524,0.62500000,0.03599476,YES,NO,1.5,2.5,Marathonbet,1.49,2.44,YES,NO,OBSERVED_CLOSE,Latest Stage63 pre-kickoff snapshot; research only
1552763,Ligue 1,61,2026-09-11T20:16:06Z,2026-09-11T18:45:00Z,2026-09-11T18:18:44Z,26.3,Rennes,Marseille,0.62500000,0.64532020,0.02032020,NO,NO,1.44,2.62,Marathonbet,1.41,2.69,NO,NO,OBSERVED_CLOSE,Latest Stage63 pre-kickoff snapshot; research only
1570381,La Liga,140,2026-09-11T20:16:06Z,2026-09-11T19:00:00Z,2026-09-11T18:18:44Z,41.3,Sevilla,Valencia,0.46666667,0.46666667,-0.00000000,NO,NO,2.0,1.75,Marathonbet,1.95,1.76,NO,NO,OBSERVED_CLOSE,Latest Stage63 pre-kickoff snapshot; research only
1575164,Bundesliga,78,2026-09-11T20:16:06Z,2026-09-11T18:30:00Z,2026-09-11T18:18:44Z,11.3,Union Berlin,FC Schalke 04,0.60869565,0.60869565,0.00000000,NO,NO,1.53,2.38,Marathonbet,1.49,2.44,NO,NO,OBSERVED_CLOSE,Latest Stage63 pre-kickoff snapshot; research only
1550119,Serie A,135,2026-09-12T14:14:21Z,2026-09-12T13:00:00Z,2026-09-12T10:14:39Z,165.3,Genoa,Frosinone,0.54666667,0.54666667,-0.00000000,NO,NO,1.7,2.05,Marathonbet,1.62,2.16,NO,NO,OBSERVED_CLOSE,Latest Stage63 pre-kickoff snapshot; research only
1557397,Premier League,39,2026-09-12T14:14:21Z,2026-09-12T14:00:00Z,2026-09-12T10:14:39Z,225.3,Aston Villa,Nottingham Forest,0.53333333,0.53333333,0.00000000,NO,NO,1.75,2.0,Marathonbet,1.73,1.99,NO,NO,OBSERVED_CLOSE,Latest Stage63 pre-kickoff snapshot; research only
1557398,Premier League,39,2026-09-12T14:14:21Z,2026-09-12T14:00:00Z,2026-09-12T10:14:39Z,225.3,Bournemouth,Brentford,0.62500000,0.62500000,0.00000000,NO,NO,1.5,2.5,Marathonbet,1.49,2.44,NO,NO,OBSERVED_CLOSE,Latest Stage63 pre-kickoff snapshot; research only
1557399,Premier League,39,2026-09-12T14:14:21Z,2026-09-12T14:00:00Z,2026-09-12T10:14:39Z,225.3,Chelsea,Hull City,0.50000000,0.50000000,0.00000000,NO,NO,1.91,1.91,Marathonbet,1.85,1.85,NO,NO,OBSERVED_CLOSE,Latest Stage63 pre-kickoff snapshot; research only
1557401,Premier League,39,2026-09-12T14:14:21Z,2026-09-12T14:00:00Z,2026-09-12T10:14:39Z,225.3,Crystal Palace,Ipswich,0.54666667,0.54666667,-0.00000000,NO,NO,1.7,2.05,Marathonbet,1.7,2.03,NO,NO,OBSERVED_CLOSE,Latest Stage63 pre-kickoff snapshot; research only
1557403,Premier League,39,2026-09-12T14:14:21Z,2026-09-12T14:00:00Z,2026-09-12T10:14:39Z,225.3,Liverpool,Fulham,0.57591623,0.58900524,0.01308901,NO,NO,1.57,2.25,Marathonbet,1.53,2.33,NO,NO,OBSERVED_CLOSE,Latest Stage63 pre-kickoff snapshot; research only
1570378,La Liga,140,2026-09-12T14:14:21Z,2026-09-12T12:00:00Z,2026-09-12T10:14:39Z,105.3,Racing Santander,Alaves,0.58900524,0.58900524,-0.00000000,NO,NO,1.57,2.25,Marathonbet,1.55,2.29,NO,NO,OBSERVED_CLOSE,Latest Stage63 pre-kickoff snapshot; research only
1575158,Bundesliga,78,2026-09-12T14:14:21Z,2026-09-12T13:30:00Z,2026-09-12T10:14:39Z,195.3,Borussia Dortmund,SC Paderborn 07,0.54666667,0.53333333,-0.01333334,NO,NO,1.75,2.0,Marathonbet,1.71,2.02,NO,NO,OBSERVED_CLOSE,Latest Stage63 pre-kickoff snapshot; research only
1575160,Bundesliga,78,2026-09-12T14:14:21Z,2026-09-12T13:30:00Z,2026-09-12T10:14:39Z,195.3,1899 Hoffenheim,VfB Stuttgart,0.70960699,0.70960699,-0.00000000,NO,NO,1.33,3.25,Marathonbet,1.28,3.34,NO,NO,OBSERVED_CLOSE,Latest Stage63 pre-kickoff snapshot; research only
1575161,Bundesliga,78,2026-09-12T14:14:21Z,2026-09-12T13:30:00Z,2026-09-12T10:14:39Z,195.3,SC Freiburg,Borussia Mönchengladbach,0.58900524,0.58900524,-0.00000000,NO,NO,1.57,2.25,Marathonbet,1.55,2.29,NO,NO,OBSERVED_CLOSE,Latest Stage63 pre-kickoff snapshot; research only
1575162,Bundesliga,78,2026-09-12T14:14:21Z,2026-09-12T13:30:00Z,2026-09-12T10:14:39Z,195.3,FC Augsburg,Bayer Leverkusen,0.66265060,0.66265060,0.00000000,NO,NO,1.4,2.75,Marathonbet,1.39,2.76,NO,NO,OBSERVED_CLOSE,Latest Stage63 pre-kickoff snapshot; research only
1575163,Bundesliga,78,2026-09-12T14:14:21Z,2026-09-12T13:30:00Z,2026-09-12T10:14:39Z,195.3,FSV Mainz 05,Eintracht Frankfurt,0.64532020,0.64532020,-0.00000000,NO,NO,1.44,2.62,Marathonbet,1.43,2.62,NO,NO,OBSERVED_CLOSE,Latest Stage63 pre-kickoff snapshot; research only
1550121,Serie A,135,2026-09-12T16:15:34Z,2026-09-12T16:00:00Z,2026-09-12T14:14:21Z,105.7,Lazio,AC Milan,0.48000000,0.48000000,0.00000000,NO,NO,1.95,1.8,Marathonbet,1.89,1.81,NO,NO,OBSERVED_CLOSE,Latest Stage63 pre-kickoff snapshot; research only
1552764,Ligue 1,61,2026-09-12T16:15:34Z,2026-09-12T15:15:00Z,2026-09-12T14:14:21Z,60.6,Strasbourg,Monaco,0.62500000,0.62500000,0.00000000,NO,NO,1.5,2.5,Marathonbet,1.46,2.52,NO,NO,OBSERVED_CLOSE,Latest Stage63 pre-kickoff snapshot; research only
1570377,La Liga,140,2026-09-12T16:15:34Z,2026-09-12T14:15:00Z,2026-09-12T14:14:21Z,0.7,Osasuna,Espanyol,0.48000000,0.50000000,0.02000000,NO,NO,1.91,1.91,Marathonbet,1.89,1.81,NO,NO,OBSERVED_CLOSE,Latest Stage63 pre-kickoff snapshot; research only
1557406,Premier League,39,2026-09-12T18:17:03Z,2026-09-12T16:30:00Z,2026-09-12T16:15:34Z,14.4,Tottenham,Everton,0.53333333,0.57591623,0.04258290,YES,NO,1.62,2.2,Marathonbet,1.58,2.23,YES,NO,OBSERVED_CLOSE,Latest Stage63 pre-kickoff snapshot; research only
1570373,La Liga,140,2026-09-12T18:17:03Z,2026-09-12T16:30:00Z,2026-09-12T16:15:34Z,14.4,Athletic Club,Elche,0.48000000,0.48000000,0.00000000,NO,NO,1.95,1.8,Marathonbet,1.85,1.85,NO,NO,OBSERVED_CLOSE,Latest Stage63 pre-kickoff snapshot; research only
1575165,Bundesliga,78,2026-09-12T18:17:03Z,2026-09-12T16:30:00Z,2026-09-12T16:15:34Z,14.4,1. FC Köln,Werder Bremen,0.62500000,0.62500000,0.00000000,NO,NO,1.5,2.5,Marathonbet,1.46,2.52,NO,NO,OBSERVED_CLOSE,Latest Stage63 pre-kickoff snapshot; research only
1550117,Serie A,135,2026-09-12T20:14:53Z,2026-09-12T18:45:00Z,2026-09-12T18:17:03Z,27.9,Atalanta,Cagliari,0.48000000,0.50000000,0.02000000,NO,NO,1.91,1.91,Marathonbet,1.83,1.87,NO,NO,OBSERVED_CLOSE,Latest Stage63 pre-kickoff snapshot; research only
1552756,Ligue 1,61,2026-09-12T20:14:53Z,2026-09-12T18:45:00Z,2026-09-12T18:17:03Z,27.9,Auxerre,Nice,0.54666667,0.54666667,-0.00000000,NO,NO,1.7,2.05,Marathonbet,1.68,2.06,NO,NO,OBSERVED_CLOSE,Latest Stage63 pre-kickoff snapshot; research only
1552758,Ligue 1,61,2026-09-12T20:14:53Z,2026-09-12T18:45:00Z,2026-09-12T18:17:03Z,27.9,Le Havre,Angers,0.52000000,0.54666667,0.02666667,NO,NO,1.7,2.05,Marathonbet,1.67,2.08,NO,NO,OBSERVED_CLOSE,Latest Stage63 pre-kickoff snapshot; research only
1552761,Ligue 1,61,2026-09-12T20:14:53Z,2026-09-12T18:45:00Z,2026-09-12T18:17:03Z,27.9,Lorient,Toulouse,0.54666667,0.55702918,0.01036251,NO,NO,1.67,2.1,Marathonbet,1.65,2.11,NO,NO,OBSERVED_CLOSE,Latest Stage63 pre-kickoff snapshot; research only
1552762,Ligue 1,61,2026-09-12T20:14:53Z,2026-09-12T18:45:00Z,2026-09-12T18:17:03Z,27.9,Paris FC,Lyon,0.58900524,0.62500000,0.03599476,YES,NO,1.5,2.5,Marathonbet,1.47,2.49,YES,NO,OBSERVED_CLOSE,Latest Stage63 pre-kickoff snapshot; research only
1557405,Premier League,39,2026-09-12T20:14:53Z,2026-09-12T19:00:00Z,2026-09-12T18:17:03Z,43.0,Sunderland,Arsenal,0.42408377,0.45333333,0.02924956,NO,NO,2.05,1.7,Marathonbet,2.06,1.68,NO,NO,OBSERVED_CLOSE,Latest Stage63 pre-kickoff snapshot; research only
1570379,La Liga,140,2026-09-12T20:14:53Z,2026-09-12T19:00:00Z,2026-09-12T18:17:03Z,43.0,Real Madrid,Rayo Vallecano,0.46666667,0.48000000,0.01333333,NO,NO,1.95,1.8,Marathonbet,1.85,1.85,NO,NO,OBSERVED_CLOSE,Latest Stage63 pre-kickoff snapshot; research only
1570374,La Liga,140,2026-09-13T12:19:23Z,2026-09-13T12:00:00Z,2026-09-13T10:20:25Z,99.6,Celta Vigo,Malaga,0.48000000,0.45333333,-0.02666667,NO,NO,2.05,1.7,Marathonbet,1.99,1.73,NO,NO,OBSERVED_CLOSE,Latest Stage63 pre-kickoff snapshot; research only
1550122,Serie A,135,2026-09-13T14:14:55Z,2026-09-13T13:00:00Z,2026-09-13T12:19:23Z,40.6,Lecce,Monza,0.50000000,0.50000000,0.00000000,NO,NO,1.91,1.91,Marathonbet,1.87,1.83,NO,NO,OBSERVED_CLOSE,Latest Stage63 pre-kickoff snapshot; research only
1552760,Ligue 1,61,2026-09-13T14:14:55Z,2026-09-13T13:00:00Z,2026-09-13T12:19:23Z,40.6,Lille,Estac Troyes,0.48000000,0.52000000,0.04000000,YES,NO,1.8,1.95,Marathonbet,1.81,1.89,YES,NO,OBSERVED_CLOSE,Latest Stage63 pre-kickoff snapshot; research only
1557400,Premier League,39,2026-09-13T14:14:55Z,2026-09-13T13:00:00Z,2026-09-13T12:19:23Z,40.6,Coventry,Brighton,0.55702918,0.55702918,-0.00000000,NO,NO,1.67,2.1,Marathonbet,1.61,2.17,NO,NO,OBSERVED_CLOSE,Latest Stage63 pre-kickoff snapshot; research only
1575159,Bundesliga,78,2026-09-13T14:14:55Z,2026-09-13T13:30:00Z,2026-09-13T12:19:23Z,70.6,RB Leipzig,Hamburger SV,0.57591623,0.62500000,0.04908377,YES,NO,1.5,2.5,Marathonbet,1.46,2.52,YES,NO,OBSERVED_CLOSE,Latest Stage63 pre-kickoff snapshot; research only
1550123,Serie A,135,2026-09-13T16:15:55Z,2026-09-13T16:00:00Z,2026-09-13T14:14:55Z,105.1,Napoli,Bologna,0.48000000,0.52000000,0.04000000,YES,NO,1.8,1.95,Marathonbet,1.77,1.94,YES,NO,OBSERVED_CLOSE,Latest Stage63 pre-kickoff snapshot; research only
1552759,Ligue 1,61,2026-09-13T16:15:55Z,2026-09-13T15:15:00Z,2026-09-13T14:14:55Z,60.1,Le Mans,Lens,0.54666667,0.57591623,0.02924956,NO,NO,1.62,2.2,Marathonbet,1.57,2.25,NO,NO,OBSERVED_CLOSE,Latest Stage63 pre-kickoff snapshot; research only
1557404,Premier League,39,2026-09-13T16:15:55Z,2026-09-13T15:30:00Z,2026-09-13T14:14:55Z,75.1,Manchester United,Manchester City,0.64532020,0.64532020,-0.00000000,NO,NO,1.44,2.62,Marathonbet,1.44,2.58,NO,NO,OBSERVED_CLOSE,Latest Stage63 pre-kickoff snapshot; research only
1570376,La Liga,140,2026-09-13T16:15:55Z,2026-09-13T14:15:00Z,2026-09-13T14:14:55Z,0.1,Levante,Barcelona,0.52000000,0.54666667,0.02666667,NO,NO,1.7,2.05,Marathonbet,1.68,2.06,NO,NO,OBSERVED_CLOSE,Latest Stage63 pre-kickoff snapshot; research only
1575166,Bundesliga,78,2026-09-13T16:15:55Z,2026-09-13T15:30:00Z,2026-09-13T14:14:55Z,75.1,SV Elversberg,Bayern München,0.60869565,0.60869565,0.00000000,NO,NO,1.53,2.38,Marathonbet,1.49,2.44,NO,NO,OBSERVED_CLOSE,Latest Stage63 pre-kickoff snapshot; research only
1550124,Serie A,135,2026-09-13T20:15:29Z,2026-09-13T18:45:00Z,2026-09-13T16:15:55Z,149.1,Sassuolo,Juventus,0.52000000,0.52000000,-0.00000000,NO,NO,1.8,1.95,Marathonbet,1.78,1.93,NO,NO,OBSERVED_CLOSE,Latest Stage63 pre-kickoff snapshot; research only
1552757,Ligue 1,61,2026-09-13T20:15:29Z,2026-09-13T18:45:00Z,2026-09-13T16:15:55Z,149.1,Stade Brestois 29,Paris Saint Germain,0.50000000,0.53333333,0.03333333,YES,NO,1.75,2.0,Marathonbet,1.75,1.96,YES,NO,OBSERVED_CLOSE,Latest Stage63 pre-kickoff snapshot; research only
1570375,La Liga,140,2026-09-13T20:15:29Z,2026-09-13T16:30:00Z,2026-09-13T16:15:55Z,14.1,Getafe,Deportivo La Coruna,0.39130435,0.41099476,0.01969041,NO,NO,2.25,1.57,Marathonbet,2.25,1.57,NO,NO,OBSERVED_CLOSE,Latest Stage63 pre-kickoff snapshot; research only
1570380,La Liga,140,2026-09-13T20:15:29Z,2026-09-13T19:00:00Z,2026-09-13T16:15:55Z,164.1,Real Sociedad,Atletico Madrid,0.60869565,0.62500000,0.01630435,NO,NO,1.5,2.5,Marathonbet,1.49,2.44,NO,NO,OBSERVED_CLOSE,Latest Stage63 pre-kickoff snapshot; research only
1550118,Serie A,135,2026-09-14T18:18:26Z,2026-09-14T16:30:00Z,2026-09-14T16:16:41Z,13.3,Como,Parma,0.39130435,0.41099476,0.01969041,NO,NO,2.25,1.57,Marathonbet,2.19,1.6,NO,NO,OBSERVED_CLOSE,Latest Stage63 pre-kickoff snapshot; research only
1550125,Serie A,135,2026-09-14T18:18:26Z,2026-09-14T16:30:00Z,2026-09-14T16:16:41Z,13.3,Torino,AS Roma,0.50000000,0.52000000,0.02000000,NO,NO,1.8,1.95,Marathonbet,1.81,1.89,YES,NO,OBSERVED_CLOSE,Latest Stage63 pre-kickoff snapshot; research only
1550120,Serie A,135,2026-09-14T22:16:20Z,2026-09-14T18:45:00Z,2026-09-14T18:18:26Z,26.6,Inter,Udinese,0.46666667,0.48000000,0.01333333,NO,NO,1.95,1.8,Marathonbet,1.99,1.73,NO,NO,OBSERVED_CLOSE,Latest Stage63 pre-kickoff snapshot; research only
1557402,Premier League,39,2026-09-14T22:16:20Z,2026-09-14T19:00:00Z,2026-09-14T18:18:26Z,41.6,Leeds,Newcastle,0.57591623,0.57591623,0.00000000,NO,NO,1.62,2.2,Marathonbet,1.59,2.21,NO,NO,OBSERVED_CLOSE,Latest Stage63 pre-kickoff snapshot; research only
1570382,La Liga,140,2026-09-14T22:16:20Z,2026-09-14T19:00:00Z,2026-09-14T18:18:26Z,41.6,Villarreal,Real Betis,0.60869565,0.62500000,0.01630435,NO,NO,1.5,2.5,Marathonbet,1.41,2.69,NO,NO,OBSERVED_CLOSE,Latest Stage63 pre-kickoff snapshot; research only
1570383,La Liga,140,2026-09-15T18:17:31Z,2026-09-15T18:00:00Z,2026-09-15T16:16:25Z,103.6,Alaves,Valencia,0.48000000,0.48000000,0.00000000,NO,NO,1.95,1.8,Marathonbet,1.96,1.75,NO,NO,OBSERVED_CLOSE,Latest Stage63 pre-kickoff snapshot; research only
1570391,La Liga,140,2026-09-15T18:17:31Z,2026-09-15T17:00:00Z,2026-09-15T16:16:25Z,43.6,Rayo Vallecano,Espanyol,0.52000000,0.54666667,0.02666667,NO,NO,1.7,2.05,Marathonbet,1.69,2.04,NO,NO,OBSERVED_CLOSE,Latest Stage63 pre-kickoff snapshot; research only
1570388,La Liga,140,2026-09-15T20:16:28Z,2026-09-15T19:30:00Z,2026-09-15T18:17:31Z,72.5,Elche,Real Madrid,0.53333333,0.53333333,0.00000000,NO,NO,1.75,2.0,Marathonbet,1.73,1.99,YES,NO,OBSERVED_CLOSE,Latest Stage63 pre-kickoff snapshot; research only
1570384,La Liga,140,2026-09-16T18:18:28Z,2026-09-16T17:00:00Z,2026-09-16T16:16:35Z,43.4,Atletico Madrid,Osasuna,0.52000000,0.46666667,-0.05333333,NO,YES,2.0,1.75,Marathonbet,2.09,1.66,NO,YES,OBSERVED_CLOSE,Latest Stage63 pre-kickoff snapshot; research only
1570387,La Liga,140,2026-09-16T18:18:28Z,2026-09-16T17:00:00Z,2026-09-16T16:16:35Z,43.4,Deportivo La Coruna,Sevilla,0.48000000,0.50000000,0.02000000,NO,NO,1.91,1.91,Marathonbet,1.84,1.86,NO,NO,OBSERVED_CLOSE,Latest Stage63 pre-kickoff snapshot; research only
1570385,La Liga,140,2026-09-16T22:15:17Z,2026-09-16T19:30:00Z,2026-09-16T18:18:28Z,71.5,Barcelona,Racing Santander,0.52000000,0.57591623,0.05591623,YES,NO,1.62,2.2,Marathonbet,1.64,2.12,YES,NO,OBSERVED_CLOSE,Latest Stage63 pre-kickoff snapshot; research only
1570389,La Liga,140,2026-09-16T22:15:17Z,2026-09-16T19:30:00Z,2026-09-16T18:18:28Z,71.5,Levante,Athletic Club,0.53333333,0.55702918,0.02369585,NO,NO,1.67,2.1,Marathonbet,1.6,2.19,NO,NO,OBSERVED_CLOSE,Latest Stage63 pre-kickoff snapshot; research only
1570386,La Liga,140,2026-09-17T18:19:25Z,2026-09-17T17:00:00Z,2026-09-17T16:17:35Z,42.4,Real Betis,Getafe,0.45333333,0.46666667,0.01333334,NO,NO,2.0,1.75,Marathonbet,1.96,1.75,NO,NO,OBSERVED_CLOSE,Latest Stage63 pre-kickoff snapshot; research only
1570390,La Liga,140,2026-09-17T20:16:57Z,2026-09-17T19:30:00Z,2026-09-17T18:19:25Z,70.6,Malaga,Villarreal,0.58900524,0.58900524,-0.00000000,NO,NO,1.57,2.25,Marathonbet,1.53,2.33,NO,NO,OBSERVED_CLOSE,Latest Stage63 pre-kickoff snapshot; research only
1550133,Serie A,135,2026-09-18T20:15:45Z,2026-09-18T18:45:00Z,2026-09-18T18:17:57Z,27.1,Monza,Sassuolo,0.54666667,0.58900524,0.04233857,YES,NO,1.57,2.25,Marathonbet,1.56,2.27,YES,NO,OBSERVED_CLOSE,Latest Stage63 pre-kickoff snapshot; research only
1552769,Ligue 1,61,2026-09-18T20:15:45Z,2026-09-18T18:45:00Z,2026-09-18T18:17:57Z,27.1,Monaco,Lens,0.64532020,0.60869565,-0.03662455,NO,YES,1.53,2.38,Marathonbet,1.51,2.39,NO,YES,OBSERVED_CLOSE,Latest Stage63 pre-kickoff snapshot; research only
1557408,Premier League,39,2026-09-18T20:15:45Z,2026-09-18T19:00:00Z,2026-09-18T18:17:57Z,42.0,Brentford,Chelsea,0.60869565,0.64532020,0.03662455,YES,NO,1.44,2.62,Marathonbet,1.41,2.69,YES,NO,OBSERVED_CLOSE,Latest Stage63 pre-kickoff snapshot; research only
1570397,La Liga,140,2026-09-18T20:15:45Z,2026-09-18T19:00:00Z,2026-09-18T18:17:57Z,42.0,Espanyol,Elche,0.53333333,0.54666667,0.01333334,NO,NO,1.7,2.05,Marathonbet,1.67,2.08,NO,NO,OBSERVED_CLOSE,Latest Stage63 pre-kickoff snapshot; research only
1575167,Bundesliga,78,2026-09-18T20:15:45Z,2026-09-18T18:30:00Z,2026-09-18T18:17:57Z,12.1,Bayern München,Union Berlin,0.53333333,0.48000000,-0.05333333,NO,YES,1.95,1.8,Marathonbet,1.78,1.93,NO,YES,OBSERVED_CLOSE,Latest Stage63 pre-kickoff snapshot; research only
1557416,Premier League,39,2026-09-19T12:19:44Z,2026-09-19T11:30:00Z,2026-09-19T10:15:06Z,74.9,Tottenham,Aston Villa,0.53333333,0.57591623,0.04258290,YES,NO,1.62,2.2,Marathonbet,1.6,2.19,YES,NO,OBSERVED_CLOSE,Latest Stage63 pre-kickoff snapshot; research only
1570399,La Liga,140,2026-09-19T12:19:44Z,2026-09-19T12:00:00Z,2026-09-19T10:15:06Z,104.9,Osasuna,Rayo Vallecano,0.52000000,0.52000000,-0.00000000,NO,NO,1.8,1.95,Marathonbet,1.74,1.98,NO,NO,OBSERVED_CLOSE,Latest Stage63 pre-kickoff snapshot; research only
