api_fixture_id,league,league_id,captured_at_utc,kickoff_utc,home_team,away_team,bet_id,bet_name,line,open_b365_f1_0,open_b365_f2_0,open_p_f1_0,open_p_f2_0,status,source
1557398,Premier League,39,2026-09-11T14:03:50Z,2026-09-12T14:00:00Z,Bournemouth,Brentford,4,Asian Handicap,0,1.82,2.02,0.52604167,0.47395833,FROZEN,API-Football Bet365 first complete full-time Asian Handicap line 0 pair captured prospectively
1557403,Premier League,39,2026-09-11T14:03:50Z,2026-09-12T14:00:00Z,Liverpool,Fulham,4,Asian Handicap,0,1.17,5.0,0.81037277,0.18962723,FROZEN,API-Football Bet365 first complete full-time Asian Handicap line 0 pair captured prospectively
1557401,Premier League,39,2026-09-11T14:03:50Z,2026-09-12T14:00:00Z,Crystal Palace,Ipswich,4,Asian Handicap,0,1.38,3.0,0.68493151,0.31506849,FROZEN,API-Football Bet365 first complete full-time Asian Handicap line 0 pair captured prospectively
1557397,Premier League,39,2026-09-11T14:03:50Z,2026-09-12T14:00:00Z,Aston Villa,Nottingham Forest,4,Asian Handicap,0,1.6,2.3,0.58974359,0.41025641,FROZEN,API-Football Bet365 first complete full-time Asian Handicap line 0 pair captured prospectively
1557406,Premier League,39,2026-09-11T14:03:50Z,2026-09-12T16:30:00Z,Tottenham,Everton,4,Asian Handicap,0,1.45,2.68,0.64891041,0.35108959,FROZEN,API-Football Bet365 first complete full-time Asian Handicap line 0 pair captured prospectively
1557405,Premier League,39,2026-09-11T14:03:50Z,2026-09-12T19:00:00Z,Sunderland,Arsenal,4,Asian Handicap,0,5.75,1.14,0.16545718,0.83454282,FROZEN,API-Football Bet365 first complete full-time Asian Handicap line 0 pair captured prospectively
1557400,Premier League,39,2026-09-11T14:03:50Z,2026-09-13T13:00:00Z,Coventry,Brighton,4,Asian Handicap,0,2.85,1.4,0.32941176,0.67058824,FROZEN,API-Football Bet365 first complete full-time Asian Handicap line 0 pair captured prospectively
1557404,Premier League,39,2026-09-11T14:03:50Z,2026-09-13T15:30:00Z,Manchester United,Manchester City,4,Asian Handicap,0,2.35,1.58,0.40203562,0.59796438,FROZEN,API-Football Bet365 first complete full-time Asian Handicap line 0 pair captured prospectively
1557402,Premier League,39,2026-09-11T14:03:50Z,2026-09-14T19:00:00Z,Leeds,Newcastle,4,Asian Handicap,0,1.7,2.1,0.55263158,0.44736842,FROZEN,API-Football Bet365 first complete full-time Asian Handicap line 0 pair captured prospectively
1570381,La Liga,140,2026-09-11T14:03:50Z,2026-09-11T19:00:00Z,Sevilla,Valencia,4,Asian Handicap,0,1.38,3.0,0.68493151,0.31506849,FROZEN,API-Football Bet365 first complete full-time Asian Handicap line 0 pair captured prospectively
1570378,La Liga,140,2026-09-11T14:03:50Z,2026-09-12T12:00:00Z,Racing Santander,Alaves,4,Asian Handicap,0,1.82,2.02,0.52604167,0.47395833,FROZEN,API-Football Bet365 first complete full-time Asian Handicap line 0 pair captured prospectively
1570377,La Liga,140,2026-09-11T14:03:50Z,2026-09-12T14:15:00Z,Osasuna,Espanyol,4,Asian Handicap,0,1.55,2.38,0.60559796,0.39440204,FROZEN,API-Football Bet365 first complete full-time Asian Handicap line 0 pair captured prospectively
1570373,La Liga,140,2026-09-11T14:03:50Z,2026-09-12T16:30:00Z,Athletic Club,Elche,4,Asian Handicap,0,1.13,5.9,0.83926031,0.16073969,FROZEN,API-Football Bet365 first complete full-time Asian Handicap line 0 pair captured prospectively
1570374,La Liga,140,2026-09-11T14:03:50Z,2026-09-13T12:00:00Z,Celta Vigo,Malaga,4,Asian Handicap,0,1.26,3.7,0.74596774,0.25403226,FROZEN,API-Football Bet365 first complete full-time Asian Handicap line 0 pair captured prospectively
1570376,La Liga,140,2026-09-11T14:03:50Z,2026-09-13T14:15:00Z,Levante,Barcelona,4,Asian Handicap,0,5.75,1.14,0.16545718,0.83454282,FROZEN,API-Football Bet365 first complete full-time Asian Handicap line 0 pair captured prospectively
1570375,La Liga,140,2026-09-11T14:03:50Z,2026-09-13T16:30:00Z,Getafe,Deportivo La Coruna,4,Asian Handicap,0,1.62,2.25,0.58139535,0.41860465,FROZEN,API-Football Bet365 first complete full-time Asian Handicap line 0 pair captured prospectively
1570380,La Liga,140,2026-09-11T14:03:50Z,2026-09-13T19:00:00Z,Real Sociedad,Atletico Madrid,4,Asian Handicap,0,2.08,1.72,0.45263158,0.54736842,FROZEN,API-Football Bet365 first complete full-time Asian Handicap line 0 pair captured prospectively
1570382,La Liga,140,2026-09-11T14:03:50Z,2026-09-14T19:00:00Z,Villarreal,Real Betis,4,Asian Handicap,0,1.45,2.68,0.64891041,0.35108959,FROZEN,API-Football Bet365 first complete full-time Asian Handicap line 0 pair captured prospectively
1550126,Serie A,135,2026-09-11T14:03:50Z,2026-09-11T18:45:00Z,Venezia,Fiorentina,4,Asian Handicap,0,2.05,1.8,0.46753247,0.53246753,FROZEN,API-Football Bet365 first complete full-time Asian Handicap line 0 pair captured prospectively
1550119,Serie A,135,2026-09-11T14:03:50Z,2026-09-12T13:00:00Z,Genoa,Frosinone,4,Asian Handicap,0,1.52,2.42,0.61421320,0.38578680,FROZEN,API-Football Bet365 first complete full-time Asian Handicap line 0 pair captured prospectively
1550121,Serie A,135,2026-09-11T14:03:50Z,2026-09-12T16:00:00Z,Lazio,AC Milan,4,Asian Handicap,0,2.35,1.58,0.40203562,0.59796438,FROZEN,API-Football Bet365 first complete full-time Asian Handicap line 0 pair captured prospectively
1550117,Serie A,135,2026-09-11T14:03:50Z,2026-09-12T18:45:00Z,Atalanta,Cagliari,4,Asian Handicap,0,1.21,4.25,0.77838828,0.22161172,FROZEN,API-Football Bet365 first complete full-time Asian Handicap line 0 pair captured prospectively
1550122,Serie A,135,2026-09-11T14:03:50Z,2026-09-13T13:00:00Z,Lecce,Monza,4,Asian Handicap,0,1.88,1.98,0.51295337,0.48704663,FROZEN,API-Football Bet365 first complete full-time Asian Handicap line 0 pair captured prospectively
1550123,Serie A,135,2026-09-11T14:03:50Z,2026-09-13T16:00:00Z,Napoli,Bologna,4,Asian Handicap,0,1.3,3.45,0.72631579,0.27368421,FROZEN,API-Football Bet365 first complete full-time Asian Handicap line 0 pair captured prospectively
1550124,Serie A,135,2026-09-11T14:03:50Z,2026-09-13T18:45:00Z,Sassuolo,Juventus,4,Asian Handicap,0,3.9,1.24,0.24124514,0.75875486,FROZEN,API-Football Bet365 first complete full-time Asian Handicap line 0 pair captured prospectively
1550125,Serie A,135,2026-09-11T14:03:50Z,2026-09-14T16:30:00Z,Torino,AS Roma,4,Asian Handicap,0,4.4,1.2,0.21428571,0.78571429,FROZEN,API-Football Bet365 first complete full-time Asian Handicap line 0 pair captured prospectively
1550118,Serie A,135,2026-09-11T14:03:50Z,2026-09-14T16:30:00Z,Como,Parma,4,Asian Handicap,0,1.1,7.0,0.86419753,0.13580247,FROZEN,API-Football Bet365 first complete full-time Asian Handicap line 0 pair captured prospectively
1550120,Serie A,135,2026-09-11T14:03:50Z,2026-09-14T18:45:00Z,Inter,Udinese,4,Asian Handicap,0,1.1,7.0,0.86419753,0.13580247,FROZEN,API-Football Bet365 first complete full-time Asian Handicap line 0 pair captured prospectively
1575164,Bundesliga,78,2026-09-11T14:03:50Z,2026-09-11T18:30:00Z,Union Berlin,FC Schalke 04,4,Asian Handicap,0,1.8,2.05,0.53246753,0.46753247,FROZEN,API-Football Bet365 first complete full-time Asian Handicap line 0 pair captured prospectively
1575161,Bundesliga,78,2026-09-11T14:03:50Z,2026-09-12T13:30:00Z,SC Freiburg,Borussia Mönchengladbach,4,Asian Handicap,0,1.32,3.3,0.71428571,0.28571429,FROZEN,API-Football Bet365 first complete full-time Asian Handicap line 0 pair captured prospectively
1575163,Bundesliga,78,2026-09-11T14:03:50Z,2026-09-12T13:30:00Z,FSV Mainz 05,Eintracht Frankfurt,4,Asian Handicap,0,1.48,2.6,0.63725490,0.36274510,FROZEN,API-Football Bet365 first complete full-time Asian Handicap line 0 pair captured prospectively
1575160,Bundesliga,78,2026-09-11T14:03:50Z,2026-09-12T13:30:00Z,1899 Hoffenheim,VfB Stuttgart,4,Asian Handicap,0,1.8,2.05,0.53246753,0.46753247,FROZEN,API-Football Bet365 first complete full-time Asian Handicap line 0 pair captured prospectively
1575162,Bundesliga,78,2026-09-11T14:03:50Z,2026-09-12T13:30:00Z,FC Augsburg,Bayer Leverkusen,4,Asian Handicap,0,3.1,1.35,0.30337079,0.69662921,FROZEN,API-Football Bet365 first complete full-time Asian Handicap line 0 pair captured prospectively
1575165,Bundesliga,78,2026-09-11T14:03:50Z,2026-09-12T16:30:00Z,1. FC Köln,Werder Bremen,4,Asian Handicap,0,1.55,2.38,0.60559796,0.39440204,FROZEN,API-Football Bet365 first complete full-time Asian Handicap line 0 pair captured prospectively
1575159,Bundesliga,78,2026-09-11T14:03:50Z,2026-09-13T13:30:00Z,RB Leipzig,Hamburger SV,4,Asian Handicap,0,1.12,6.4,0.85106383,0.14893617,FROZEN,API-Football Bet365 first complete full-time Asian Handicap line 0 pair captured prospectively
1552763,Ligue 1,61,2026-09-11T14:03:50Z,2026-09-11T18:45:00Z,Rennes,Marseille,4,Asian Handicap,0,1.48,2.6,0.63725490,0.36274510,FROZEN,API-Football Bet365 first complete full-time Asian Handicap line 0 pair captured prospectively
1552764,Ligue 1,61,2026-09-11T14:03:50Z,2026-09-12T15:15:00Z,Strasbourg,Monaco,4,Asian Handicap,0,2.3,1.6,0.41025641,0.58974359,FROZEN,API-Football Bet365 first complete full-time Asian Handicap line 0 pair captured prospectively
1552761,Ligue 1,61,2026-09-11T14:03:50Z,2026-09-12T18:45:00Z,Lorient,Toulouse,4,Asian Handicap,0,1.85,2.0,0.51948052,0.48051948,FROZEN,API-Football Bet365 first complete full-time Asian Handicap line 0 pair captured prospectively
1552756,Ligue 1,61,2026-09-11T14:03:50Z,2026-09-12T18:45:00Z,Auxerre,Nice,4,Asian Handicap,0,1.88,1.98,0.51295337,0.48704663,FROZEN,API-Football Bet365 first complete full-time Asian Handicap line 0 pair captured prospectively
1552758,Ligue 1,61,2026-09-11T14:03:50Z,2026-09-12T18:45:00Z,Le Havre,Angers,4,Asian Handicap,0,1.8,2.05,0.53246753,0.46753247,FROZEN,API-Football Bet365 first complete full-time Asian Handicap line 0 pair captured prospectively
1552762,Ligue 1,61,2026-09-11T14:03:50Z,2026-09-12T18:45:00Z,Paris FC,Lyon,4,Asian Handicap,0,1.92,1.92,0.50000000,0.50000000,FROZEN,API-Football Bet365 first complete full-time Asian Handicap line 0 pair captured prospectively
1552760,Ligue 1,61,2026-09-11T14:03:50Z,2026-09-13T13:00:00Z,Lille,Estac Troyes,4,Asian Handicap,0,1.14,5.75,0.83454282,0.16545718,FROZEN,API-Football Bet365 first complete full-time Asian Handicap line 0 pair captured prospectively
1552759,Ligue 1,61,2026-09-11T14:03:50Z,2026-09-13T15:15:00Z,Le Mans,Lens,4,Asian Handicap,0,3.55,1.27,0.26348548,0.73651452,FROZEN,API-Football Bet365 first complete full-time Asian Handicap line 0 pair captured prospectively
1552769,Ligue 1,61,2026-09-11T14:03:50Z,2026-09-18T18:45:00Z,Monaco,Lens,4,Asian Handicap,0,1.68,2.15,0.56135770,0.43864230,FROZEN,API-Football Bet365 first complete full-time Asian Handicap line 0 pair captured prospectively
1561926,Austrian Bundesliga,218,2026-09-11T14:03:50Z,2026-09-11T17:30:00Z,Ried,Red Bull Salzburg,4,Asian Handicap,0,4.4,1.2,0.21428571,0.78571429,FROZEN,API-Football Bet365 first complete full-time Asian Handicap line 0 pair captured prospectively
1561924,Austrian Bundesliga,218,2026-09-11T14:03:50Z,2026-09-12T15:00:00Z,SCR Altach,Grazer AK,4,Asian Handicap,0,1.55,2.38,0.60559796,0.39440204,FROZEN,API-Football Bet365 first complete full-time Asian Handicap line 0 pair captured prospectively
1561929,Austrian Bundesliga,218,2026-09-11T14:03:50Z,2026-09-12T17:30:00Z,Wolfsberger AC,Rapid Vienna,4,Asian Handicap,0,3.55,1.27,0.26348548,0.73651452,FROZEN,API-Football Bet365 first complete full-time Asian Handicap line 0 pair captured prospectively
1561925,Austrian Bundesliga,218,2026-09-11T14:03:50Z,2026-09-13T12:30:00Z,Austria Vienna,Austria Lustenau,4,Asian Handicap,0,1.38,3.0,0.68493151,0.31506849,FROZEN,API-Football Bet365 first complete full-time Asian Handicap line 0 pair captured prospectively
1561928,Austrian Bundesliga,218,2026-09-11T14:03:50Z,2026-09-13T12:30:00Z,WSG Wattens,TSV Hartberg,4,Asian Handicap,0,1.6,2.3,0.58974359,0.41025641,FROZEN,API-Football Bet365 first complete full-time Asian Handicap line 0 pair captured prospectively
1561927,Austrian Bundesliga,218,2026-09-11T14:03:50Z,2026-09-13T15:00:00Z,Sturm Graz,Lask Linz,4,Asian Handicap,0,2.35,1.58,0.40203562,0.59796438,FROZEN,API-Football Bet365 first complete full-time Asian Handicap line 0 pair captured prospectively
1561935,Austrian Bundesliga,218,2026-09-11T14:03:50Z,2026-09-18T17:30:00Z,Rapid Vienna,WSG Wattens,4,Asian Handicap,0,1.15,5.5,0.82706767,0.17293233,FROZEN,API-Football Bet365 first complete full-time Asian Handicap line 0 pair captured prospectively
1561930,Austrian Bundesliga,218,2026-09-11T14:03:50Z,2026-09-19T15:00:00Z,Austria Lustenau,SCR Altach,4,Asian Handicap,0,2.08,1.72,0.45263158,0.54736842,FROZEN,API-Football Bet365 first complete full-time Asian Handicap line 0 pair captured prospectively
1561931,Austrian Bundesliga,218,2026-09-11T14:03:50Z,2026-09-19T17:30:00Z,Grazer AK,Austria Vienna,4,Asian Handicap,0,1.8,2.0,0.52631579,0.47368421,FROZEN,API-Football Bet365 first complete full-time Asian Handicap line 0 pair captured prospectively
1561933,Austrian Bundesliga,218,2026-09-11T14:03:50Z,2026-09-20T12:30:00Z,Ried,Wolfsberger AC,4,Asian Handicap,0,1.68,2.15,0.56135770,0.43864230,FROZEN,API-Football Bet365 first complete full-time Asian Handicap line 0 pair captured prospectively
1558626,Belgian Pro League,144,2026-09-11T14:03:50Z,2026-09-11T18:45:00Z,KV Mechelen,Anderlecht,4,Asian Handicap,0,3.1,1.35,0.30337079,0.69662921,FROZEN,API-Football Bet365 first complete full-time Asian Handicap line 0 pair captured prospectively
1558627,Belgian Pro League,144,2026-09-11T14:03:50Z,2026-09-12T14:00:00Z,SK Beveren,St. Truiden,4,Asian Handicap,0,2.25,1.62,0.41860465,0.58139535,FROZEN,API-Football Bet365 first complete full-time Asian Handicap line 0 pair captured prospectively
1558628,Belgian Pro League,144,2026-09-11T14:03:50Z,2026-09-12T16:15:00Z,KVC Westerlo,Standard Liege,4,Asian Handicap,0,1.85,1.95,0.51315789,0.48684211,FROZEN,API-Football Bet365 first complete full-time Asian Handicap line 0 pair captured prospectively
1558629,Belgian Pro League,144,2026-09-11T14:03:50Z,2026-09-12T18:45:00Z,OH Leuven,Cercle Brugge,4,Asian Handicap,0,1.9,1.9,0.50000000,0.50000000,FROZEN,API-Football Bet365 first complete full-time Asian Handicap line 0 pair captured prospectively
1558632,Belgian Pro League,144,2026-09-11T14:03:50Z,2026-09-13T14:00:00Z,Genk,Gent,4,Asian Handicap,0,1.5,2.5,0.62500000,0.37500000,FROZEN,API-Football Bet365 first complete full-time Asian Handicap line 0 pair captured prospectively
1558633,Belgian Pro League,144,2026-09-11T14:03:50Z,2026-09-13T16:30:00Z,Zulte Waregem,Charleroi,4,Asian Handicap,0,1.88,1.92,0.50526316,0.49473684,FROZEN,API-Football Bet365 first complete full-time Asian Handicap line 0 pair captured prospectively
1558634,Belgian Pro League,144,2026-09-11T14:03:50Z,2026-09-13T17:15:00Z,RAAL La Louvière,Kortrijk,4,Asian Handicap,0,1.68,2.15,0.56135770,0.43864230,FROZEN,API-Football Bet365 first complete full-time Asian Handicap line 0 pair captured prospectively
1549016,Danish Superliga,119,2026-09-11T14:03:50Z,2026-09-11T17:00:00Z,FC Copenhagen,AC Horsens,4,Asian Handicap,0,1.12,6.25,0.84803256,0.15196744,FROZEN,API-Football Bet365 first complete full-time Asian Handicap line 0 pair captured prospectively
1549017,Danish Superliga,119,2026-09-11T14:03:50Z,2026-09-13T12:00:00Z,Lyngby,Sonderjyske,4,Asian Handicap,0,1.26,3.7,0.74596774,0.25403226,FROZEN,API-Football Bet365 first complete full-time Asian Handicap line 0 pair captured prospectively
1549021,Danish Superliga,119,2026-09-11T14:03:50Z,2026-09-13T12:00:00Z,Silkeborg,Viborg,4,Asian Handicap,0,2.85,1.4,0.32941176,0.67058824,FROZEN,API-Football Bet365 first complete full-time Asian Handicap line 0 pair captured prospectively
1549020,Danish Superliga,119,2026-09-11T14:03:50Z,2026-09-13T14:00:00Z,Randers FC,Odense,4,Asian Handicap,0,1.6,2.3,0.58974359,0.41025641,FROZEN,API-Football Bet365 first complete full-time Asian Handicap line 0 pair captured prospectively
1549019,Danish Superliga,119,2026-09-11T14:03:50Z,2026-09-13T16:00:00Z,FC Nordsjaelland,Aarhus,4,Asian Handicap,0,1.4,2.85,0.67058824,0.32941176,FROZEN,API-Football Bet365 first complete full-time Asian Handicap line 0 pair captured prospectively
1549018,Danish Superliga,119,2026-09-11T14:03:50Z,2026-09-14T17:00:00Z,FC Midtjylland,Brondby,4,Asian Handicap,0,1.42,2.75,0.65947242,0.34052758,FROZEN,API-Football Bet365 first complete full-time Asian Handicap line 0 pair captured prospectively
1547629,A Lyga,362,2026-09-11T14:03:50Z,2026-09-13T11:30:00Z,Panevėžys,Kauno Žalgiris,4,Asian Handicap,0,3.9,1.24,0.24124514,0.75875486,FROZEN,API-Football Bet365 first complete full-time Asian Handicap line 0 pair captured prospectively
1547631,A Lyga,362,2026-09-11T14:03:50Z,2026-09-13T14:00:00Z,Šiauliai,Hegelmann Litauen,4,Asian Handicap,0,1.95,1.85,0.48684211,0.51315789,FROZEN,API-Football Bet365 first complete full-time Asian Handicap line 0 pair captured prospectively
1547630,A Lyga,362,2026-09-11T14:03:50Z,2026-09-13T15:45:00Z,Suduva Marijampole,FK Zalgiris Vilnius,4,Asian Handicap,0,2.0,1.8,0.47368421,0.52631579,FROZEN,API-Football Bet365 first complete full-time Asian Handicap line 0 pair captured prospectively
1547633,A Lyga,362,2026-09-11T14:03:50Z,2026-09-14T15:45:00Z,Banga,TransINVEST Vilnius,4,Asian Handicap,0,1.95,1.85,0.48684211,0.51315789,FROZEN,API-Football Bet365 first complete full-time Asian Handicap line 0 pair captured prospectively
1515921,Virsliga,365,2026-09-11T14:03:50Z,2026-09-11T15:00:00Z,Riga,Auda,4,Asian Handicap,0,1.15,5.5,0.82706767,0.17293233,FROZEN,API-Football Bet365 first complete full-time Asian Handicap line 0 pair captured prospectively
1515920,Virsliga,365,2026-09-11T14:03:50Z,2026-09-12T11:00:00Z,Grobiņa,FS Jelgava,4,Asian Handicap,0,1.98,1.82,0.47894737,0.52105263,FROZEN,API-Football Bet365 first complete full-time Asian Handicap line 0 pair captured prospectively
1515922,Virsliga,365,2026-09-11T14:03:50Z,2026-09-13T11:00:00Z,BFC Daugavpils,Rīgas FS,4,Asian Handicap,0,6.6,1.11,0.14396887,0.85603113,FROZEN,API-Football Bet365 first complete full-time Asian Handicap line 0 pair captured prospectively
1552164,Eredivisie,88,2026-09-11T14:03:50Z,2026-09-12T16:45:00Z,GO Ahead Eagles,Groningen,4,Asian Handicap,0,1.75,2.05,0.53947368,0.46052632,FROZEN,API-Football Bet365 first complete full-time Asian Handicap line 0 pair captured prospectively
1552165,Eredivisie,88,2026-09-11T14:03:50Z,2026-09-12T18:00:00Z,Fortuna Sittard,Ajax,4,Asian Handicap,0,4.65,1.18,0.20240137,0.79759863,FROZEN,API-Football Bet365 first complete full-time Asian Handicap line 0 pair captured prospectively
1552168,Eredivisie,88,2026-09-11T14:03:50Z,2026-09-12T19:00:00Z,Cambuur,NEC Nijmegen,4,Asian Handicap,0,3.9,1.24,0.24124514,0.75875486,FROZEN,API-Football Bet365 first complete full-time Asian Handicap line 0 pair captured prospectively
1552167,Eredivisie,88,2026-09-11T14:03:50Z,2026-09-13T10:15:00Z,Excelsior,Utrecht,4,Asian Handicap,0,1.65,2.2,0.57142857,0.42857143,FROZEN,API-Football Bet365 first complete full-time Asian Handicap line 0 pair captured prospectively
1552166,Eredivisie,88,2026-09-11T14:03:50Z,2026-09-13T12:30:00Z,Heerenveen,Telstar,4,Asian Handicap,0,1.27,3.55,0.73651452,0.26348548,FROZEN,API-Football Bet365 first complete full-time Asian Handicap line 0 pair captured prospectively
1552170,Eredivisie,88,2026-09-11T14:03:50Z,2026-09-13T14:45:00Z,PEC Zwolle,Feyenoord,4,Asian Handicap,0,4.65,1.18,0.20240137,0.79759863,FROZEN,API-Football Bet365 first complete full-time Asian Handicap line 0 pair captured prospectively
1494760,Eliteserien,103,2026-09-11T14:03:50Z,2026-09-12T14:00:00Z,Lillestrom,Valerenga,4,Asian Handicap,0,1.45,2.68,0.64891041,0.35108959,FROZEN,API-Football Bet365 first complete full-time Asian Handicap line 0 pair captured prospectively
1494761,Eliteserien,103,2026-09-11T14:03:50Z,2026-09-12T16:00:00Z,Rosenborg,Tromso,4,Asian Handicap,0,1.3,3.45,0.72631579,0.27368421,FROZEN,API-Football Bet365 first complete full-time Asian Handicap line 0 pair captured prospectively
1494763,Eliteserien,103,2026-09-11T14:03:50Z,2026-09-13T12:30:00Z,Viking,Kristiansund BK,4,Asian Handicap,0,1.1,6.8,0.86075949,0.13924051,FROZEN,API-Football Bet365 first complete full-time Asian Handicap line 0 pair captured prospectively
1494762,Eliteserien,103,2026-09-11T14:03:50Z,2026-09-13T15:00:00Z,Start,Brann,4,Asian Handicap,0,2.5,1.5,0.37500000,0.62500000,FROZEN,API-Football Bet365 first complete full-time Asian Handicap line 0 pair captured prospectively
1494759,Eliteserien,103,2026-09-11T14:03:50Z,2026-09-13T15:00:00Z,KFUM Oslo,Aalesund,4,Asian Handicap,0,1.78,2.02,0.53157895,0.46842105,FROZEN,API-Football Bet365 first complete full-time Asian Handicap line 0 pair captured prospectively
1494758,Eliteserien,103,2026-09-11T14:03:50Z,2026-09-13T15:00:00Z,Ham-Kam,Molde,4,Asian Handicap,0,3.3,1.32,0.28571429,0.71428571,FROZEN,API-Football Bet365 first complete full-time Asian Handicap line 0 pair captured prospectively
1494757,Eliteserien,103,2026-09-11T14:03:50Z,2026-09-13T17:15:00Z,Fredrikstad,Sarpsborg 08 FF,4,Asian Handicap,0,1.8,2.0,0.52631579,0.47368421,FROZEN,API-Football Bet365 first complete full-time Asian Handicap line 0 pair captured prospectively
1553168,Ekstraklasa,106,2026-09-11T14:03:50Z,2026-09-11T16:00:00Z,Raków Częstochowa,Motor Lublin,4,Asian Handicap,0,1.45,2.68,0.64891041,0.35108959,FROZEN,API-Football Bet365 first complete full-time Asian Handicap line 0 pair captured prospectively
1553170,Ekstraklasa,106,2026-09-11T14:03:50Z,2026-09-11T18:30:00Z,Wisla Krakow,Jagiellonia,4,Asian Handicap,0,1.62,2.25,0.58139535,0.41860465,FROZEN,API-Football Bet365 first complete full-time Asian Handicap line 0 pair captured prospectively
1553169,Ekstraklasa,106,2026-09-11T14:03:50Z,2026-09-12T12:45:00Z,Slask Wroclaw,Korona Kielce,4,Asian Handicap,0,1.98,1.82,0.47894737,0.52105263,FROZEN,API-Football Bet365 first complete full-time Asian Handicap line 0 pair captured prospectively
1553164,Ekstraklasa,106,2026-09-11T14:03:50Z,2026-09-12T15:30:00Z,Gornik Zabrze,Lech Poznan,4,Asian Handicap,0,2.08,1.72,0.45263158,0.54736842,FROZEN,API-Football Bet365 first complete full-time Asian Handicap line 0 pair captured prospectively
1553172,Ekstraklasa,106,2026-09-11T14:03:50Z,2026-09-12T18:15:00Z,Zaglebie Lubin,GKS Katowice,4,Asian Handicap,0,1.95,1.85,0.48684211,0.51315789,FROZEN,API-Football Bet365 first complete full-time Asian Handicap line 0 pair captured prospectively
1553171,Ekstraklasa,106,2026-09-11T14:03:50Z,2026-09-13T10:15:00Z,Wisla Plock,Cracovia Krakow,4,Asian Handicap,0,1.78,2.02,0.53157895,0.46842105,FROZEN,API-Football Bet365 first complete full-time Asian Handicap line 0 pair captured prospectively
1553166,Ekstraklasa,106,2026-09-11T14:03:50Z,2026-09-13T12:45:00Z,Pogon Szczecin,Wieczysta Kraków,4,Asian Handicap,0,1.48,2.6,0.63725490,0.36274510,FROZEN,API-Football Bet365 first complete full-time Asian Handicap line 0 pair captured prospectively
1553165,Ekstraklasa,106,2026-09-11T14:03:50Z,2026-09-13T15:30:00Z,Legia Warszawa,Widzew Łódź,4,Asian Handicap,0,1.38,3.0,0.68493151,0.31506849,FROZEN,API-Football Bet365 first complete full-time Asian Handicap line 0 pair captured prospectively
1553167,Ekstraklasa,106,2026-09-11T14:03:50Z,2026-09-14T17:00:00Z,Radomiak Radom,Piast Gliwice,4,Asian Handicap,0,1.72,2.08,0.54736842,0.45263158,FROZEN,API-Football Bet365 first complete full-time Asian Handicap line 0 pair captured prospectively
1575498,Primeira Liga,94,2026-09-11T14:03:50Z,2026-09-12T14:30:00Z,Nacional,Alverca,4,Asian Handicap,0,1.9,1.95,0.50649351,0.49350649,FROZEN,API-Football Bet365 first complete full-time Asian Handicap line 0 pair captured prospectively
1575491,Primeira Liga,94,2026-09-11T14:03:50Z,2026-09-12T19:30:00Z,Academico Viseu,Vitória SC,4,Asian Handicap,0,2.68,1.45,0.35108959,0.64891041,FROZEN,API-Football Bet365 first complete full-time Asian Handicap line 0 pair captured prospectively
1575492,Primeira Liga,94,2026-09-11T14:03:50Z,2026-09-13T17:00:00Z,Arouca,Santa Clara,4,Asian Handicap,0,1.88,1.98,0.51295337,0.48704663,FROZEN,API-Football Bet365 first complete full-time Asian Handicap line 0 pair captured prospectively
1575496,Primeira Liga,94,2026-09-11T14:03:50Z,2026-09-13T19:30:00Z,Famalicao,Sporting CP,4,Asian Handicap,0,4.5,1.19,0.20913884,0.79086116,FROZEN,API-Football Bet365 first complete full-time Asian Handicap line 0 pair captured prospectively
1575499,Primeira Liga,94,2026-09-11T14:03:50Z,2026-09-14T17:45:00Z,Rio Ave,Estrela,4,Asian Handicap,0,2.02,1.82,0.47395833,0.52604167,FROZEN,API-Football Bet365 first complete full-time Asian Handicap line 0 pair captured prospectively
1575497,Primeira Liga,94,2026-09-11T14:03:50Z,2026-09-14T19:15:00Z,Moreirense,Maritimo,4,Asian Handicap,0,1.7,2.1,0.55263158,0.44736842,FROZEN,API-Football Bet365 first complete full-time Asian Handicap line 0 pair captured prospectively
1575494,Primeira Liga,94,2026-09-11T14:03:50Z,2026-09-14T19:45:00Z,SC Braga,Estoril,4,Asian Handicap,0,1.18,4.8,0.80267559,0.19732441,FROZEN,API-Football Bet365 first complete full-time Asian Handicap line 0 pair captured prospectively
1584405,Super Lig,203,2026-09-11T14:03:50Z,2026-09-11T17:00:00Z,Beşiktaş,Erzurumspor FK,4,Asian Handicap,0,1.1,6.8,0.86075949,0.13924051,FROZEN,API-Football Bet365 first complete full-time Asian Handicap line 0 pair captured prospectively
1584406,Super Lig,203,2026-09-11T14:03:50Z,2026-09-12T14:00:00Z,Eyüpspor,Rizespor,4,Asian Handicap,0,3.0,1.38,0.31506849,0.68493151,FROZEN,API-Football Bet365 first complete full-time Asian Handicap line 0 pair captured prospectively
1584411,Super Lig,203,2026-09-11T14:03:50Z,2026-09-12T14:00:00Z,Samsunspor,Çorum FK,4,Asian Handicap,0,1.6,2.3,0.58974359,0.41025641,FROZEN,API-Football Bet365 first complete full-time Asian Handicap line 0 pair captured prospectively
1584410,Super Lig,203,2026-09-11T14:03:50Z,2026-09-12T17:00:00Z,Konyaspor,Trabzonspor,4,Asian Handicap,0,2.68,1.45,0.35108959,0.64891041,FROZEN,API-Football Bet365 first complete full-time Asian Handicap line 0 pair captured prospectively
1584403,Super Lig,203,2026-09-11T14:03:50Z,2026-09-12T17:00:00Z,Alanyaspor,Göztepe,4,Asian Handicap,0,1.6,2.3,0.58974359,0.41025641,FROZEN,API-Football Bet365 first complete full-time Asian Handicap line 0 pair captured prospectively
1584409,Super Lig,203,2026-09-11T14:03:50Z,2026-09-13T14:00:00Z,Gençlerbirliği S.K.,Kasımpaşa,4,Asian Handicap,0,1.62,2.25,0.58139535,0.41860465,FROZEN,API-Football Bet365 first complete full-time Asian Handicap line 0 pair captured prospectively
1584407,Super Lig,203,2026-09-11T14:03:50Z,2026-09-13T17:00:00Z,Galatasaray,Kocaelispor,4,Asian Handicap,0,1.12,6.4,0.85106383,0.14893617,FROZEN,API-Football Bet365 first complete full-time Asian Handicap line 0 pair captured prospectively
1584404,Super Lig,203,2026-09-11T14:03:50Z,2026-09-13T17:00:00Z,Amed,Başakşehir,4,Asian Handicap,0,1.85,1.95,0.51315789,0.48684211,FROZEN,API-Football Bet365 first complete full-time Asian Handicap line 0 pair captured prospectively
1584408,Super Lig,203,2026-09-11T14:03:50Z,2026-09-14T17:00:00Z,Gaziantep FK,Fenerbahçe,4,Asian Handicap,0,4.15,1.22,0.22718808,0.77281192,FROZEN,API-Football Bet365 first complete full-time Asian Handicap line 0 pair captured prospectively
1556642,Scottish Premiership,179,2026-09-11T14:03:50Z,2026-09-15T18:45:00Z,Hibernian,Kilmarnock,4,Asian Handicap,0,1.21,4.25,0.77838828,0.22161172,FROZEN,API-Football Bet365 first complete full-time Asian Handicap line 0 pair captured prospectively
1556643,Scottish Premiership,179,2026-09-11T14:03:50Z,2026-09-15T18:45:00Z,Motherwell,Aberdeen,4,Asian Handicap,0,1.4,2.85,0.67058824,0.32941176,FROZEN,API-Football Bet365 first complete full-time Asian Handicap line 0 pair captured prospectively
1556641,Scottish Premiership,179,2026-09-11T14:03:50Z,2026-09-15T18:45:00Z,Falkirk,Heart Of Midlothian,4,Asian Handicap,0,2.68,1.45,0.35108959,0.64891041,FROZEN,API-Football Bet365 first complete full-time Asian Handicap line 0 pair captured prospectively
1556665,Scottish Premiership,179,2026-09-11T14:03:50Z,2026-09-19T14:00:00Z,Hibernian,Aberdeen,4,Asian Handicap,0,1.32,3.3,0.71428571,0.28571429,FROZEN,API-Football Bet365 first complete full-time Asian Handicap line 0 pair captured prospectively
1556668,Scottish Premiership,179,2026-09-11T14:03:50Z,2026-09-19T14:00:00Z,ST Mirren,Dundee Utd,4,Asian Handicap,0,1.68,2.15,0.56135770,0.43864230,FROZEN,API-Football Bet365 first complete full-time Asian Handicap line 0 pair captured prospectively
1556664,Scottish Premiership,179,2026-09-11T14:03:50Z,2026-09-19T14:00:00Z,Dundee,Motherwell,4,Asian Handicap,0,2.3,1.6,0.41025641,0.58974359,FROZEN,API-Football Bet365 first complete full-time Asian Handicap line 0 pair captured prospectively
1556667,Scottish Premiership,179,2026-09-11T14:03:50Z,2026-09-19T14:00:00Z,ST Johnstone,Falkirk,4,Asian Handicap,0,1.65,2.2,0.57142857,0.42857143,FROZEN,API-Football Bet365 first complete full-time Asian Handicap line 0 pair captured prospectively
1556666,Scottish Premiership,179,2026-09-11T14:03:50Z,2026-09-19T16:45:00Z,Kilmarnock,Heart Of Midlothian,4,Asian Handicap,0,3.45,1.3,0.27368421,0.72631579,FROZEN,API-Football Bet365 first complete full-time Asian Handicap line 0 pair captured prospectively
1556669,Scottish Premiership,179,2026-09-11T14:03:50Z,2026-09-20T11:00:00Z,Celtic,Rangers,4,Asian Handicap,0,1.38,3.0,0.68493151,0.31506849,FROZEN,API-Football Bet365 first complete full-time Asian Handicap line 0 pair captured prospectively
1575172,Bundesliga,78,2026-09-11T18:41:56Z,2026-09-19T13:30:00Z,Werder Bremen,FC Augsburg,4,Asian Handicap,0,1.8,2.05,0.53246753,0.46753247,FROZEN,API-Football Bet365 first complete full-time Asian Handicap line 0 pair captured prospectively
1561932,Austrian Bundesliga,218,2026-09-11T18:41:56Z,2026-09-20T12:30:00Z,TSV Hartberg,Lask Linz,4,Asian Handicap,0,4.5,1.19,0.20913884,0.79086116,FROZEN,API-Football Bet365 first complete full-time Asian Handicap line 0 pair captured prospectively
1552173,Eredivisie,88,2026-09-11T18:41:56Z,2026-09-18T18:00:00Z,Groningen,PEC Zwolle,4,Asian Handicap,0,1.27,3.55,0.73651452,0.26348548,FROZEN,API-Football Bet365 first complete full-time Asian Handicap line 0 pair captured prospectively
1570391,La Liga,140,2026-09-12T00:43:08Z,2026-09-15T17:00:00Z,Rayo Vallecano,Espanyol,4,Asian Handicap,0,1.48,2.6,0.63725490,0.36274510,FROZEN,API-Football Bet365 first complete full-time Asian Handicap line 0 pair captured prospectively
1550133,Serie A,135,2026-09-12T00:43:08Z,2026-09-18T18:45:00Z,Monza,Sassuolo,4,Asian Handicap,0,2.0,1.85,0.48051948,0.51948052,FROZEN,API-Football Bet365 first complete full-time Asian Handicap line 0 pair captured prospectively
1552771,Ligue 1,61,2026-09-12T00:43:08Z,2026-09-19T15:15:00Z,Paris FC,Strasbourg,4,Asian Handicap,0,1.52,2.42,0.61421320,0.38578680,FROZEN,API-Football Bet365 first complete full-time Asian Handicap line 0 pair captured prospectively
1570383,La Liga,140,2026-09-12T12:42:44Z,2026-09-15T18:00:00Z,Alaves,Valencia,4,Asian Handicap,0,1.38,3.0,0.68493151,0.31506849,FROZEN,API-Football Bet365 first complete full-time Asian Handicap line 0 pair captured prospectively
1557408,Premier League,39,2026-09-12T18:40:06Z,2026-09-18T19:00:00Z,Brentford,Chelsea,4,Asian Handicap,0,2.08,1.72,0.45263158,0.54736842,FROZEN,API-Football Bet365 first complete full-time Asian Handicap line 0 pair captured prospectively
1557416,Premier League,39,2026-09-12T18:40:06Z,2026-09-19T11:30:00Z,Tottenham,Aston Villa,4,Asian Handicap,0,1.45,2.68,0.64891041,0.35108959,FROZEN,API-Football Bet365 first complete full-time Asian Handicap line 0 pair captured prospectively
1557410,Premier League,39,2026-09-12T18:40:06Z,2026-09-19T14:00:00Z,Everton,Ipswich,4,Asian Handicap,0,1.32,3.3,0.71428571,0.28571429,FROZEN,API-Football Bet365 first complete full-time Asian Handicap line 0 pair captured prospectively
1557409,Premier League,39,2026-09-12T18:40:06Z,2026-09-19T14:00:00Z,Brighton,Arsenal,4,Asian Handicap,0,3.3,1.32,0.28571429,0.71428571,FROZEN,API-Football Bet365 first complete full-time Asian Handicap line 0 pair captured prospectively
1557415,Premier League,39,2026-09-12T18:40:06Z,2026-09-19T16:30:00Z,Nottingham Forest,Coventry,4,Asian Handicap,0,1.32,3.3,0.71428571,0.28571429,FROZEN,API-Football Bet365 first complete full-time Asian Handicap line 0 pair captured prospectively
1570388,La Liga,140,2026-09-12T18:40:06Z,2026-09-15T19:30:00Z,Elche,Real Madrid,4,Asian Handicap,0,7.0,1.1,0.13580247,0.86419753,FROZEN,API-Football Bet365 first complete full-time Asian Handicap line 0 pair captured prospectively
1570384,La Liga,140,2026-09-12T18:40:06Z,2026-09-16T17:00:00Z,Atletico Madrid,Osasuna,4,Asian Handicap,0,1.15,5.5,0.82706767,0.17293233,FROZEN,API-Football Bet365 first complete full-time Asian Handicap line 0 pair captured prospectively
1550135,Serie A,135,2026-09-12T18:40:06Z,2026-09-19T13:00:00Z,Udinese,Cagliari,4,Asian Handicap,0,1.45,2.68,0.64891041,0.35108959,FROZEN,API-Football Bet365 first complete full-time Asian Handicap line 0 pair captured prospectively
1550129,Serie A,135,2026-09-12T18:40:06Z,2026-09-19T13:00:00Z,Bologna,Torino,4,Asian Handicap,0,1.4,2.85,0.67058824,0.32941176,FROZEN,API-Football Bet365 first complete full-time Asian Handicap line 0 pair captured prospectively
1575174,Bundesliga,78,2026-09-12T18:40:06Z,2026-09-19T13:30:00Z,Borussia Mönchengladbach,FSV Mainz 05,4,Asian Handicap,0,2.1,1.7,0.44736842,0.55263158,FROZEN,API-Football Bet365 first complete full-time Asian Handicap line 0 pair captured prospectively
1575170,Bundesliga,78,2026-09-12T18:40:06Z,2026-09-19T13:30:00Z,Eintracht Frankfurt,SC Freiburg,4,Asian Handicap,0,1.7,2.1,0.55263158,0.44736842,FROZEN,API-Football Bet365 first complete full-time Asian Handicap line 0 pair captured prospectively
1575171,Bundesliga,78,2026-09-12T18:40:06Z,2026-09-19T13:30:00Z,Hamburger SV,1. FC Köln,4,Asian Handicap,0,1.88,1.98,0.51295337,0.48704663,FROZEN,API-Football Bet365 first complete full-time Asian Handicap line 0 pair captured prospectively
1575168,Bundesliga,78,2026-09-12T18:40:06Z,2026-09-19T16:30:00Z,VfB Stuttgart,Borussia Dortmund,4,Asian Handicap,0,1.7,2.1,0.55263158,0.44736842,FROZEN,API-Football Bet365 first complete full-time Asian Handicap line 0 pair captured prospectively
1575169,Bundesliga,78,2026-09-12T18:40:06Z,2026-09-20T13:30:00Z,Bayer Leverkusen,RB Leipzig,4,Asian Handicap,0,1.45,2.68,0.64891041,0.35108959,FROZEN,API-Football Bet365 first complete full-time Asian Handicap line 0 pair captured prospectively
1575173,Bundesliga,78,2026-09-12T18:40:06Z,2026-09-20T15:30:00Z,FC Schalke 04,SV Elversberg,4,Asian Handicap,0,1.48,2.6,0.63725490,0.36274510,FROZEN,API-Football Bet365 first complete full-time Asian Handicap line 0 pair captured prospectively
1552765,Ligue 1,61,2026-09-12T18:40:06Z,2026-09-19T18:45:00Z,Angers,Estac Troyes,4,Asian Handicap,0,1.58,2.35,0.59796438,0.40203562,FROZEN,API-Football Bet365 first complete full-time Asian Handicap line 0 pair captured prospectively
1561934,Austrian Bundesliga,218,2026-09-12T18:40:06Z,2026-09-20T15:00:00Z,Red Bull Salzburg,Sturm Graz,4,Asian Handicap,0,1.3,3.45,0.72631579,0.27368421,FROZEN,API-Football Bet365 first complete full-time Asian Handicap line 0 pair captured prospectively
1552172,Eredivisie,88,2026-09-12T18:40:06Z,2026-09-19T14:30:00Z,ADO Den Haag,Cambuur,4,Asian Handicap,0,1.3,3.45,0.72631579,0.27368421,FROZEN,API-Football Bet365 first complete full-time Asian Handicap line 0 pair captured prospectively
1552171,Eredivisie,88,2026-09-12T18:40:06Z,2026-09-19T16:45:00Z,Sparta Rotterdam,Heerenveen,4,Asian Handicap,0,2.38,1.55,0.39440204,0.60559796,FROZEN,API-Football Bet365 first complete full-time Asian Handicap line 0 pair captured prospectively
1552174,Eredivisie,88,2026-09-12T18:40:06Z,2026-09-19T18:00:00Z,Ajax,Excelsior,4,Asian Handicap,0,1.15,5.5,0.82706767,0.17293233,FROZEN,API-Football Bet365 first complete full-time Asian Handicap line 0 pair captured prospectively
1557407,Premier League,39,2026-09-13T00:44:15Z,2026-09-20T13:00:00Z,Bournemouth,Liverpool,4,Asian Handicap,0,2.38,1.55,0.39440204,0.60559796,FROZEN,API-Football Bet365 first complete full-time Asian Handicap line 0 pair captured prospectively
1570387,La Liga,140,2026-09-13T00:44:15Z,2026-09-16T17:00:00Z,Deportivo La Coruna,Sevilla,4,Asian Handicap,0,1.68,2.15,0.56135770,0.43864230,FROZEN,API-Football Bet365 first complete full-time Asian Handicap line 0 pair captured prospectively
1550128,Serie A,135,2026-09-13T00:44:15Z,2026-09-19T16:00:00Z,AS Roma,Inter,4,Asian Handicap,0,1.92,1.92,0.50000000,0.50000000,FROZEN,API-Football Bet365 first complete full-time Asian Handicap line 0 pair captured prospectively
1552768,Ligue 1,61,2026-09-13T00:44:15Z,2026-09-19T18:45:00Z,Lyon,Rennes,4,Asian Handicap,0,1.6,2.3,0.58974359,0.41025641,FROZEN,API-Football Bet365 first complete full-time Asian Handicap line 0 pair captured prospectively
1552772,Ligue 1,61,2026-09-13T00:44:15Z,2026-09-19T18:45:00Z,Toulouse,Le Havre,4,Asian Handicap,0,1.35,3.1,0.69662921,0.30337079,FROZEN,API-Football Bet365 first complete full-time Asian Handicap line 0 pair captured prospectively
1552767,Ligue 1,61,2026-09-13T00:44:15Z,2026-09-19T18:45:00Z,Le Mans,Lorient,4,Asian Handicap,0,2.1,1.78,0.45876289,0.54123711,FROZEN,API-Football Bet365 first complete full-time Asian Handicap line 0 pair captured prospectively
1552766,Ligue 1,61,2026-09-13T00:44:15Z,2026-09-20T13:00:00Z,Auxerre,Stade Brestois 29,4,Asian Handicap,0,2.02,1.82,0.47395833,0.52604167,FROZEN,API-Football Bet365 first complete full-time Asian Handicap line 0 pair captured prospectively
1552175,Eredivisie,88,2026-09-13T00:44:15Z,2026-09-19T19:00:00Z,Willem II,Fortuna Sittard,4,Asian Handicap,0,2.02,1.78,0.46842105,0.53157895,FROZEN,API-Football Bet365 first complete full-time Asian Handicap line 0 pair captured prospectively
1552176,Eredivisie,88,2026-09-13T12:42:54Z,2026-09-20T10:15:00Z,Feyenoord,Utrecht,4,Asian Handicap,0,1.12,6.4,0.85106383,0.14893617,FROZEN,API-Football Bet365 first complete full-time Asian Handicap line 0 pair captured prospectively
1553112,Ekstraklasa,106,2026-09-13T12:42:54Z,2026-09-15T18:30:00Z,Korona Kielce,Gornik Zabrze,4,Asian Handicap,0,1.95,1.85,0.48684211,0.51315789,FROZEN,API-Football Bet365 first complete full-time Asian Handicap line 0 pair captured prospectively
1557412,Premier League,39,2026-09-13T18:41:20Z,2026-09-20T13:00:00Z,Leeds,Crystal Palace,4,Asian Handicap,0,1.45,2.68,0.64891041,0.35108959,FROZEN,API-Football Bet365 first complete full-time Asian Handicap line 0 pair captured prospectively
1570389,La Liga,140,2026-09-13T18:41:20Z,2026-09-16T19:30:00Z,Levante,Athletic Club,4,Asian Handicap,0,2.35,1.58,0.40203562,0.59796438,FROZEN,API-Football Bet365 first complete full-time Asian Handicap line 0 pair captured prospectively
1570386,La Liga,140,2026-09-13T18:41:20Z,2026-09-17T17:00:00Z,Real Betis,Getafe,4,Asian Handicap,0,1.3,3.45,0.72631579,0.27368421,FROZEN,API-Football Bet365 first complete full-time Asian Handicap line 0 pair captured prospectively
1550136,Serie A,135,2026-09-13T18:41:20Z,2026-09-19T18:45:00Z,Venezia,Lazio,4,Asian Handicap,0,2.42,1.52,0.38578680,0.61421320,FROZEN,API-Football Bet365 first complete full-time Asian Handicap line 0 pair captured prospectively
1550130,Serie A,135,2026-09-13T18:41:20Z,2026-09-20T10:30:00Z,Fiorentina,Napoli,4,Asian Handicap,0,2.35,1.58,0.40203562,0.59796438,FROZEN,API-Football Bet365 first complete full-time Asian Handicap line 0 pair captured prospectively
1575175,Bundesliga,78,2026-09-13T18:41:20Z,2026-09-20T17:30:00Z,SC Paderborn 07,1899 Hoffenheim,4,Asian Handicap,0,3.3,1.32,0.28571429,0.71428571,FROZEN,API-Football Bet365 first complete full-time Asian Handicap line 0 pair captured prospectively
1552770,Ligue 1,61,2026-09-13T18:41:20Z,2026-09-20T15:15:00Z,Nice,Lille,4,Asian Handicap,0,2.6,1.48,0.36274510,0.63725490,FROZEN,API-Football Bet365 first complete full-time Asian Handicap line 0 pair captured prospectively
1552773,Ligue 1,61,2026-09-13T18:41:20Z,2026-09-20T18:45:00Z,Marseille,Paris Saint Germain,4,Asian Handicap,0,4.15,1.22,0.22718808,0.77281192,FROZEN,API-Football Bet365 first complete full-time Asian Handicap line 0 pair captured prospectively
1552179,Eredivisie,88,2026-09-13T18:41:20Z,2026-09-20T12:30:00Z,Twente,PSV Eindhoven,4,Asian Handicap,0,2.3,1.6,0.41025641,0.58974359,FROZEN,API-Football Bet365 first complete full-time Asian Handicap line 0 pair captured prospectively
1552178,Eredivisie,88,2026-09-13T18:41:20Z,2026-09-20T14:45:00Z,NEC Nijmegen,GO Ahead Eagles,4,Asian Handicap,0,1.35,3.1,0.69662921,0.30337079,FROZEN,API-Football Bet365 first complete full-time Asian Handicap line 0 pair captured prospectively
1570390,La Liga,140,2026-09-14T06:46:41Z,2026-09-17T19:30:00Z,Malaga,Villarreal,4,Asian Handicap,0,2.75,1.42,0.34052758,0.65947242,FROZEN,API-Football Bet365 first complete full-time Asian Handicap line 0 pair captured prospectively
1550131,Serie A,135,2026-09-14T06:46:41Z,2026-09-20T13:00:00Z,Frosinone,Como,4,Asian Handicap,0,4.25,1.21,0.22161172,0.77838828,FROZEN,API-Football Bet365 first complete full-time Asian Handicap line 0 pair captured prospectively
1553125,Ekstraklasa,106,2026-09-14T06:46:41Z,2026-09-15T16:00:00Z,Raków Częstochowa,Zaglebie Lubin,4,Asian Handicap,0,1.38,3.0,0.68493151,0.31506849,FROZEN,API-Football Bet365 first complete full-time Asian Handicap line 0 pair captured prospectively
1550134,Serie A,135,2026-09-14T18:45:04Z,2026-09-20T13:00:00Z,Parma,Genoa,4,Asian Handicap,0,2.15,1.68,0.43864230,0.56135770,FROZEN,API-Football Bet365 first complete full-time Asian Handicap line 0 pair captured prospectively
1550132,Serie A,135,2026-09-14T18:45:04Z,2026-09-20T16:00:00Z,Juventus,Atalanta,4,Asian Handicap,0,1.27,3.55,0.73651452,0.26348548,FROZEN,API-Football Bet365 first complete full-time Asian Handicap line 0 pair captured prospectively
1549024,Danish Superliga,119,2026-09-14T18:45:04Z,2026-09-18T17:00:00Z,Lyngby,Silkeborg,4,Asian Handicap,0,1.35,3.1,0.69662921,0.30337079,FROZEN,API-Football Bet365 first complete full-time Asian Handicap line 0 pair captured prospectively
1549022,Danish Superliga,119,2026-09-14T18:45:04Z,2026-09-20T12:00:00Z,Brondby,FC Copenhagen,4,Asian Handicap,0,1.98,1.82,0.47894737,0.52105263,FROZEN,API-Football Bet365 first complete full-time Asian Handicap line 0 pair captured prospectively
1549027,Danish Superliga,119,2026-09-14T18:45:04Z,2026-09-20T16:00:00Z,Viborg,FC Nordsjaelland,4,Asian Handicap,0,2.02,1.78,0.46842105,0.53157895,FROZEN,API-Football Bet365 first complete full-time Asian Handicap line 0 pair captured prospectively
1515889,Virsliga,365,2026-09-14T18:45:04Z,2026-09-15T16:00:00Z,Super Nova,Riga,4,Asian Handicap,0,7.0,1.1,0.13580247,0.86419753,FROZEN,API-Football Bet365 first complete full-time Asian Handicap line 0 pair captured prospectively
1575504,Primeira Liga,94,2026-09-14T18:45:04Z,2026-09-19T14:30:00Z,GIL Vicente,Maritimo,4,Asian Handicap,0,1.55,2.38,0.60559796,0.39440204,FROZEN,API-Football Bet365 first complete full-time Asian Handicap line 0 pair captured prospectively
1575500,Primeira Liga,94,2026-09-14T18:45:04Z,2026-09-19T17:00:00Z,Alverca,Rio Ave,4,Asian Handicap,0,1.38,3.0,0.68493151,0.31506849,FROZEN,API-Football Bet365 first complete full-time Asian Handicap line 0 pair captured prospectively
1584414,Super Lig,203,2026-09-14T18:45:04Z,2026-09-19T14:00:00Z,Çorum FK,Alanyaspor,4,Asian Handicap,0,1.5,2.5,0.62500000,0.37500000,FROZEN,API-Football Bet365 first complete full-time Asian Handicap line 0 pair captured prospectively
1584420,Super Lig,203,2026-09-14T18:45:04Z,2026-09-19T17:00:00Z,Trabzonspor,Galatasaray,4,Asian Handicap,0,2.3,1.6,0.41025641,0.58974359,FROZEN,API-Football Bet365 first complete full-time Asian Handicap line 0 pair captured prospectively
1557411,Premier League,39,2026-09-15T00:45:52Z,2026-09-20T15:30:00Z,Fulham,Manchester United,4,Asian Handicap,0,2.6,1.48,0.36274510,0.63725490,FROZEN,API-Football Bet365 first complete full-time Asian Handicap line 0 pair captured prospectively
1570397,La Liga,140,2026-09-15T00:45:52Z,2026-09-18T19:00:00Z,Espanyol,Elche,4,Asian Handicap,0,1.35,3.1,0.69662921,0.30337079,FROZEN,API-Football Bet365 first complete full-time Asian Handicap line 0 pair captured prospectively
1550127,Serie A,135,2026-09-15T00:45:52Z,2026-09-20T18:45:00Z,AC Milan,Lecce,4,Asian Handicap,0,1.1,6.8,0.86075949,0.13924051,FROZEN,API-Football Bet365 first complete full-time Asian Handicap line 0 pair captured prospectively
1549023,Danish Superliga,119,2026-09-15T00:45:52Z,2026-09-20T14:00:00Z,AC Horsens,Aarhus,4,Asian Handicap,0,2.75,1.42,0.34052758,0.65947242,FROZEN,API-Football Bet365 first complete full-time Asian Handicap line 0 pair captured prospectively
1575505,Primeira Liga,94,2026-09-15T00:45:52Z,2026-09-19T14:30:00Z,Nacional,Famalicao,4,Asian Handicap,0,2.75,1.42,0.34052758,0.65947242,FROZEN,API-Football Bet365 first complete full-time Asian Handicap line 0 pair captured prospectively
1575506,Primeira Liga,94,2026-09-15T00:45:52Z,2026-09-20T17:00:00Z,Santa Clara,SC Braga,4,Asian Handicap,0,2.42,1.52,0.38578680,0.61421320,FROZEN,API-Football Bet365 first complete full-time Asian Handicap line 0 pair captured prospectively
1575501,Primeira Liga,94,2026-09-15T00:45:52Z,2026-09-20T17:00:00Z,Estoril,Casa Pia,4,Asian Handicap,0,1.3,3.45,0.72631579,0.27368421,FROZEN,API-Football Bet365 first complete full-time Asian Handicap line 0 pair captured prospectively
1575503,Primeira Liga,94,2026-09-15T00:45:52Z,2026-09-20T19:30:00Z,FC Porto,Benfica,4,Asian Handicap,0,1.98,1.88,0.48704663,0.51295337,FROZEN,API-Football Bet365 first complete full-time Asian Handicap line 0 pair captured prospectively
1584418,Super Lig,203,2026-09-15T00:45:52Z,2026-09-18T17:00:00Z,Kasımpaşa,Konyaspor,4,Asian Handicap,0,1.68,2.15,0.56135770,0.43864230,FROZEN,API-Football Bet365 first complete full-time Asian Handicap line 0 pair captured prospectively
1584419,Super Lig,203,2026-09-15T00:45:52Z,2026-09-19T14:00:00Z,Kocaelispor,Gaziantep FK,4,Asian Handicap,0,1.55,2.38,0.60559796,0.39440204,FROZEN,API-Football Bet365 first complete full-time Asian Handicap line 0 pair captured prospectively
1584413,Super Lig,203,2026-09-15T00:45:52Z,2026-09-19T17:00:00Z,Başakşehir,Gençlerbirliği S.K.,4,Asian Handicap,0,1.21,4.25,0.77838828,0.22161172,FROZEN,API-Football Bet365 first complete full-time Asian Handicap line 0 pair captured prospectively
1584415,Super Lig,203,2026-09-15T00:45:52Z,2026-09-20T14:00:00Z,Erzurumspor FK,Samsunspor,4,Asian Handicap,0,1.9,1.9,0.50000000,0.50000000,FROZEN,API-Football Bet365 first complete full-time Asian Handicap line 0 pair captured prospectively
1584412,Super Lig,203,2026-09-15T00:45:52Z,2026-09-20T17:00:00Z,Amed,Beşiktaş,4,Asian Handicap,0,3.0,1.38,0.31506849,0.68493151,FROZEN,API-Football Bet365 first complete full-time Asian Handicap line 0 pair captured prospectively
1558635,Belgian Pro League,144,2026-09-15T06:46:03Z,2026-09-18T18:45:00Z,Gent,Standard Liege,4,Asian Handicap,0,1.38,3.0,0.68493151,0.31506849,FROZEN,API-Football Bet365 first complete full-time Asian Handicap line 0 pair captured prospectively
1558636,Belgian Pro League,144,2026-09-15T06:46:03Z,2026-09-19T14:00:00Z,OH Leuven,RAAL La Louvière,4,Asian Handicap,0,1.5,2.5,0.62500000,0.37500000,FROZEN,API-Football Bet365 first complete full-time Asian Handicap line 0 pair captured prospectively
1558637,Belgian Pro League,144,2026-09-15T06:46:03Z,2026-09-19T16:15:00Z,Charleroi,Cercle Brugge,4,Asian Handicap,0,1.32,3.3,0.71428571,0.28571429,FROZEN,API-Football Bet365 first complete full-time Asian Handicap line 0 pair captured prospectively
1558639,Belgian Pro League,144,2026-09-15T06:46:03Z,2026-09-19T18:45:00Z,Lommel United,KV Mechelen,4,Asian Handicap,0,1.92,1.88,0.49473684,0.50526316,FROZEN,API-Football Bet365 first complete full-time Asian Handicap line 0 pair captured prospectively
1558638,Belgian Pro League,144,2026-09-15T06:46:03Z,2026-09-19T18:45:00Z,Anderlecht,Zulte Waregem,4,Asian Handicap,0,1.32,3.3,0.71428571,0.28571429,FROZEN,API-Football Bet365 first complete full-time Asian Handicap line 0 pair captured prospectively
1549025,Danish Superliga,119,2026-09-15T06:46:03Z,2026-09-19T16:00:00Z,Odense,FC Midtjylland,4,Asian Handicap,0,2.85,1.4,0.32941176,0.67058824,FROZEN,API-Football Bet365 first complete full-time Asian Handicap line 0 pair captured prospectively
1549026,Danish Superliga,119,2026-09-15T06:46:03Z,2026-09-20T12:00:00Z,Sonderjyske,Randers FC,4,Asian Handicap,0,2.08,1.72,0.45263158,0.54736842,FROZEN,API-Football Bet365 first complete full-time Asian Handicap line 0 pair captured prospectively
1570399,La Liga,140,2026-09-15T18:43:14Z,2026-09-19T12:00:00Z,Osasuna,Rayo Vallecano,4,Asian Handicap,0,1.62,2.25,0.58139535,0.41860465,FROZEN,API-Football Bet365 first complete full-time Asian Handicap line 0 pair captured prospectively
1570393,La Liga,140,2026-09-15T18:43:14Z,2026-09-19T14:15:00Z,Athletic Club,Alaves,4,Asian Handicap,0,1.24,3.9,0.75875486,0.24124514,FROZEN,API-Football Bet365 first complete full-time Asian Handicap line 0 pair captured prospectively
1547599,A Lyga,362,2026-09-15T18:43:14Z,2026-09-16T15:45:00Z,FK Zalgiris Vilnius,Kauno Žalgiris,4,Asian Handicap,0,2.1,1.7,0.44736842,0.55263158,FROZEN,API-Football Bet365 first complete full-time Asian Handicap line 0 pair captured prospectively
1515898,Virsliga,365,2026-09-15T18:43:14Z,2026-09-16T16:00:00Z,Auda,Ogre United,4,Asian Handicap,0,1.16,5.25,0.81903276,0.18096724,FROZEN,API-Football Bet365 first complete full-time Asian Handicap line 0 pair captured prospectively
1553179,Ekstraklasa,106,2026-09-15T18:43:14Z,2026-09-18T16:00:00Z,Widzew Łódź,Wieczysta Kraków,4,Asian Handicap,0,1.32,3.3,0.71428571,0.28571429,FROZEN,API-Football Bet365 first complete full-time Asian Handicap line 0 pair captured prospectively
1553173,Ekstraklasa,106,2026-09-15T18:43:14Z,2026-09-19T15:30:00Z,GKS Katowice,Cracovia Krakow,4,Asian Handicap,0,1.65,2.2,0.57142857,0.42857143,FROZEN,API-Football Bet365 first complete full-time Asian Handicap line 0 pair captured prospectively
1553178,Ekstraklasa,106,2026-09-15T18:43:14Z,2026-09-20T10:15:00Z,Piast Gliwice,Pogon Szczecin,4,Asian Handicap,0,1.7,2.1,0.55263158,0.44736842,FROZEN,API-Football Bet365 first complete full-time Asian Handicap line 0 pair captured prospectively
1570395,La Liga,140,2026-09-16T00:44:23Z,2026-09-19T16:30:00Z,Celta Vigo,Racing Santander,4,Asian Handicap,0,1.38,3.0,0.68493151,0.31506849,FROZEN,API-Football Bet365 first complete full-time Asian Handicap line 0 pair captured prospectively
1553180,Ekstraklasa,106,2026-09-16T00:44:23Z,2026-09-18T18:30:00Z,Wisla Krakow,Slask Wroclaw,4,Asian Handicap,0,1.3,3.45,0.72631579,0.27368421,FROZEN,API-Football Bet365 first complete full-time Asian Handicap line 0 pair captured prospectively
1558640,Belgian Pro League,144,2026-09-16T06:45:17Z,2026-09-20T11:30:00Z,Antwerp,Union St. Gilloise,4,Asian Handicap,0,3.7,1.26,0.25403226,0.74596774,FROZEN,API-Football Bet365 first complete full-time Asian Handicap line 0 pair captured prospectively
1558641,Belgian Pro League,144,2026-09-16T06:45:17Z,2026-09-20T14:00:00Z,St. Truiden,KVC Westerlo,4,Asian Handicap,0,1.3,3.45,0.72631579,0.27368421,FROZEN,API-Football Bet365 first complete full-time Asian Handicap line 0 pair captured prospectively
1558642,Belgian Pro League,144,2026-09-16T06:45:17Z,2026-09-20T16:30:00Z,Club Brugge KV,Genk,4,Asian Handicap,0,1.18,4.65,0.79759863,0.20240137,FROZEN,API-Football Bet365 first complete full-time Asian Handicap line 0 pair captured prospectively
1558643,Belgian Pro League,144,2026-09-16T06:45:17Z,2026-09-20T17:15:00Z,Kortrijk,SK Beveren,4,Asian Handicap,0,1.92,1.88,0.49473684,0.50526316,FROZEN,API-Football Bet365 first complete full-time Asian Handicap line 0 pair captured prospectively
1494768,Eliteserien,103,2026-09-16T06:45:17Z,2026-09-18T17:00:00Z,Sarpsborg 08 FF,KFUM Oslo,4,Asian Handicap,0,1.26,3.7,0.74596774,0.25403226,FROZEN,API-Football Bet365 first complete full-time Asian Handicap line 0 pair captured prospectively
1494765,Eliteserien,103,2026-09-16T06:45:17Z,2026-09-19T14:00:00Z,Kristiansund BK,Rosenborg,4,Asian Handicap,0,4.15,1.22,0.22718808,0.77281192,FROZEN,API-Football Bet365 first complete full-time Asian Handicap line 0 pair captured prospectively
1494766,Eliteserien,103,2026-09-16T06:45:17Z,2026-09-19T16:00:00Z,Molde,Aalesund,4,Asian Handicap,0,1.13,5.9,0.83926031,0.16073969,FROZEN,API-Football Bet365 first complete full-time Asian Handicap line 0 pair captured prospectively
1494770,Eliteserien,103,2026-09-16T06:45:17Z,2026-09-20T12:30:00Z,Valerenga,Fredrikstad,4,Asian Handicap,0,1.4,2.85,0.67058824,0.32941176,FROZEN,API-Football Bet365 first complete full-time Asian Handicap line 0 pair captured prospectively
1494769,Eliteserien,103,2026-09-16T06:45:17Z,2026-09-20T15:00:00Z,Tromso,Ham-Kam,4,Asian Handicap,0,1.19,4.5,0.79086116,0.20913884,FROZEN,API-Football Bet365 first complete full-time Asian Handicap line 0 pair captured prospectively
1494767,Eliteserien,103,2026-09-16T06:45:17Z,2026-09-20T15:00:00Z,Sandefjord,Start,4,Asian Handicap,0,1.55,2.38,0.60559796,0.39440204,FROZEN,API-Football Bet365 first complete full-time Asian Handicap line 0 pair captured prospectively
1494771,Eliteserien,103,2026-09-16T06:45:17Z,2026-09-20T15:00:00Z,Viking,Lillestrom,4,Asian Handicap,0,1.15,5.5,0.82706767,0.17293233,FROZEN,API-Football Bet365 first complete full-time Asian Handicap line 0 pair captured prospectively
1494764,Eliteserien,103,2026-09-16T06:45:17Z,2026-09-20T17:15:00Z,Brann,Bodo/Glimt,4,Asian Handicap,0,3.45,1.3,0.27368421,0.72631579,FROZEN,API-Football Bet365 first complete full-time Asian Handicap line 0 pair captured prospectively
1553175,Ekstraklasa,106,2026-09-16T06:45:17Z,2026-09-19T12:45:00Z,Korona Kielce,Raków Częstochowa,4,Asian Handicap,0,1.55,2.38,0.60559796,0.39440204,FROZEN,API-Football Bet365 first complete full-time Asian Handicap line 0 pair captured prospectively
1553177,Ekstraklasa,106,2026-09-16T06:45:17Z,2026-09-19T18:15:00Z,Motor Lublin,Gornik Zabrze,4,Asian Handicap,0,2.6,1.48,0.36274510,0.63725490,FROZEN,API-Football Bet365 first complete full-time Asian Handicap line 0 pair captured prospectively
1553181,Ekstraklasa,106,2026-09-16T06:45:17Z,2026-09-20T12:45:00Z,Zaglebie Lubin,Wisla Plock,4,Asian Handicap,0,1.68,2.15,0.56135770,0.43864230,FROZEN,API-Football Bet365 first complete full-time Asian Handicap line 0 pair captured prospectively
1553174,Ekstraklasa,106,2026-09-16T06:45:17Z,2026-09-20T15:30:00Z,Jagiellonia,Legia Warszawa,4,Asian Handicap,0,2.2,1.65,0.42857143,0.57142857,FROZEN,API-Football Bet365 first complete full-time Asian Handicap line 0 pair captured prospectively
1575508,Primeira Liga,94,2026-09-16T06:45:17Z,2026-09-20T14:30:00Z,Vitória SC,Moreirense,4,Asian Handicap,0,1.18,4.8,0.80267559,0.19732441,FROZEN,API-Football Bet365 first complete full-time Asian Handicap line 0 pair captured prospectively
1575502,Primeira Liga,94,2026-09-16T06:45:17Z,2026-09-20T14:30:00Z,Estrela,Academico Viseu,4,Asian Handicap,0,1.52,2.42,0.61421320,0.38578680,FROZEN,API-Football Bet365 first complete full-time Asian Handicap line 0 pair captured prospectively
1570400,La Liga,140,2026-09-16T18:44:18Z,2026-09-19T19:00:00Z,Sevilla,Barcelona,4,Asian Handicap,0,6.25,1.12,0.15196744,0.84803256,FROZEN,API-Football Bet365 first complete full-time Asian Handicap line 0 pair captured prospectively
1570398,La Liga,140,2026-09-16T18:44:18Z,2026-09-20T12:00:00Z,Getafe,Malaga,4,Asian Handicap,0,1.48,2.6,0.63725490,0.36274510,FROZEN,API-Football Bet365 first complete full-time Asian Handicap line 0 pair captured prospectively
1570394,La Liga,140,2026-09-17T00:44:42Z,2026-09-20T14:15:00Z,Atletico Madrid,Real Madrid,4,Asian Handicap,0,2.75,1.42,0.34052758,0.65947242,FROZEN,API-Football Bet365 first complete full-time Asian Handicap line 0 pair captured prospectively
1570402,La Liga,140,2026-09-17T00:44:42Z,2026-09-20T16:30:00Z,Villarreal,Levante,4,Asian Handicap,0,1.23,4.0,0.76481836,0.23518164,FROZEN,API-Football Bet365 first complete full-time Asian Handicap line 0 pair captured prospectively
1570396,La Liga,140,2026-09-17T18:43:35Z,2026-09-20T16:30:00Z,Deportivo La Coruna,Real Betis,4,Asian Handicap,0,2.1,1.7,0.44736842,0.55263158,FROZEN,API-Football Bet365 first complete full-time Asian Handicap line 0 pair captured prospectively
1570401,La Liga,140,2026-09-18T00:43:39Z,2026-09-20T19:00:00Z,Valencia,Real Sociedad,4,Asian Handicap,0,1.98,1.88,0.48704663,0.51295337,FROZEN,API-Football Bet365 first complete full-time Asian Handicap line 0 pair captured prospectively
1547635,A Lyga,362,2026-09-18T18:41:34Z,2026-09-19T11:15:00Z,Banga,Džiugas Telšiai,4,Asian Handicap,0,1.38,3.0,0.68493151,0.31506849,FROZEN,API-Football Bet365 first complete full-time Asian Handicap line 0 pair captured prospectively
1547590,A Lyga,362,2026-09-18T18:41:34Z,2026-09-20T13:00:00Z,Šiauliai,Kauno Žalgiris,4,Asian Handicap,0,5.5,1.15,0.17293233,0.82706767,FROZEN,API-Football Bet365 first complete full-time Asian Handicap line 0 pair captured prospectively
1553176,Ekstraklasa,106,2026-09-18T18:41:34Z,2026-09-20T18:15:00Z,Lech Poznan,Radomiak Radom,4,Asian Handicap,0,1.1,7.0,0.86419753,0.13580247,FROZEN,API-Football Bet365 first complete full-time Asian Handicap line 0 pair captured prospectively
1547636,A Lyga,362,2026-09-19T00:43:06Z,2026-09-19T16:30:00Z,TransINVEST Vilnius,FK Zalgiris Vilnius,4,Asian Handicap,0,2.15,1.68,0.43864230,0.56135770,FROZEN,API-Football Bet365 first complete full-time Asian Handicap line 0 pair captured prospectively
1515925,Virsliga,365,2026-09-19T00:43:06Z,2026-09-19T11:00:00Z,FK Liepaja,BFC Daugavpils,4,Asian Handicap,0,1.42,2.75,0.65947242,0.34052758,FROZEN,API-Football Bet365 first complete full-time Asian Handicap line 0 pair captured prospectively
1515926,Virsliga,365,2026-09-19T00:43:06Z,2026-09-19T13:00:00Z,FS Jelgava,Riga,4,Asian Handicap,0,4.65,1.18,0.20240137,0.79759863,FROZEN,API-Football Bet365 first complete full-time Asian Handicap line 0 pair captured prospectively
1547637,A Lyga,362,2026-09-19T06:42:46Z,2026-09-20T11:15:00Z,Hegelmann Litauen,Suduva Marijampole,4,Asian Handicap,0,3.55,1.27,0.26348548,0.73651452,FROZEN,API-Football Bet365 first complete full-time Asian Handicap line 0 pair captured prospectively
1557413,Premier League,39,2026-09-19T18:40:26Z,2026-09-20T13:00:00Z,Manchester City,Sunderland,4,Asian Handicap,0,1.1,6.8,0.86075949,0.13924051,FROZEN,API-Football Bet365 first complete full-time Asian Handicap line 0 pair captured prospectively
1515927,Virsliga,365,2026-09-19T18:40:26Z,2026-09-20T11:00:00Z,Ogre United,Super Nova,4,Asian Handicap,0,2.25,1.62,0.41860465,0.58139535,FROZEN,API-Football Bet365 first complete full-time Asian Handicap line 0 pair captured prospectively
1515928,Virsliga,365,2026-09-19T18:40:26Z,2026-09-20T13:00:00Z,Tukums,Grobiņa,4,Asian Handicap,0,1.8,2.0,0.52631579,0.47368421,FROZEN,API-Football Bet365 first complete full-time Asian Handicap line 0 pair captured prospectively
1515924,Virsliga,365,2026-09-20T00:44:15Z,2026-09-20T15:00:00Z,Auda,Rīgas FS,4,Asian Handicap,0,3.45,1.3,0.27368421,0.72631579,FROZEN,API-Football Bet365 first complete full-time Asian Handicap line 0 pair captured prospectively
1584417,Super Lig,203,2026-09-20T12:43:09Z,2026-09-20T17:00:00Z,Göztepe,Rizespor,4,Asian Handicap,0,1.8,2.0,0.52631579,0.47368421,FROZEN,API-Football Bet365 first complete full-time Asian Handicap line 0 pair captured prospectively
1575176,Bundesliga,78,2026-09-25T18:42:43Z,2026-10-09T18:30:00Z,Borussia Dortmund,Werder Bremen,4,Asian Handicap,0,1.14,5.75,0.83454282,0.16545718,FROZEN,API-Football Bet365 first complete full-time Asian Handicap line 0 pair captured prospectively
1570408,La Liga,140,2026-09-26T00:44:43Z,2026-10-09T19:00:00Z,Malaga,Espanyol,4,Asian Handicap,0,1.68,2.15,0.56135770,0.43864230,FROZEN,API-Football Bet365 first complete full-time Asian Handicap line 0 pair captured prospectively
1552775,Ligue 1,61,2026-09-26T00:44:43Z,2026-10-09T18:45:00Z,Lens,Lyon,4,Asian Handicap,0,1.62,2.25,0.58139535,0.41860465,FROZEN,API-Football Bet365 first complete full-time Asian Handicap line 0 pair captured prospectively
1557417,Premier League,39,2026-09-26T12:44:29Z,2026-10-10T11:30:00Z,Arsenal,Leeds,4,Asian Handicap,0,1.1,6.8,0.86075949,0.13924051,FROZEN,API-Football Bet365 first complete full-time Asian Handicap line 0 pair captured prospectively
1570410,La Liga,140,2026-09-26T12:44:29Z,2026-10-10T12:00:00Z,Rayo Vallecano,Athletic Club,4,Asian Handicap,0,2.15,1.68,0.43864230,0.56135770,FROZEN,API-Football Bet365 first complete full-time Asian Handicap line 0 pair captured prospectively
