competition_role,country,slot,provider_competition_id,competition_name,season,provider_season_available,status,attempt_count,last_attempt_at_utc,provider_fixture_rows,error
DOMESTIC_LEAGUE,Austria,LEAGUE,218,Bundesliga,2017,true,CAPTURED,1,2026-09-19T07:52:06Z,180,
DOMESTIC_LEAGUE,Austria,LEAGUE,218,Bundesliga,2018,true,CAPTURED,1,2026-09-19T07:52:07Z,195,
DOMESTIC_LEAGUE,Austria,LEAGUE,218,Bundesliga,2019,true,CAPTURED,1,2026-09-19T07:52:09Z,195,
DOMESTIC_LEAGUE,Austria,LEAGUE,218,Bundesliga,2020,true,CAPTURED,1,2026-09-19T07:52:11Z,197,
DOMESTIC_LEAGUE,Austria,LEAGUE,218,Bundesliga,2021,true,CAPTURED,1,2026-09-19T07:52:12Z,195,
DOMESTIC_LEAGUE,Austria,LEAGUE,218,Bundesliga,2022,true,CAPTURED,1,2026-09-19T07:52:14Z,195,
DOMESTIC_LEAGUE,Austria,LEAGUE,218,Bundesliga,2023,true,CAPTURED,1,2026-09-19T07:52:15Z,195,
DOMESTIC_LEAGUE,Austria,LEAGUE,218,Bundesliga,2024,true,CAPTURED,1,2026-09-19T07:52:17Z,195,
DOMESTIC_LEAGUE,Austria,LEAGUE,218,Bundesliga,2025,true,CAPTURED,1,2026-09-19T07:52:19Z,195,
DOMESTIC_LEAGUE,Belgium,LEAGUE,144,Jupiler Pro League,2017,true,CAPTURED,1,2026-09-19T07:52:21Z,270,
DOMESTIC_LEAGUE,Belgium,LEAGUE,144,Jupiler Pro League,2018,true,CAPTURED,1,2026-09-19T07:52:23Z,270,
DOMESTIC_LEAGUE,Belgium,LEAGUE,144,Jupiler Pro League,2019,true,CAPTURED,1,2026-09-19T07:52:25Z,240,
DOMESTIC_LEAGUE,Belgium,LEAGUE,144,Jupiler Pro League,2020,true,CAPTURED,1,2026-09-19T07:52:26Z,332,
DOMESTIC_LEAGUE,Belgium,LEAGUE,144,Jupiler Pro League,2021,true,CAPTURED,1,2026-09-19T07:52:28Z,333,
DOMESTIC_LEAGUE,Belgium,LEAGUE,144,Jupiler Pro League,2022,true,CAPTURED,1,2026-09-19T07:52:30Z,330,
DOMESTIC_LEAGUE,Belgium,LEAGUE,144,Jupiler Pro League,2023,true,CAPTURED,1,2026-09-19T07:52:32Z,315,
DOMESTIC_LEAGUE,Belgium,LEAGUE,144,Jupiler Pro League,2024,true,CAPTURED,1,2026-09-19T07:52:34Z,315,
DOMESTIC_LEAGUE,Belgium,LEAGUE,144,Jupiler Pro League,2025,true,CAPTURED,1,2026-09-19T07:52:35Z,321,
DOMESTIC_LEAGUE,Denmark,LEAGUE,119,Superliga,2017,true,CAPTURED,1,2026-09-19T07:52:37Z,243,
DOMESTIC_LEAGUE,Denmark,LEAGUE,119,Superliga,2018,true,CAPTURED,1,2026-09-19T07:52:39Z,243,
DOMESTIC_LEAGUE,Denmark,LEAGUE,119,Superliga,2019,true,CAPTURED,1,2026-09-19T07:52:40Z,243,
DOMESTIC_LEAGUE,Denmark,LEAGUE,119,Superliga,2020,true,CAPTURED,1,2026-09-19T07:52:42Z,193,
DOMESTIC_LEAGUE,Denmark,LEAGUE,119,Superliga,2021,true,CAPTURED,1,2026-09-19T07:52:44Z,193,
DOMESTIC_LEAGUE,Denmark,LEAGUE,119,Superliga,2022,true,CAPTURED,1,2026-09-19T07:52:46Z,193,
DOMESTIC_LEAGUE,Denmark,LEAGUE,119,Superliga,2023,true,CAPTURED,1,2026-09-19T07:52:47Z,193,
DOMESTIC_LEAGUE,Denmark,LEAGUE,119,Superliga,2024,true,CAPTURED,1,2026-09-19T07:52:49Z,193,
DOMESTIC_LEAGUE,Denmark,LEAGUE,119,Superliga,2025,true,CAPTURED,1,2026-09-19T07:52:50Z,193,
DOMESTIC_LEAGUE,England,LEAGUE,39,Premier League,2017,true,CAPTURED,1,2026-09-19T07:52:52Z,380,
DOMESTIC_LEAGUE,England,LEAGUE,39,Premier League,2018,true,CAPTURED,1,2026-09-19T07:52:54Z,380,
DOMESTIC_LEAGUE,England,LEAGUE,39,Premier League,2019,true,CAPTURED,1,2026-09-19T07:52:55Z,380,
DOMESTIC_LEAGUE,England,LEAGUE,39,Premier League,2020,true,CAPTURED,1,2026-09-19T07:52:57Z,380,
DOMESTIC_LEAGUE,England,LEAGUE,39,Premier League,2021,true,CAPTURED,1,2026-09-19T07:52:58Z,380,
DOMESTIC_LEAGUE,England,LEAGUE,39,Premier League,2022,true,CAPTURED,1,2026-09-19T07:52:59Z,380,
DOMESTIC_LEAGUE,England,LEAGUE,39,Premier League,2023,true,CAPTURED,1,2026-09-19T07:53:00Z,380,
DOMESTIC_LEAGUE,England,LEAGUE,39,Premier League,2024,true,CAPTURED,1,2026-09-19T07:53:01Z,380,
DOMESTIC_LEAGUE,England,LEAGUE,39,Premier League,2025,true,CAPTURED,1,2026-09-19T07:53:03Z,380,
DOMESTIC_LEAGUE,France,LEAGUE,61,Ligue 1,2017,true,CAPTURED,1,2026-09-19T07:53:04Z,380,
DOMESTIC_LEAGUE,France,LEAGUE,61,Ligue 1,2018,true,CAPTURED,1,2026-09-19T07:53:05Z,380,
DOMESTIC_LEAGUE,France,LEAGUE,61,Ligue 1,2019,true,CAPTURED,1,2026-09-19T07:53:07Z,380,
DOMESTIC_LEAGUE,France,LEAGUE,61,Ligue 1,2020,true,CAPTURED,1,2026-09-19T07:53:08Z,382,
DOMESTIC_LEAGUE,France,LEAGUE,61,Ligue 1,2021,true,CAPTURED,1,2026-09-19T07:53:09Z,382,
DOMESTIC_LEAGUE,France,LEAGUE,61,Ligue 1,2022,true,CAPTURED,1,2026-09-19T07:53:10Z,380,
DOMESTIC_LEAGUE,France,LEAGUE,61,Ligue 1,2023,true,CAPTURED,1,2026-09-19T07:53:11Z,308,
DOMESTIC_LEAGUE,France,LEAGUE,61,Ligue 1,2024,true,CAPTURED,1,2026-09-19T07:53:12Z,308,
DOMESTIC_LEAGUE,France,LEAGUE,61,Ligue 1,2025,true,CAPTURED,1,2026-09-19T07:53:14Z,308,
DOMESTIC_LEAGUE,Germany,LEAGUE,78,Bundesliga,2017,true,CAPTURED,1,2026-09-19T07:53:15Z,306,
DOMESTIC_LEAGUE,Germany,LEAGUE,78,Bundesliga,2018,true,CAPTURED,1,2026-09-19T07:53:16Z,308,
DOMESTIC_LEAGUE,Germany,LEAGUE,78,Bundesliga,2019,true,CAPTURED,1,2026-09-19T07:53:17Z,308,
DOMESTIC_LEAGUE,Germany,LEAGUE,78,Bundesliga,2020,true,CAPTURED,1,2026-09-19T07:53:19Z,308,
DOMESTIC_LEAGUE,Germany,LEAGUE,78,Bundesliga,2021,true,CAPTURED,1,2026-09-19T07:53:20Z,308,
DOMESTIC_LEAGUE,Germany,LEAGUE,78,Bundesliga,2022,true,CAPTURED,1,2026-09-19T07:53:21Z,308,
DOMESTIC_LEAGUE,Germany,LEAGUE,78,Bundesliga,2023,true,CAPTURED,1,2026-09-19T07:53:22Z,308,
DOMESTIC_LEAGUE,Germany,LEAGUE,78,Bundesliga,2024,true,CAPTURED,1,2026-09-19T07:53:23Z,308,
DOMESTIC_LEAGUE,Germany,LEAGUE,78,Bundesliga,2025,true,CAPTURED,1,2026-09-19T07:53:25Z,308,
DOMESTIC_LEAGUE,Italy,LEAGUE,135,Serie A,2017,true,CAPTURED,1,2026-09-19T07:53:26Z,380,
DOMESTIC_LEAGUE,Italy,LEAGUE,135,Serie A,2018,true,CAPTURED,1,2026-09-19T07:53:27Z,380,
DOMESTIC_LEAGUE,Italy,LEAGUE,135,Serie A,2019,true,CAPTURED,1,2026-09-19T07:53:29Z,380,
DOMESTIC_LEAGUE,Italy,LEAGUE,135,Serie A,2020,true,CAPTURED,1,2026-09-19T07:53:30Z,380,
DOMESTIC_LEAGUE,Italy,LEAGUE,135,Serie A,2021,true,CAPTURED,1,2026-09-19T07:53:31Z,380,
DOMESTIC_LEAGUE,Italy,LEAGUE,135,Serie A,2022,true,CAPTURED,1,2026-09-19T07:53:32Z,381,
DOMESTIC_LEAGUE,Italy,LEAGUE,135,Serie A,2023,true,CAPTURED,1,2026-09-19T07:53:34Z,380,
DOMESTIC_LEAGUE,Italy,LEAGUE,135,Serie A,2024,true,CAPTURED,1,2026-09-19T07:53:35Z,380,
DOMESTIC_LEAGUE,Italy,LEAGUE,135,Serie A,2025,true,CAPTURED,1,2026-09-19T07:53:36Z,380,
DOMESTIC_LEAGUE,Latvia,LEAGUE,365,Virsliga,2017,true,CAPTURED,1,2026-09-19T07:53:37Z,112,
DOMESTIC_LEAGUE,Latvia,LEAGUE,365,Virsliga,2018,true,CAPTURED,1,2026-09-19T07:53:39Z,112,
DOMESTIC_LEAGUE,Latvia,LEAGUE,365,Virsliga,2019,true,CAPTURED,1,2026-09-19T07:53:41Z,144,
DOMESTIC_LEAGUE,Latvia,LEAGUE,365,Virsliga,2020,true,CAPTURED,1,2026-09-19T07:53:43Z,135,
DOMESTIC_LEAGUE,Latvia,LEAGUE,365,Virsliga,2021,true,CAPTURED,1,2026-09-19T07:53:44Z,295,
DOMESTIC_LEAGUE,Latvia,LEAGUE,365,Virsliga,2022,true,CAPTURED,1,2026-09-19T07:53:46Z,180,
DOMESTIC_LEAGUE,Latvia,LEAGUE,365,Virsliga,2023,true,CAPTURED,1,2026-09-19T07:53:48Z,182,
DOMESTIC_LEAGUE,Latvia,LEAGUE,365,Virsliga,2024,true,CAPTURED,1,2026-09-19T07:53:50Z,180,
DOMESTIC_LEAGUE,Latvia,LEAGUE,365,Virsliga,2025,true,CAPTURED,1,2026-09-19T07:53:52Z,182,
DOMESTIC_LEAGUE,Lithuania,LEAGUE,362,A Lyga,2017,true,CAPTURED,1,2026-09-19T07:53:53Z,127,
DOMESTIC_LEAGUE,Lithuania,LEAGUE,362,A Lyga,2018,true,CAPTURED,1,2026-09-19T07:53:56Z,127,
DOMESTIC_LEAGUE,Lithuania,LEAGUE,362,A Lyga,2019,true,CAPTURED,1,2026-09-19T07:53:58Z,127,
DOMESTIC_LEAGUE,Lithuania,LEAGUE,362,A Lyga,2020,true,CAPTURED,1,2026-09-19T07:54:00Z,60,
DOMESTIC_LEAGUE,Lithuania,LEAGUE,362,A Lyga,2021,true,CAPTURED,1,2026-09-19T07:54:02Z,180,
DOMESTIC_LEAGUE,Lithuania,LEAGUE,362,A Lyga,2022,true,CAPTURED,1,2026-09-19T07:54:04Z,180,
DOMESTIC_LEAGUE,Lithuania,LEAGUE,362,A Lyga,2023,true,CAPTURED,1,2026-09-19T07:54:06Z,182,
DOMESTIC_LEAGUE,Lithuania,LEAGUE,362,A Lyga,2024,true,CAPTURED,1,2026-09-19T07:54:08Z,182,
DOMESTIC_LEAGUE,Lithuania,LEAGUE,362,A Lyga,2025,true,CAPTURED,1,2026-09-19T07:54:09Z,182,
DOMESTIC_LEAGUE,Netherlands,LEAGUE,88,Eredivisie,2017,true,CAPTURED,1,2026-09-19T07:54:11Z,312,
DOMESTIC_LEAGUE,Netherlands,LEAGUE,88,Eredivisie,2018,true,CAPTURED,1,2026-09-19T07:54:13Z,312,
DOMESTIC_LEAGUE,Netherlands,LEAGUE,88,Eredivisie,2019,true,CAPTURED,1,2026-09-19T07:54:15Z,306,
DOMESTIC_LEAGUE,Netherlands,LEAGUE,88,Eredivisie,2020,true,CAPTURED,1,2026-09-19T07:54:17Z,315,
DOMESTIC_LEAGUE,Netherlands,LEAGUE,88,Eredivisie,2021,true,CAPTURED,1,2026-09-19T07:54:18Z,324,
DOMESTIC_LEAGUE,Netherlands,LEAGUE,88,Eredivisie,2022,true,CAPTURED,1,2026-09-19T07:54:21Z,324,
DOMESTIC_LEAGUE,Netherlands,LEAGUE,88,Eredivisie,2023,true,CAPTURED,1,2026-09-19T07:54:23Z,321,
DOMESTIC_LEAGUE,Netherlands,LEAGUE,88,Eredivisie,2024,true,CAPTURED,1,2026-09-19T07:54:25Z,321,
DOMESTIC_LEAGUE,Netherlands,LEAGUE,88,Eredivisie,2025,true,CAPTURED,1,2026-09-19T07:54:27Z,309,
DOMESTIC_LEAGUE,Norway,LEAGUE,103,Eliteserien,2017,true,CAPTURED,1,2026-09-19T07:54:30Z,240,
DOMESTIC_LEAGUE,Norway,LEAGUE,103,Eliteserien,2018,true,CAPTURED,1,2026-09-19T07:54:31Z,240,
DOMESTIC_LEAGUE,Norway,LEAGUE,103,Eliteserien,2019,true,CAPTURED,1,2026-09-19T07:54:33Z,240,
DOMESTIC_LEAGUE,Norway,LEAGUE,103,Eliteserien,2020,true,CAPTURED,1,2026-09-19T07:54:35Z,241,
DOMESTIC_LEAGUE,Norway,LEAGUE,103,Eliteserien,2021,true,CAPTURED,1,2026-09-19T07:54:37Z,479,
DOMESTIC_LEAGUE,Norway,LEAGUE,103,Eliteserien,2022,true,CAPTURED,1,2026-09-19T07:54:39Z,242,
DOMESTIC_LEAGUE,Norway,LEAGUE,103,Eliteserien,2023,true,CAPTURED,1,2026-09-19T07:54:40Z,242,
DOMESTIC_LEAGUE,Norway,LEAGUE,103,Eliteserien,2024,true,CAPTURED,1,2026-09-19T07:54:42Z,242,
DOMESTIC_LEAGUE,Norway,LEAGUE,103,Eliteserien,2025,true,CAPTURED,1,2026-09-19T07:54:44Z,242,
DOMESTIC_LEAGUE,Poland,LEAGUE,106,Ekstraklasa,2017,false,UNAVAILABLE_PROVIDER_SEASON,0,,,
DOMESTIC_LEAGUE,Poland,LEAGUE,106,Ekstraklasa,2018,true,CAPTURED,1,2026-09-19T07:54:45Z,296,
DOMESTIC_LEAGUE,Poland,LEAGUE,106,Ekstraklasa,2019,true,CAPTURED,1,2026-09-19T07:54:47Z,296,
DOMESTIC_LEAGUE,Poland,LEAGUE,106,Ekstraklasa,2020,true,CAPTURED,1,2026-09-19T07:54:49Z,240,
DOMESTIC_LEAGUE,Poland,LEAGUE,106,Ekstraklasa,2021,true,CAPTURED,1,2026-09-19T07:54:50Z,306,
DOMESTIC_LEAGUE,Poland,LEAGUE,106,Ekstraklasa,2022,true,CAPTURED,1,2026-09-19T07:54:53Z,306,
DOMESTIC_LEAGUE,Poland,LEAGUE,106,Ekstraklasa,2023,true,CAPTURED,1,2026-09-19T07:54:54Z,306,
DOMESTIC_LEAGUE,Poland,LEAGUE,106,Ekstraklasa,2024,true,CAPTURED,1,2026-09-19T07:54:56Z,306,
DOMESTIC_LEAGUE,Poland,LEAGUE,106,Ekstraklasa,2025,true,CAPTURED,1,2026-09-19T07:54:58Z,306,
DOMESTIC_LEAGUE,Portugal,LEAGUE,94,Primeira Liga,2017,true,CAPTURED,1,2026-09-19T07:55:00Z,306,
DOMESTIC_LEAGUE,Portugal,LEAGUE,94,Primeira Liga,2018,true,CAPTURED,1,2026-09-19T07:55:02Z,306,
DOMESTIC_LEAGUE,Portugal,LEAGUE,94,Primeira Liga,2019,true,CAPTURED,1,2026-09-19T07:55:04Z,306,
DOMESTIC_LEAGUE,Portugal,LEAGUE,94,Primeira Liga,2020,true,CAPTURED,1,2026-09-19T07:55:06Z,308,
DOMESTIC_LEAGUE,Portugal,LEAGUE,94,Primeira Liga,2021,true,CAPTURED,1,2026-09-19T07:55:08Z,308,
DOMESTIC_LEAGUE,Portugal,LEAGUE,94,Primeira Liga,2022,true,CAPTURED,1,2026-09-19T07:55:10Z,308,
DOMESTIC_LEAGUE,Portugal,LEAGUE,94,Primeira Liga,2023,true,CAPTURED,1,2026-09-19T07:55:11Z,308,
DOMESTIC_LEAGUE,Portugal,LEAGUE,94,Primeira Liga,2024,true,CAPTURED,1,2026-09-19T07:55:14Z,308,
DOMESTIC_LEAGUE,Portugal,LEAGUE,94,Primeira Liga,2025,true,CAPTURED,1,2026-09-19T07:55:15Z,308,
DOMESTIC_LEAGUE,Scotland,LEAGUE,179,Premiership,2017,true,CAPTURED,1,2026-09-19T07:55:17Z,228,
DOMESTIC_LEAGUE,Scotland,LEAGUE,179,Premiership,2018,true,CAPTURED,1,2026-09-19T07:55:19Z,228,
DOMESTIC_LEAGUE,Scotland,LEAGUE,179,Premiership,2019,true,CAPTURED,1,2026-09-19T07:55:21Z,198,
DOMESTIC_LEAGUE,Scotland,LEAGUE,179,Premiership,2020,true,CAPTURED,1,2026-09-19T07:55:23Z,234,
DOMESTIC_LEAGUE,Scotland,LEAGUE,179,Premiership,2021,true,CAPTURED,1,2026-09-19T07:55:25Z,234,
DOMESTIC_LEAGUE,Scotland,LEAGUE,179,Premiership,2022,true,CAPTURED,1,2026-09-19T07:55:26Z,234,
DOMESTIC_LEAGUE,Scotland,LEAGUE,179,Premiership,2023,true,CAPTURED,1,2026-09-19T07:55:28Z,234,
DOMESTIC_LEAGUE,Scotland,LEAGUE,179,Premiership,2024,true,CAPTURED,1,2026-09-19T07:55:30Z,234,
DOMESTIC_LEAGUE,Scotland,LEAGUE,179,Premiership,2025,true,CAPTURED,1,2026-09-19T07:55:32Z,234,
DOMESTIC_LEAGUE,Spain,LEAGUE,140,La Liga,2017,true,CAPTURED,1,2026-09-19T07:55:34Z,380,
DOMESTIC_LEAGUE,Spain,LEAGUE,140,La Liga,2018,true,CAPTURED,1,2026-09-19T07:55:35Z,380,
DOMESTIC_LEAGUE,Spain,LEAGUE,140,La Liga,2019,true,CAPTURED,1,2026-09-19T07:55:36Z,380,
DOMESTIC_LEAGUE,Spain,LEAGUE,140,La Liga,2020,true,CAPTURED,1,2026-09-19T07:55:37Z,380,
DOMESTIC_LEAGUE,Spain,LEAGUE,140,La Liga,2021,true,CAPTURED,1,2026-09-19T07:55:39Z,380,
DOMESTIC_LEAGUE,Spain,LEAGUE,140,La Liga,2022,true,CAPTURED,1,2026-09-19T07:55:40Z,380,
DOMESTIC_LEAGUE,Spain,LEAGUE,140,La Liga,2023,true,CAPTURED,1,2026-09-19T07:55:42Z,380,
DOMESTIC_LEAGUE,Spain,LEAGUE,140,La Liga,2024,true,CAPTURED,1,2026-09-19T07:55:43Z,380,
DOMESTIC_LEAGUE,Spain,LEAGUE,140,La Liga,2025,true,CAPTURED,1,2026-09-19T07:55:45Z,380,
DOMESTIC_LEAGUE,Turkey,LEAGUE,203,Süper Lig,2017,true,CAPTURED,1,2026-09-19T07:55:46Z,306,
DOMESTIC_LEAGUE,Turkey,LEAGUE,203,Süper Lig,2018,true,CAPTURED,1,2026-09-19T07:55:48Z,306,
DOMESTIC_LEAGUE,Turkey,LEAGUE,203,Süper Lig,2019,true,CAPTURED,1,2026-09-19T07:55:50Z,306,
DOMESTIC_LEAGUE,Turkey,LEAGUE,203,Süper Lig,2020,true,CAPTURED,1,2026-09-19T07:55:52Z,420,
DOMESTIC_LEAGUE,Turkey,LEAGUE,203,Süper Lig,2021,true,CAPTURED,1,2026-09-19T07:55:54Z,380,
DOMESTIC_LEAGUE,Turkey,LEAGUE,203,Süper Lig,2022,true,CAPTURED,1,2026-09-19T07:55:56Z,342,
DOMESTIC_LEAGUE,Turkey,LEAGUE,203,Süper Lig,2023,true,CAPTURED,1,2026-09-19T07:55:57Z,380,
DOMESTIC_LEAGUE,Turkey,LEAGUE,203,Süper Lig,2024,true,CAPTURED,1,2026-09-19T07:56:00Z,342,
DOMESTIC_LEAGUE,Turkey,LEAGUE,203,Süper Lig,2025,true,CAPTURED,1,2026-09-19T07:56:02Z,306,
DOMESTIC_CUP,Austria,NATIONAL_CUP,220,Cup,2017,true,CAPTURED,1,2026-09-19T07:56:04Z,63,
DOMESTIC_CUP,Austria,NATIONAL_CUP,220,Cup,2018,true,CAPTURED,1,2026-09-19T07:56:06Z,63,
DOMESTIC_CUP,Austria,NATIONAL_CUP,220,Cup,2019,true,CAPTURED,1,2026-09-19T07:56:08Z,63,
DOMESTIC_CUP,Austria,NATIONAL_CUP,220,Cup,2020,true,CAPTURED,1,2026-09-19T07:56:09Z,63,
DOMESTIC_CUP,Austria,NATIONAL_CUP,220,Cup,2021,true,CAPTURED,1,2026-09-19T07:56:11Z,63,
DOMESTIC_CUP,Austria,NATIONAL_CUP,220,Cup,2022,true,CAPTURED,1,2026-09-19T07:56:13Z,63,
DOMESTIC_CUP,Austria,NATIONAL_CUP,220,Cup,2023,true,CAPTURED,1,2026-09-19T07:56:15Z,63,
DOMESTIC_CUP,Austria,NATIONAL_CUP,220,Cup,2024,true,CAPTURED,1,2026-09-19T07:56:17Z,63,
DOMESTIC_CUP,Austria,NATIONAL_CUP,220,Cup,2025,true,CAPTURED,1,2026-09-19T07:56:19Z,63,
DOMESTIC_CUP,Belgium,NATIONAL_CUP,147,Cup,2017,false,UNAVAILABLE_PROVIDER_SEASON,0,,,
DOMESTIC_CUP,Belgium,NATIONAL_CUP,147,Cup,2018,false,UNAVAILABLE_PROVIDER_SEASON,0,,,
DOMESTIC_CUP,Belgium,NATIONAL_CUP,147,Cup,2019,true,CAPTURED,1,2026-09-19T07:56:21Z,312,
DOMESTIC_CUP,Belgium,NATIONAL_CUP,147,Cup,2020,true,CAPTURED,1,2026-09-19T07:56:24Z,311,
DOMESTIC_CUP,Belgium,NATIONAL_CUP,147,Cup,2021,true,CAPTURED,1,2026-09-19T07:56:25Z,313,
DOMESTIC_CUP,Belgium,NATIONAL_CUP,147,Cup,2022,true,CAPTURED,1,2026-09-19T07:56:28Z,315,
DOMESTIC_CUP,Belgium,NATIONAL_CUP,147,Cup,2023,true,CAPTURED,1,2026-09-19T07:56:30Z,359,
DOMESTIC_CUP,Belgium,NATIONAL_CUP,147,Cup,2024,true,CAPTURED,1,2026-09-19T07:56:31Z,297,
DOMESTIC_CUP,Belgium,NATIONAL_CUP,147,Cup,2025,true,CAPTURED,1,2026-09-19T07:56:33Z,219,
DOMESTIC_CUP,Denmark,NATIONAL_CUP,121,DBU Pokalen,2017,true,CAPTURED,1,2026-09-19T07:56:35Z,100,
DOMESTIC_CUP,Denmark,NATIONAL_CUP,121,DBU Pokalen,2018,true,CAPTURED,1,2026-09-19T07:56:37Z,101,
DOMESTIC_CUP,Denmark,NATIONAL_CUP,121,DBU Pokalen,2019,true,CAPTURED,1,2026-09-19T07:56:39Z,101,
DOMESTIC_CUP,Denmark,NATIONAL_CUP,121,DBU Pokalen,2020,true,CAPTURED,1,2026-09-19T07:56:41Z,109,
DOMESTIC_CUP,Denmark,NATIONAL_CUP,121,DBU Pokalen,2021,true,CAPTURED,1,2026-09-19T07:56:43Z,109,
DOMESTIC_CUP,Denmark,NATIONAL_CUP,121,DBU Pokalen,2022,true,CAPTURED,1,2026-09-19T07:56:45Z,109,
DOMESTIC_CUP,Denmark,NATIONAL_CUP,121,DBU Pokalen,2023,true,CAPTURED,1,2026-09-19T07:56:48Z,108,
DOMESTIC_CUP,Denmark,NATIONAL_CUP,121,DBU Pokalen,2024,true,CAPTURED,1,2026-09-19T07:56:49Z,109,
DOMESTIC_CUP,Denmark,NATIONAL_CUP,121,DBU Pokalen,2025,true,CAPTURED,1,2026-09-19T07:56:51Z,110,
DOMESTIC_CUP,England,NATIONAL_CUP,45,FA Cup,2017,true,CAPTURED,1,2026-09-19T07:56:53Z,149,
DOMESTIC_CUP,England,NATIONAL_CUP,45,FA Cup,2018,true,CAPTURED,1,2026-09-19T07:56:54Z,150,
DOMESTIC_CUP,England,NATIONAL_CUP,45,FA Cup,2019,true,CAPTURED,1,2026-09-19T07:56:56Z,886,
DOMESTIC_CUP,England,NATIONAL_CUP,45,FA Cup,2020,true,CAPTURED,1,2026-09-19T07:56:58Z,735,
DOMESTIC_CUP,England,NATIONAL_CUP,45,FA Cup,2021,true,CAPTURED,1,2026-09-19T07:57:00Z,868,
DOMESTIC_CUP,England,NATIONAL_CUP,45,FA Cup,2022,true,CAPTURED,1,2026-09-19T07:57:02Z,889,
DOMESTIC_CUP,England,NATIONAL_CUP,45,FA Cup,2023,true,CAPTURED,1,2026-09-19T07:57:04Z,879,
DOMESTIC_CUP,England,NATIONAL_CUP,45,FA Cup,2024,true,CAPTURED,1,2026-09-19T07:57:06Z,873,
DOMESTIC_CUP,England,NATIONAL_CUP,45,FA Cup,2025,true,CAPTURED,1,2026-09-19T07:57:08Z,872,
DOMESTIC_CUP,England,LEAGUE_CUP,48,League Cup,2017,true,CAPTURED,1,2026-09-19T07:57:10Z,93,
DOMESTIC_CUP,England,LEAGUE_CUP,48,League Cup,2018,true,CAPTURED,1,2026-09-19T07:57:12Z,93,
DOMESTIC_CUP,England,LEAGUE_CUP,48,League Cup,2019,true,CAPTURED,1,2026-09-19T07:57:14Z,93,
DOMESTIC_CUP,England,LEAGUE_CUP,48,League Cup,2020,true,CAPTURED,1,2026-09-19T07:57:16Z,91,
DOMESTIC_CUP,England,LEAGUE_CUP,48,League Cup,2021,true,CAPTURED,1,2026-09-19T07:57:18Z,93,
DOMESTIC_CUP,England,LEAGUE_CUP,48,League Cup,2022,true,CAPTURED,1,2026-09-19T07:57:20Z,93,
DOMESTIC_CUP,England,LEAGUE_CUP,48,League Cup,2023,true,CAPTURED,1,2026-09-19T07:57:22Z,93,
DOMESTIC_CUP,England,LEAGUE_CUP,48,League Cup,2024,true,CAPTURED,1,2026-09-19T07:57:24Z,93,
DOMESTIC_CUP,England,LEAGUE_CUP,48,League Cup,2025,true,CAPTURED,1,2026-09-19T07:57:26Z,93,
DOMESTIC_CUP,France,LEAGUE_CUP,65,Coupe de la Ligue,2017,true,CAPTURED,1,2026-09-19T07:57:28Z,43,
DOMESTIC_CUP,France,LEAGUE_CUP,65,Coupe de la Ligue,2018,true,CAPTURED,1,2026-09-19T07:57:29Z,43,
DOMESTIC_CUP,France,LEAGUE_CUP,65,Coupe de la Ligue,2019,true,CAPTURED,1,2026-09-19T07:57:31Z,44,
DOMESTIC_CUP,France,NATIONAL_CUP,66,Coupe de France,2017,true,CAPTURED,1,2026-09-19T07:57:34Z,195,
DOMESTIC_CUP,France,NATIONAL_CUP,66,Coupe de France,2018,true,CAPTURED,1,2026-09-19T07:57:36Z,195,
DOMESTIC_CUP,France,NATIONAL_CUP,66,Coupe de France,2019,true,CAPTURED,1,2026-09-19T07:57:38Z,195,
DOMESTIC_CUP,France,NATIONAL_CUP,66,Coupe de France,2020,true,CAPTURED,1,2026-09-19T07:57:40Z,173,
DOMESTIC_CUP,France,NATIONAL_CUP,66,Coupe de France,2021,true,CAPTURED,1,2026-09-19T07:57:42Z,193,
DOMESTIC_CUP,France,NATIONAL_CUP,66,Coupe de France,2022,true,CAPTURED,1,2026-09-19T07:57:44Z,195,
DOMESTIC_CUP,France,NATIONAL_CUP,66,Coupe de France,2023,true,CAPTURED,1,2026-09-19T07:57:46Z,197,
DOMESTIC_CUP,France,NATIONAL_CUP,66,Coupe de France,2024,true,CAPTURED,1,2026-09-19T07:57:48Z,199,
DOMESTIC_CUP,France,NATIONAL_CUP,66,Coupe de France,2025,true,CAPTURED,1,2026-09-19T07:57:50Z,201,
DOMESTIC_CUP,Germany,NATIONAL_CUP,81,DFB Pokal,2017,true,CAPTURED,1,2026-09-19T07:57:51Z,63,
DOMESTIC_CUP,Germany,NATIONAL_CUP,81,DFB Pokal,2018,true,CAPTURED,1,2026-09-19T07:57:53Z,63,
DOMESTIC_CUP,Germany,NATIONAL_CUP,81,DFB Pokal,2019,true,CAPTURED,1,2026-09-19T07:57:55Z,63,
DOMESTIC_CUP,Germany,NATIONAL_CUP,81,DFB Pokal,2020,true,CAPTURED,1,2026-09-19T07:57:57Z,63,
DOMESTIC_CUP,Germany,NATIONAL_CUP,81,DFB Pokal,2021,true,CAPTURED,1,2026-09-19T07:57:59Z,63,
DOMESTIC_CUP,Germany,NATIONAL_CUP,81,DFB Pokal,2022,true,CAPTURED,1,2026-09-19T07:58:01Z,63,
DOMESTIC_CUP,Germany,NATIONAL_CUP,81,DFB Pokal,2023,true,CAPTURED,1,2026-09-19T07:58:03Z,63,
DOMESTIC_CUP,Germany,NATIONAL_CUP,81,DFB Pokal,2024,true,CAPTURED,1,2026-09-19T07:58:05Z,63,
DOMESTIC_CUP,Germany,NATIONAL_CUP,81,DFB Pokal,2025,true,CAPTURED,1,2026-09-19T07:58:06Z,63,
UEFA,International,UEFA_CHAMPIONS_LEAGUE,2,UEFA Champions League,2017,true,CAPTURED,1,2026-09-19T07:58:08Z,219,
UEFA,International,UEFA_CHAMPIONS_LEAGUE,2,UEFA Champions League,2018,true,CAPTURED,1,2026-09-19T07:58:10Z,216,
UEFA,International,UEFA_CHAMPIONS_LEAGUE,2,UEFA Champions League,2019,true,CAPTURED,1,2026-09-19T07:58:12Z,210,
UEFA,International,UEFA_CHAMPIONS_LEAGUE,2,UEFA Champions League,2020,true,CAPTURED,1,2026-09-19T07:58:14Z,178,
UEFA,International,UEFA_CHAMPIONS_LEAGUE,2,UEFA Champions League,2021,true,CAPTURED,1,2026-09-19T07:58:16Z,218,
UEFA,International,UEFA_CHAMPIONS_LEAGUE,2,UEFA Champions League,2022,true,CAPTURED,1,2026-09-19T07:58:19Z,214,
UEFA,International,UEFA_CHAMPIONS_LEAGUE,2,UEFA Champions League,2023,true,CAPTURED,1,2026-09-19T07:58:21Z,214,
UEFA,International,UEFA_CHAMPIONS_LEAGUE,2,UEFA Champions League,2024,true,CAPTURED,1,2026-09-19T07:58:23Z,279,
UEFA,International,UEFA_CHAMPIONS_LEAGUE,2,UEFA Champions League,2025,true,CAPTURED,1,2026-09-19T07:58:25Z,281,
UEFA,International,UEFA_EUROPA_LEAGUE,3,UEFA Europa League,2017,true,CAPTURED,1,2026-09-19T07:58:27Z,473,
UEFA,International,UEFA_EUROPA_LEAGUE,3,UEFA Europa League,2018,true,CAPTURED,1,2026-09-19T07:58:29Z,519,
UEFA,International,UEFA_EUROPA_LEAGUE,3,UEFA Europa League,2019,true,CAPTURED,1,2026-09-19T07:58:31Z,511,
UEFA,International,UEFA_EUROPA_LEAGUE,3,UEFA Europa League,2020,true,CAPTURED,1,2026-09-19T07:58:33Z,362,
UEFA,International,UEFA_EUROPA_LEAGUE,3,UEFA Europa League,2021,true,CAPTURED,1,2026-09-19T07:58:35Z,177,
UEFA,International,UEFA_EUROPA_LEAGUE,3,UEFA Europa League,2022,true,CAPTURED,1,2026-09-19T07:58:37Z,175,
UEFA,International,UEFA_EUROPA_LEAGUE,3,UEFA Europa League,2023,true,CAPTURED,1,2026-09-19T07:58:39Z,175,
UEFA,International,UEFA_EUROPA_LEAGUE,3,UEFA Europa League,2024,true,CAPTURED,1,2026-09-19T07:58:41Z,269,
UEFA,International,UEFA_EUROPA_LEAGUE,3,UEFA Europa League,2025,true,CAPTURED,1,2026-09-19T07:58:43Z,271,
UEFA,International,UEFA_CONFERENCE_LEAGUE,848,UEFA Europa Conference League,2021,true,CAPTURED,1,2026-09-19T07:58:45Z,423,
UEFA,International,UEFA_CONFERENCE_LEAGUE,848,UEFA Europa Conference League,2022,true,CAPTURED,1,2026-09-19T07:58:47Z,415,
UEFA,International,UEFA_CONFERENCE_LEAGUE,848,UEFA Europa Conference League,2023,true,CAPTURED,1,2026-09-19T07:58:49Z,417,
UEFA,International,UEFA_CONFERENCE_LEAGUE,848,UEFA Europa Conference League,2024,true,CAPTURED,1,2026-09-19T07:58:51Z,409,
UEFA,International,UEFA_CONFERENCE_LEAGUE,848,UEFA Europa Conference League,2025,true,CAPTURED,1,2026-09-19T07:58:54Z,409,
DOMESTIC_CUP,Italy,NATIONAL_CUP,137,Coppa Italia,2017,true,CAPTURED,1,2026-09-19T07:58:56Z,79,
DOMESTIC_CUP,Italy,NATIONAL_CUP,137,Coppa Italia,2018,true,CAPTURED,1,2026-09-19T07:58:58Z,79,
DOMESTIC_CUP,Italy,NATIONAL_CUP,137,Coppa Italia,2019,true,CAPTURED,1,2026-09-19T07:59:00Z,79,
DOMESTIC_CUP,Italy,NATIONAL_CUP,137,Coppa Italia,2020,true,CAPTURED,1,2026-09-19T07:59:02Z,79,
DOMESTIC_CUP,Italy,NATIONAL_CUP,137,Coppa Italia,2021,true,CAPTURED,1,2026-09-19T07:59:05Z,45,
DOMESTIC_CUP,Italy,NATIONAL_CUP,137,Coppa Italia,2022,true,CAPTURED,1,2026-09-19T07:59:08Z,45,
DOMESTIC_CUP,Italy,NATIONAL_CUP,137,Coppa Italia,2023,true,CAPTURED,1,2026-09-19T07:59:10Z,45,
DOMESTIC_CUP,Italy,NATIONAL_CUP,137,Coppa Italia,2024,true,CAPTURED,1,2026-09-19T07:59:12Z,45,
DOMESTIC_CUP,Italy,NATIONAL_CUP,137,Coppa Italia,2025,true,CAPTURED,1,2026-09-19T07:59:14Z,45,
DOMESTIC_CUP,Latvia,NATIONAL_CUP,658,Cup,2017,false,UNAVAILABLE_PROVIDER_SEASON,0,,,
DOMESTIC_CUP,Latvia,NATIONAL_CUP,658,Cup,2018,false,UNAVAILABLE_PROVIDER_SEASON,0,,,
DOMESTIC_CUP,Latvia,NATIONAL_CUP,658,Cup,2019,false,UNAVAILABLE_PROVIDER_SEASON,0,,,
DOMESTIC_CUP,Latvia,NATIONAL_CUP,658,Cup,2020,true,CAPTURED,1,2026-09-19T07:59:16Z,46,
DOMESTIC_CUP,Latvia,NATIONAL_CUP,658,Cup,2021,true,CAPTURED,1,2026-09-19T07:59:18Z,54,
DOMESTIC_CUP,Latvia,NATIONAL_CUP,658,Cup,2022,true,CAPTURED,1,2026-09-19T07:59:20Z,53,
DOMESTIC_CUP,Latvia,NATIONAL_CUP,658,Cup,2023,true,CAPTURED,1,2026-09-19T07:59:22Z,52,
DOMESTIC_CUP,Latvia,NATIONAL_CUP,658,Cup,2024,true,CAPTURED,1,2026-09-19T07:59:24Z,49,
DOMESTIC_CUP,Latvia,NATIONAL_CUP,658,Cup,2025,true,CAPTURED,1,2026-09-19T07:59:26Z,48,
DOMESTIC_CUP,Lithuania,NATIONAL_CUP,661,Cup,2017,false,UNAVAILABLE_PROVIDER_SEASON,0,,,
DOMESTIC_CUP,Lithuania,NATIONAL_CUP,661,Cup,2018,false,UNAVAILABLE_PROVIDER_SEASON,0,,,
DOMESTIC_CUP,Lithuania,NATIONAL_CUP,661,Cup,2019,false,UNAVAILABLE_PROVIDER_SEASON,0,,,
DOMESTIC_CUP,Lithuania,NATIONAL_CUP,661,Cup,2020,true,CAPTURED,1,2026-09-19T07:59:28Z,32,
DOMESTIC_CUP,Lithuania,NATIONAL_CUP,661,Cup,2021,true,CAPTURED,1,2026-09-19T07:59:31Z,29,
DOMESTIC_CUP,Lithuania,NATIONAL_CUP,661,Cup,2022,true,CAPTURED,1,2026-09-19T07:59:33Z,53,
DOMESTIC_CUP,Lithuania,NATIONAL_CUP,661,Cup,2023,true,CAPTURED,1,2026-09-19T07:59:35Z,47,
DOMESTIC_CUP,Lithuania,NATIONAL_CUP,661,Cup,2024,true,CAPTURED,1,2026-09-19T07:59:38Z,51,
DOMESTIC_CUP,Lithuania,NATIONAL_CUP,661,Cup,2025,true,CAPTURED,1,2026-09-19T07:59:39Z,49,
DOMESTIC_CUP,Netherlands,NATIONAL_CUP,90,KNVB Beker,2017,true,CAPTURED,1,2026-09-19T07:59:41Z,104,
DOMESTIC_CUP,Netherlands,NATIONAL_CUP,90,KNVB Beker,2018,true,CAPTURED,1,2026-09-19T07:59:43Z,106,
DOMESTIC_CUP,Netherlands,NATIONAL_CUP,90,KNVB Beker,2019,true,CAPTURED,1,2026-09-19T07:59:45Z,105,
DOMESTIC_CUP,Netherlands,NATIONAL_CUP,90,KNVB Beker,2020,true,CAPTURED,1,2026-09-19T07:59:47Z,101,
DOMESTIC_CUP,Netherlands,NATIONAL_CUP,90,KNVB Beker,2021,true,CAPTURED,1,2026-09-19T07:59:49Z,89,
DOMESTIC_CUP,Netherlands,NATIONAL_CUP,90,KNVB Beker,2022,true,CAPTURED,1,2026-09-19T07:59:51Z,85,
DOMESTIC_CUP,Netherlands,NATIONAL_CUP,90,KNVB Beker,2023,true,CAPTURED,1,2026-09-19T07:59:53Z,109,
DOMESTIC_CUP,Netherlands,NATIONAL_CUP,90,KNVB Beker,2024,true,CAPTURED,1,2026-09-19T07:59:55Z,109,
DOMESTIC_CUP,Netherlands,NATIONAL_CUP,90,KNVB Beker,2025,true,CAPTURED,1,2026-09-19T07:59:57Z,109,
DOMESTIC_CUP,Norway,NATIONAL_CUP,105,NM Cupen,2017,false,UNAVAILABLE_PROVIDER_SEASON,0,,,
DOMESTIC_CUP,Norway,NATIONAL_CUP,105,NM Cupen,2018,false,UNAVAILABLE_PROVIDER_SEASON,0,,,
DOMESTIC_CUP,Norway,NATIONAL_CUP,105,NM Cupen,2019,true,CAPTURED,1,2026-09-19T07:59:59Z,127,
DOMESTIC_CUP,Norway,NATIONAL_CUP,105,NM Cupen,2020,false,UNAVAILABLE_PROVIDER_SEASON,0,,,
DOMESTIC_CUP,Norway,NATIONAL_CUP,105,NM Cupen,2021,true,CAPTURED,1,2026-09-19T08:00:02Z,127,
DOMESTIC_CUP,Norway,NATIONAL_CUP,105,NM Cupen,2022,true,CAPTURED,1,2026-09-19T08:00:05Z,127,
DOMESTIC_CUP,Norway,NATIONAL_CUP,105,NM Cupen,2023,true,CAPTURED,1,2026-09-19T08:00:08Z,127,
DOMESTIC_CUP,Norway,NATIONAL_CUP,105,NM Cupen,2024,true,CAPTURED,1,2026-09-19T08:00:10Z,127,
DOMESTIC_CUP,Norway,NATIONAL_CUP,105,NM Cupen,2025,true,CAPTURED,1,2026-09-19T08:00:12Z,127,
DOMESTIC_CUP,Poland,NATIONAL_CUP,108,Cup,2017,false,UNAVAILABLE_PROVIDER_SEASON,0,,,
DOMESTIC_CUP,Poland,NATIONAL_CUP,108,Cup,2018,false,UNAVAILABLE_PROVIDER_SEASON,0,,,
DOMESTIC_CUP,Poland,NATIONAL_CUP,108,Cup,2019,true,CAPTURED,1,2026-09-19T08:00:14Z,67,
DOMESTIC_CUP,Poland,NATIONAL_CUP,108,Cup,2020,true,CAPTURED,1,2026-09-19T08:00:17Z,67,
DOMESTIC_CUP,Poland,NATIONAL_CUP,108,Cup,2021,true,CAPTURED,1,2026-09-19T08:00:20Z,68,
DOMESTIC_CUP,Poland,NATIONAL_CUP,108,Cup,2022,true,CAPTURED,1,2026-09-19T08:00:22Z,69,
DOMESTIC_CUP,Poland,NATIONAL_CUP,108,Cup,2023,true,CAPTURED,1,2026-09-19T08:00:25Z,69,
DOMESTIC_CUP,Poland,NATIONAL_CUP,108,Cup,2024,true,CAPTURED,1,2026-09-19T08:00:27Z,69,
DOMESTIC_CUP,Poland,NATIONAL_CUP,108,Cup,2025,true,CAPTURED,1,2026-09-19T08:00:29Z,69,
DOMESTIC_CUP,Portugal,NATIONAL_CUP,96,Taça de Portugal,2017,true,CAPTURED,1,2026-09-19T08:00:31Z,171,
DOMESTIC_CUP,Portugal,NATIONAL_CUP,96,Taça de Portugal,2018,true,CAPTURED,1,2026-09-19T08:00:33Z,167,
DOMESTIC_CUP,Portugal,NATIONAL_CUP,96,Taça de Portugal,2019,true,CAPTURED,1,2026-09-19T08:00:36Z,166,
DOMESTIC_CUP,Portugal,NATIONAL_CUP,96,Taça de Portugal,2020,true,CAPTURED,1,2026-09-19T08:00:38Z,166,
DOMESTIC_CUP,Portugal,NATIONAL_CUP,96,Taça de Portugal,2021,true,CAPTURED,1,2026-09-19T08:00:40Z,155,
DOMESTIC_CUP,Portugal,NATIONAL_CUP,96,Taça de Portugal,2022,true,CAPTURED,1,2026-09-19T08:00:42Z,153,
DOMESTIC_CUP,Portugal,NATIONAL_CUP,96,Taça de Portugal,2023,true,CAPTURED,1,2026-09-19T08:00:44Z,147,
DOMESTIC_CUP,Portugal,NATIONAL_CUP,96,Taça de Portugal,2024,true,CAPTURED,1,2026-09-19T08:00:48Z,148,
DOMESTIC_CUP,Portugal,NATIONAL_CUP,96,Taça de Portugal,2025,true,CAPTURED,1,2026-09-19T08:00:50Z,151,
DOMESTIC_CUP,Portugal,LEAGUE_CUP,97,Taça da Liga,2017,false,UNAVAILABLE_PROVIDER_SEASON,0,,,
DOMESTIC_CUP,Portugal,LEAGUE_CUP,97,Taça da Liga,2018,false,UNAVAILABLE_PROVIDER_SEASON,0,,,
DOMESTIC_CUP,Portugal,LEAGUE_CUP,97,Taça da Liga,2019,true,CAPTURED,1,2026-09-19T08:00:52Z,45,
DOMESTIC_CUP,Portugal,LEAGUE_CUP,97,Taça da Liga,2020,true,CAPTURED,1,2026-09-19T08:00:55Z,7,
DOMESTIC_CUP,Portugal,LEAGUE_CUP,97,Taça da Liga,2021,true,CAPTURED,1,2026-09-19T08:00:57Z,37,
DOMESTIC_CUP,Portugal,LEAGUE_CUP,97,Taça da Liga,2022,true,CAPTURED,1,2026-09-19T08:00:59Z,63,
DOMESTIC_CUP,Portugal,LEAGUE_CUP,97,Taça da Liga,2023,true,CAPTURED,1,2026-09-19T08:01:01Z,37,
DOMESTIC_CUP,Portugal,LEAGUE_CUP,97,Taça da Liga,2024,true,CAPTURED,1,2026-09-19T08:01:04Z,7,
DOMESTIC_CUP,Portugal,LEAGUE_CUP,97,Taça da Liga,2025,true,CAPTURED,1,2026-09-19T08:01:06Z,7,
DOMESTIC_CUP,Scotland,NATIONAL_CUP,181,FA Cup,2017,false,UNAVAILABLE_PROVIDER_SEASON,0,,,
DOMESTIC_CUP,Scotland,NATIONAL_CUP,181,FA Cup,2018,false,UNAVAILABLE_PROVIDER_SEASON,0,,,
DOMESTIC_CUP,Scotland,NATIONAL_CUP,181,FA Cup,2019,true,CAPTURED,1,2026-09-19T08:01:08Z,115,
DOMESTIC_CUP,Scotland,NATIONAL_CUP,181,FA Cup,2020,true,CAPTURED,1,2026-09-19T08:01:10Z,99,
DOMESTIC_CUP,Scotland,NATIONAL_CUP,181,FA Cup,2021,true,CAPTURED,1,2026-09-19T08:01:12Z,127,
DOMESTIC_CUP,Scotland,NATIONAL_CUP,181,FA Cup,2022,true,CAPTURED,1,2026-09-19T08:01:14Z,128,
DOMESTIC_CUP,Scotland,NATIONAL_CUP,181,FA Cup,2023,true,CAPTURED,1,2026-09-19T08:01:16Z,130,
DOMESTIC_CUP,Scotland,NATIONAL_CUP,181,FA Cup,2024,true,CAPTURED,1,2026-09-19T08:01:19Z,129,
DOMESTIC_CUP,Scotland,NATIONAL_CUP,181,FA Cup,2025,true,CAPTURED,1,2026-09-19T08:01:22Z,128,
DOMESTIC_CUP,Scotland,LEAGUE_CUP,185,League Cup,2017,true,CAPTURED,1,2026-09-19T08:01:24Z,95,
DOMESTIC_CUP,Scotland,LEAGUE_CUP,185,League Cup,2018,true,CAPTURED,1,2026-09-19T08:01:26Z,91,
DOMESTIC_CUP,Scotland,LEAGUE_CUP,185,League Cup,2019,true,CAPTURED,1,2026-09-19T08:01:28Z,95,
DOMESTIC_CUP,Scotland,LEAGUE_CUP,185,League Cup,2020,true,CAPTURED,1,2026-09-19T08:01:30Z,95,
DOMESTIC_CUP,Scotland,LEAGUE_CUP,185,League Cup,2021,true,CAPTURED,1,2026-09-19T08:01:33Z,95,
DOMESTIC_CUP,Scotland,LEAGUE_CUP,185,League Cup,2022,true,CAPTURED,1,2026-09-19T08:01:35Z,95,
DOMESTIC_CUP,Scotland,LEAGUE_CUP,185,League Cup,2023,true,CAPTURED,1,2026-09-19T08:01:38Z,95,
DOMESTIC_CUP,Scotland,LEAGUE_CUP,185,League Cup,2024,true,CAPTURED,1,2026-09-19T08:01:40Z,95,
DOMESTIC_CUP,Scotland,LEAGUE_CUP,185,League Cup,2025,true,CAPTURED,1,2026-09-19T08:01:43Z,95,
DOMESTIC_CUP,Spain,NATIONAL_CUP,143,Copa del Rey,2017,false,UNAVAILABLE_PROVIDER_SEASON,0,,,
DOMESTIC_CUP,Spain,NATIONAL_CUP,143,Copa del Rey,2018,true,CAPTURED,1,2026-09-19T08:01:45Z,112,
DOMESTIC_CUP,Spain,NATIONAL_CUP,143,Copa del Rey,2019,true,CAPTURED,1,2026-09-19T08:01:47Z,128,
DOMESTIC_CUP,Spain,NATIONAL_CUP,143,Copa del Rey,2020,true,CAPTURED,1,2026-09-19T08:01:50Z,127,
DOMESTIC_CUP,Spain,NATIONAL_CUP,143,Copa del Rey,2021,true,CAPTURED,1,2026-09-19T08:01:52Z,127,
DOMESTIC_CUP,Spain,NATIONAL_CUP,143,Copa del Rey,2022,true,CAPTURED,1,2026-09-19T08:01:54Z,126,
DOMESTIC_CUP,Spain,NATIONAL_CUP,143,Copa del Rey,2023,true,CAPTURED,1,2026-09-19T08:01:57Z,126,
DOMESTIC_CUP,Spain,NATIONAL_CUP,143,Copa del Rey,2024,true,CAPTURED,1,2026-09-19T08:01:59Z,126,
DOMESTIC_CUP,Spain,NATIONAL_CUP,143,Copa del Rey,2025,true,CAPTURED,1,2026-09-19T08:02:01Z,137,
