run_at_utc,country,league,api_league_id,fixture_id,kickoff_utc,home_team,away_team,has_1x2,home_odds,draw_odds,away_odds,api_errors
2026-09-11T13:04:49Z,England,Premier League,39,1557398,2026-09-12T14:00:00+00:00,Bournemouth,Brentford,NO,,,,
2026-09-11T13:04:49Z,England,Premier League,39,1557403,2026-09-12T14:00:00+00:00,Liverpool,Fulham,NO,,,,
2026-09-11T13:04:49Z,England,Premier League,39,1557399,2026-09-12T14:00:00+00:00,Chelsea,Hull City,NO,,,,
2026-09-11T13:04:49Z,Spain,La Liga,140,1570381,2026-09-11T19:00:00+00:00,Sevilla,Valencia,NO,,,,
2026-09-11T13:04:49Z,Spain,La Liga,140,1570378,2026-09-12T12:00:00+00:00,Racing Santander,Alaves,NO,,,,
2026-09-11T13:04:49Z,Spain,La Liga,140,1570377,2026-09-12T14:15:00+00:00,Osasuna,Espanyol,NO,,,,
2026-09-11T13:04:49Z,Italy,Serie A,135,1550126,2026-09-11T18:45:00+00:00,Venezia,Fiorentina,NO,,,,
2026-09-11T13:04:49Z,Italy,Serie A,135,1550119,2026-09-12T13:00:00+00:00,Genoa,Frosinone,NO,,,,
2026-09-11T13:04:49Z,Italy,Serie A,135,1550121,2026-09-12T16:00:00+00:00,Lazio,AC Milan,NO,,,,
2026-09-11T13:04:49Z,Germany,Bundesliga,78,1575164,2026-09-11T18:30:00+00:00,Union Berlin,FC Schalke 04,NO,,,,
2026-09-11T13:04:49Z,Germany,Bundesliga,78,1575161,2026-09-12T13:30:00+00:00,SC Freiburg,Borussia Mönchengladbach,NO,,,,
2026-09-11T13:04:49Z,Germany,Bundesliga,78,1575163,2026-09-12T13:30:00+00:00,FSV Mainz 05,Eintracht Frankfurt,NO,,,,
2026-09-11T13:04:49Z,France,Ligue 1,61,1552763,2026-09-11T18:45:00+00:00,Rennes,Marseille,NO,,,,
2026-09-11T13:04:49Z,France,Ligue 1,61,1552764,2026-09-12T15:15:00+00:00,Strasbourg,Monaco,NO,,,,
2026-09-11T13:04:49Z,France,Ligue 1,61,1552761,2026-09-12T18:45:00+00:00,Lorient,Toulouse,NO,,,,
2026-09-11T13:04:49Z,Austria,Austrian Bundesliga,218,1561926,2026-09-11T17:30:00+00:00,Ried,Red Bull Salzburg,NO,,,,
2026-09-11T13:04:49Z,Austria,Austrian Bundesliga,218,1561924,2026-09-12T15:00:00+00:00,SCR Altach,Grazer AK,NO,,,,
2026-09-11T13:04:49Z,Austria,Austrian Bundesliga,218,1561929,2026-09-12T17:30:00+00:00,Wolfsberger AC,Rapid Vienna,NO,,,,
2026-09-11T13:04:49Z,Belgium,Belgian Pro League,144,1558626,2026-09-11T18:45:00+00:00,KV Mechelen,Anderlecht,NO,,,,
2026-09-11T13:04:49Z,Belgium,Belgian Pro League,144,1558627,2026-09-12T14:00:00+00:00,SK Beveren,St. Truiden,NO,,,,
2026-09-11T13:04:49Z,Belgium,Belgian Pro League,144,1558628,2026-09-12T16:15:00+00:00,KVC Westerlo,Standard Liege,NO,,,,
2026-09-11T13:04:49Z,Denmark,Danish Superliga,119,1549016,2026-09-11T17:00:00+00:00,FC Copenhagen,AC Horsens,NO,,,,
2026-09-11T13:04:49Z,Denmark,Danish Superliga,119,1549017,2026-09-13T12:00:00+00:00,Lyngby,Sonderjyske,NO,,,,
2026-09-11T13:04:49Z,Denmark,Danish Superliga,119,1549021,2026-09-13T12:00:00+00:00,Silkeborg,Viborg,NO,,,,
2026-09-11T13:04:49Z,Lithuania,A Lyga,362,1547629,2026-09-13T11:30:00+00:00,Panevėžys,Kauno Žalgiris,NO,,,,
2026-09-11T13:04:49Z,Lithuania,A Lyga,362,1547631,2026-09-13T14:00:00+00:00,Šiauliai,Hegelmann Litauen,NO,,,,
2026-09-11T13:04:49Z,Lithuania,A Lyga,362,1547630,2026-09-13T15:45:00+00:00,Suduva Marijampole,FK Zalgiris Vilnius,NO,,,,
2026-09-11T13:04:49Z,Latvia,Virsliga,365,1515923,2026-09-11T14:00:00+00:00,Ogre United,FK Liepaja,NO,,,,
2026-09-11T13:04:49Z,Latvia,Virsliga,365,1515921,2026-09-11T15:00:00+00:00,Riga,Auda,NO,,,,
2026-09-11T13:04:49Z,Latvia,Virsliga,365,1515920,2026-09-12T11:00:00+00:00,Grobiņa,FS Jelgava,NO,,,,
2026-09-11T13:04:49Z,Netherlands,Eredivisie,88,1552162,2026-09-11T18:00:00+00:00,AZ Alkmaar,Willem II,NO,,,,
2026-09-11T13:04:49Z,Netherlands,Eredivisie,88,1552163,2026-09-12T14:30:00+00:00,Twente,ADO Den Haag,NO,,,,
2026-09-11T13:04:49Z,Netherlands,Eredivisie,88,1552164,2026-09-12T16:45:00+00:00,GO Ahead Eagles,Groningen,NO,,,,
2026-09-11T13:04:49Z,Norway,Eliteserien,103,1494760,2026-09-12T14:00:00+00:00,Lillestrom,Valerenga,NO,,,,
2026-09-11T13:04:49Z,Norway,Eliteserien,103,1494761,2026-09-12T16:00:00+00:00,Rosenborg,Tromso,NO,,,,
2026-09-11T13:04:49Z,Norway,Eliteserien,103,1494763,2026-09-13T12:30:00+00:00,Viking,Kristiansund BK,NO,,,,
2026-09-11T13:04:49Z,Poland,Ekstraklasa,106,1553168,2026-09-11T16:00:00+00:00,Raków Częstochowa,Motor Lublin,NO,,,,
2026-09-11T13:04:49Z,Poland,Ekstraklasa,106,1553170,2026-09-11T18:30:00+00:00,Wisla Krakow,Jagiellonia,NO,,,,
2026-09-11T13:04:49Z,Poland,Ekstraklasa,106,1553169,2026-09-12T12:45:00+00:00,Slask Wroclaw,Korona Kielce,NO,,,,
2026-09-11T13:04:49Z,Portugal,Primeira Liga,94,1575498,2026-09-12T14:30:00+00:00,Nacional,Alverca,NO,,,,
2026-09-11T13:04:49Z,Portugal,Primeira Liga,94,1575495,2026-09-12T17:00:00+00:00,Casa Pia,FC Porto,NO,,,,
2026-09-11T13:04:49Z,Portugal,Primeira Liga,94,1575491,2026-09-12T19:30:00+00:00,Academico Viseu,Vitória SC,NO,,,,
2026-09-11T13:04:49Z,Turkey,Super Lig,203,1584405,2026-09-11T17:00:00+00:00,Beşiktaş,Erzurumspor FK,NO,,,,
2026-09-11T13:04:49Z,Turkey,Super Lig,203,1584406,2026-09-12T14:00:00+00:00,Eyüpspor,Rizespor,NO,,,,
2026-09-11T13:04:49Z,Turkey,Super Lig,203,1584411,2026-09-12T14:00:00+00:00,Samsunspor,Çorum FK,NO,,,,
2026-09-11T13:04:49Z,Scotland,Scottish Premiership,179,1556642,2026-09-15T18:45:00+00:00,Hibernian,Kilmarnock,NO,,,,
2026-09-11T13:04:49Z,Scotland,Scottish Premiership,179,1556643,2026-09-15T18:45:00+00:00,Motherwell,Aberdeen,NO,,,,
2026-09-11T13:04:49Z,Scotland,Scottish Premiership,179,1556641,2026-09-15T18:45:00+00:00,Falkirk,Heart Of Midlothian,NO,,,,
2026-09-11T13:06:24Z,England,Premier League,39,1557398,2026-09-12T14:00:00+00:00,Bournemouth,Brentford,NO,,,,
2026-09-11T13:06:24Z,England,Premier League,39,1557403,2026-09-12T14:00:00+00:00,Liverpool,Fulham,NO,,,,
2026-09-11T13:06:24Z,England,Premier League,39,1557399,2026-09-12T14:00:00+00:00,Chelsea,Hull City,NO,,,,
2026-09-11T13:06:24Z,Spain,La Liga,140,1570381,2026-09-11T19:00:00+00:00,Sevilla,Valencia,NO,,,,
2026-09-11T13:06:24Z,Spain,La Liga,140,1570378,2026-09-12T12:00:00+00:00,Racing Santander,Alaves,NO,,,,
2026-09-11T13:06:24Z,Spain,La Liga,140,1570377,2026-09-12T14:15:00+00:00,Osasuna,Espanyol,NO,,,,"[""API-Football /odds: {'rateLimit': 'Too many requests. You have exceeded the limit of requests per minute of your subscription.'}""]"
2026-09-11T13:06:24Z,Italy,Serie A,135,1550126,2026-09-11T18:45:00+00:00,Venezia,Fiorentina,NO,,,,
2026-09-11T13:06:24Z,Italy,Serie A,135,1550119,2026-09-12T13:00:00+00:00,Genoa,Frosinone,NO,,,,
2026-09-11T13:06:24Z,Italy,Serie A,135,1550121,2026-09-12T16:00:00+00:00,Lazio,AC Milan,NO,,,,
2026-09-11T13:06:24Z,Germany,Bundesliga,78,1575164,2026-09-11T18:30:00+00:00,Union Berlin,FC Schalke 04,NO,,,,
2026-09-11T13:06:24Z,Germany,Bundesliga,78,1575161,2026-09-12T13:30:00+00:00,SC Freiburg,Borussia Mönchengladbach,NO,,,,
2026-09-11T13:06:24Z,Germany,Bundesliga,78,1575163,2026-09-12T13:30:00+00:00,FSV Mainz 05,Eintracht Frankfurt,NO,,,,
2026-09-11T13:06:24Z,France,Ligue 1,61,1552763,2026-09-11T18:45:00+00:00,Rennes,Marseille,NO,,,,
2026-09-11T13:06:24Z,France,Ligue 1,61,1552764,2026-09-12T15:15:00+00:00,Strasbourg,Monaco,NO,,,,
2026-09-11T13:06:24Z,France,Ligue 1,61,1552761,2026-09-12T18:45:00+00:00,Lorient,Toulouse,NO,,,,
2026-09-11T13:06:24Z,Austria,Austrian Bundesliga,218,1561926,2026-09-11T17:30:00+00:00,Ried,Red Bull Salzburg,NO,,,,
2026-09-11T13:06:24Z,Austria,Austrian Bundesliga,218,1561924,2026-09-12T15:00:00+00:00,SCR Altach,Grazer AK,NO,,,,
2026-09-11T13:06:24Z,Austria,Austrian Bundesliga,218,1561929,2026-09-12T17:30:00+00:00,Wolfsberger AC,Rapid Vienna,NO,,,,
2026-09-11T13:06:24Z,Belgium,Belgian Pro League,144,1558626,2026-09-11T18:45:00+00:00,KV Mechelen,Anderlecht,NO,,,,
2026-09-11T13:06:24Z,Belgium,Belgian Pro League,144,1558627,2026-09-12T14:00:00+00:00,SK Beveren,St. Truiden,NO,,,,
2026-09-11T13:06:24Z,Belgium,Belgian Pro League,144,1558628,2026-09-12T16:15:00+00:00,KVC Westerlo,Standard Liege,NO,,,,
2026-09-11T13:06:24Z,Denmark,Danish Superliga,119,1549016,2026-09-11T17:00:00+00:00,FC Copenhagen,AC Horsens,NO,,,,
2026-09-11T13:06:24Z,Denmark,Danish Superliga,119,1549017,2026-09-13T12:00:00+00:00,Lyngby,Sonderjyske,NO,,,,
2026-09-11T13:06:24Z,Denmark,Danish Superliga,119,1549021,2026-09-13T12:00:00+00:00,Silkeborg,Viborg,NO,,,,
2026-09-11T13:06:24Z,Lithuania,A Lyga,362,1547629,2026-09-13T11:30:00+00:00,Panevėžys,Kauno Žalgiris,NO,,,,
2026-09-11T13:06:24Z,Lithuania,A Lyga,362,1547631,2026-09-13T14:00:00+00:00,Šiauliai,Hegelmann Litauen,NO,,,,
2026-09-11T13:06:24Z,Lithuania,A Lyga,362,1547630,2026-09-13T15:45:00+00:00,Suduva Marijampole,FK Zalgiris Vilnius,NO,,,,
2026-09-11T13:06:24Z,Latvia,Virsliga,365,1515923,2026-09-11T14:00:00+00:00,Ogre United,FK Liepaja,NO,,,,
2026-09-11T13:06:24Z,Latvia,Virsliga,365,1515921,2026-09-11T15:00:00+00:00,Riga,Auda,NO,,,,
2026-09-11T13:06:24Z,Latvia,Virsliga,365,1515920,2026-09-12T11:00:00+00:00,Grobiņa,FS Jelgava,NO,,,,
2026-09-11T13:06:24Z,Netherlands,Eredivisie,88,1552162,2026-09-11T18:00:00+00:00,AZ Alkmaar,Willem II,NO,,,,
2026-09-11T13:06:24Z,Netherlands,Eredivisie,88,1552163,2026-09-12T14:30:00+00:00,Twente,ADO Den Haag,NO,,,,
2026-09-11T13:06:24Z,Netherlands,Eredivisie,88,1552164,2026-09-12T16:45:00+00:00,GO Ahead Eagles,Groningen,NO,,,,
2026-09-11T13:06:24Z,Norway,Eliteserien,103,1494760,2026-09-12T14:00:00+00:00,Lillestrom,Valerenga,NO,,,,
2026-09-11T13:06:24Z,Norway,Eliteserien,103,1494761,2026-09-12T16:00:00+00:00,Rosenborg,Tromso,NO,,,,
2026-09-11T13:06:24Z,Norway,Eliteserien,103,1494763,2026-09-13T12:30:00+00:00,Viking,Kristiansund BK,NO,,,,
2026-09-11T13:06:24Z,Poland,Ekstraklasa,106,1553168,2026-09-11T16:00:00+00:00,Raków Częstochowa,Motor Lublin,NO,,,,
2026-09-11T13:06:24Z,Poland,Ekstraklasa,106,1553170,2026-09-11T18:30:00+00:00,Wisla Krakow,Jagiellonia,NO,,,,
2026-09-11T13:06:24Z,Poland,Ekstraklasa,106,1553169,2026-09-12T12:45:00+00:00,Slask Wroclaw,Korona Kielce,NO,,,,
2026-09-11T13:06:24Z,Portugal,Primeira Liga,94,1575498,2026-09-12T14:30:00+00:00,Nacional,Alverca,NO,,,,
2026-09-11T13:06:24Z,Portugal,Primeira Liga,94,1575495,2026-09-12T17:00:00+00:00,Casa Pia,FC Porto,NO,,,,
2026-09-11T13:06:24Z,Portugal,Primeira Liga,94,1575491,2026-09-12T19:30:00+00:00,Academico Viseu,Vitória SC,NO,,,,
2026-09-11T13:06:24Z,Turkey,Super Lig,203,1584405,2026-09-11T17:00:00+00:00,Beşiktaş,Erzurumspor FK,NO,,,,
2026-09-11T13:06:24Z,Turkey,Super Lig,203,1584406,2026-09-12T14:00:00+00:00,Eyüpspor,Rizespor,NO,,,,
2026-09-11T13:06:24Z,Turkey,Super Lig,203,1584411,2026-09-12T14:00:00+00:00,Samsunspor,Çorum FK,NO,,,,
2026-09-11T13:06:24Z,Scotland,Scottish Premiership,179,1556642,2026-09-15T18:45:00+00:00,Hibernian,Kilmarnock,NO,,,,
2026-09-11T13:06:24Z,Scotland,Scottish Premiership,179,1556643,2026-09-15T18:45:00+00:00,Motherwell,Aberdeen,NO,,,,
2026-09-11T13:06:24Z,Scotland,Scottish Premiership,179,1556641,2026-09-15T18:45:00+00:00,Falkirk,Heart Of Midlothian,NO,,,,
2026-09-12T08:27:35Z,England,Premier League,39,1557398,2026-09-12T14:00:00+00:00,Bournemouth,Brentford,NO,,,,
2026-09-12T08:27:35Z,England,Premier League,39,1557403,2026-09-12T14:00:00+00:00,Liverpool,Fulham,NO,,,,
2026-09-12T08:27:35Z,England,Premier League,39,1557399,2026-09-12T14:00:00+00:00,Chelsea,Hull City,NO,,,,
2026-09-12T08:27:35Z,Spain,La Liga,140,1570378,2026-09-12T12:00:00+00:00,Racing Santander,Alaves,NO,,,,
2026-09-12T08:27:35Z,Spain,La Liga,140,1570377,2026-09-12T14:15:00+00:00,Osasuna,Espanyol,NO,,,,
2026-09-12T08:27:35Z,Spain,La Liga,140,1570373,2026-09-12T16:30:00+00:00,Athletic Club,Elche,NO,,,,
2026-09-12T08:27:35Z,Italy,Serie A,135,1550119,2026-09-12T13:00:00+00:00,Genoa,Frosinone,NO,,,,
2026-09-12T08:27:35Z,Italy,Serie A,135,1550121,2026-09-12T16:00:00+00:00,Lazio,AC Milan,NO,,,,
2026-09-12T08:27:35Z,Italy,Serie A,135,1550117,2026-09-12T18:45:00+00:00,Atalanta,Cagliari,NO,,,,
2026-09-12T08:27:35Z,Germany,Bundesliga,78,1575161,2026-09-12T13:30:00+00:00,SC Freiburg,Borussia Mönchengladbach,NO,,,,
2026-09-12T08:27:35Z,Germany,Bundesliga,78,1575163,2026-09-12T13:30:00+00:00,FSV Mainz 05,Eintracht Frankfurt,NO,,,,
2026-09-12T08:27:35Z,Germany,Bundesliga,78,1575158,2026-09-12T13:30:00+00:00,Borussia Dortmund,SC Paderborn 07,NO,,,,
2026-09-12T08:27:35Z,France,Ligue 1,61,1552764,2026-09-12T15:15:00+00:00,Strasbourg,Monaco,NO,,,,
2026-09-12T08:27:35Z,France,Ligue 1,61,1552761,2026-09-12T18:45:00+00:00,Lorient,Toulouse,NO,,,,
2026-09-12T08:27:35Z,France,Ligue 1,61,1552756,2026-09-12T18:45:00+00:00,Auxerre,Nice,NO,,,,
2026-09-12T08:27:35Z,Austria,Austrian Bundesliga,218,1561924,2026-09-12T15:00:00+00:00,SCR Altach,Grazer AK,NO,,,,
2026-09-12T08:27:35Z,Austria,Austrian Bundesliga,218,1561929,2026-09-12T17:30:00+00:00,Wolfsberger AC,Rapid Vienna,NO,,,,
2026-09-12T08:27:35Z,Austria,Austrian Bundesliga,218,1561925,2026-09-13T12:30:00+00:00,Austria Vienna,Austria Lustenau,NO,,,,
2026-09-12T08:27:35Z,Belgium,Belgian Pro League,144,1558627,2026-09-12T14:00:00+00:00,SK Beveren,St. Truiden,NO,,,,
2026-09-12T08:27:35Z,Belgium,Belgian Pro League,144,1558628,2026-09-12T16:15:00+00:00,KVC Westerlo,Standard Liege,NO,,,,
2026-09-12T08:27:35Z,Belgium,Belgian Pro League,144,1558629,2026-09-12T18:45:00+00:00,OH Leuven,Cercle Brugge,NO,,,,
2026-09-12T08:27:35Z,Denmark,Danish Superliga,119,1549017,2026-09-13T12:00:00+00:00,Lyngby,Sonderjyske,NO,,,,
2026-09-12T08:27:35Z,Denmark,Danish Superliga,119,1549021,2026-09-13T12:00:00+00:00,Silkeborg,Viborg,NO,,,,
2026-09-12T08:27:35Z,Denmark,Danish Superliga,119,1549020,2026-09-13T14:00:00+00:00,Randers FC,Odense,NO,,,,
2026-09-12T08:27:35Z,Lithuania,A Lyga,362,1547629,2026-09-13T11:30:00+00:00,Panevėžys,Kauno Žalgiris,NO,,,,
2026-09-12T08:27:35Z,Lithuania,A Lyga,362,1547631,2026-09-13T14:00:00+00:00,Šiauliai,Hegelmann Litauen,NO,,,,
2026-09-12T08:27:35Z,Lithuania,A Lyga,362,1547630,2026-09-13T15:45:00+00:00,Suduva Marijampole,FK Zalgiris Vilnius,NO,,,,
2026-09-12T08:27:35Z,Latvia,Virsliga,365,1515920,2026-09-12T11:00:00+00:00,Grobiņa,FS Jelgava,NO,,,,
2026-09-12T08:27:35Z,Latvia,Virsliga,365,1515922,2026-09-13T11:00:00+00:00,BFC Daugavpils,Rīgas FS,NO,,,,
2026-09-12T08:27:35Z,Latvia,Virsliga,365,1515889,2026-09-15T16:00:00+00:00,Super Nova,Riga,NO,,,,
2026-09-12T08:27:35Z,Netherlands,Eredivisie,88,1552163,2026-09-12T14:30:00+00:00,Twente,ADO Den Haag,NO,,,,
2026-09-12T08:27:35Z,Netherlands,Eredivisie,88,1552164,2026-09-12T16:45:00+00:00,GO Ahead Eagles,Groningen,NO,,,,
2026-09-12T08:27:35Z,Netherlands,Eredivisie,88,1552165,2026-09-12T18:00:00+00:00,Fortuna Sittard,Ajax,NO,,,,
2026-09-12T08:27:35Z,Norway,Eliteserien,103,1494760,2026-09-12T14:00:00+00:00,Lillestrom,Valerenga,NO,,,,
2026-09-12T08:27:35Z,Norway,Eliteserien,103,1494761,2026-09-12T16:00:00+00:00,Rosenborg,Tromso,NO,,,,
2026-09-12T08:27:35Z,Norway,Eliteserien,103,1494763,2026-09-13T12:30:00+00:00,Viking,Kristiansund BK,NO,,,,
2026-09-12T08:27:35Z,Poland,Ekstraklasa,106,1553169,2026-09-12T12:45:00+00:00,Slask Wroclaw,Korona Kielce,NO,,,,
2026-09-12T08:27:35Z,Poland,Ekstraklasa,106,1553164,2026-09-12T15:30:00+00:00,Gornik Zabrze,Lech Poznan,NO,,,,
2026-09-12T08:27:35Z,Poland,Ekstraklasa,106,1553172,2026-09-12T18:15:00+00:00,Zaglebie Lubin,GKS Katowice,NO,,,,
2026-09-12T08:27:35Z,Portugal,Primeira Liga,94,1575498,2026-09-12T14:30:00+00:00,Nacional,Alverca,NO,,,,
2026-09-12T08:27:35Z,Portugal,Primeira Liga,94,1575495,2026-09-12T17:00:00+00:00,Casa Pia,FC Porto,NO,,,,
2026-09-12T08:27:35Z,Portugal,Primeira Liga,94,1575491,2026-09-12T19:30:00+00:00,Academico Viseu,Vitória SC,NO,,,,
2026-09-12T08:27:35Z,Turkey,Super Lig,203,1584406,2026-09-12T14:00:00+00:00,Eyüpspor,Rizespor,NO,,,,
2026-09-12T08:27:35Z,Turkey,Super Lig,203,1584411,2026-09-12T14:00:00+00:00,Samsunspor,Çorum FK,NO,,,,
2026-09-12T08:27:35Z,Turkey,Super Lig,203,1584410,2026-09-12T17:00:00+00:00,Konyaspor,Trabzonspor,NO,,,,
2026-09-12T08:27:35Z,Scotland,Scottish Premiership,179,1556642,2026-09-15T18:45:00+00:00,Hibernian,Kilmarnock,NO,,,,
2026-09-12T08:27:35Z,Scotland,Scottish Premiership,179,1556643,2026-09-15T18:45:00+00:00,Motherwell,Aberdeen,NO,,,,
2026-09-12T08:27:35Z,Scotland,Scottish Premiership,179,1556641,2026-09-15T18:45:00+00:00,Falkirk,Heart Of Midlothian,NO,,,,
2026-09-13T08:28:17Z,England,Premier League,39,1557400,2026-09-13T13:00:00+00:00,Coventry,Brighton,NO,,,,
2026-09-13T08:28:17Z,England,Premier League,39,1557404,2026-09-13T15:30:00+00:00,Manchester United,Manchester City,NO,,,,
2026-09-13T08:28:17Z,England,Premier League,39,1557402,2026-09-14T19:00:00+00:00,Leeds,Newcastle,NO,,,,
2026-09-13T08:28:17Z,Spain,La Liga,140,1570374,2026-09-13T12:00:00+00:00,Celta Vigo,Malaga,NO,,,,
2026-09-13T08:28:17Z,Spain,La Liga,140,1570376,2026-09-13T14:15:00+00:00,Levante,Barcelona,NO,,,,
2026-09-13T08:28:17Z,Spain,La Liga,140,1570375,2026-09-13T16:30:00+00:00,Getafe,Deportivo La Coruna,NO,,,,
2026-09-13T08:28:17Z,Italy,Serie A,135,1550122,2026-09-13T13:00:00+00:00,Lecce,Monza,NO,,,,
2026-09-13T08:28:17Z,Italy,Serie A,135,1550123,2026-09-13T16:00:00+00:00,Napoli,Bologna,NO,,,,
2026-09-13T08:28:17Z,Italy,Serie A,135,1550124,2026-09-13T18:45:00+00:00,Sassuolo,Juventus,NO,,,,
2026-09-13T08:28:17Z,Germany,Bundesliga,78,1575159,2026-09-13T13:30:00+00:00,RB Leipzig,Hamburger SV,NO,,,,
2026-09-13T08:28:17Z,Germany,Bundesliga,78,1575166,2026-09-13T15:30:00+00:00,SV Elversberg,Bayern München,NO,,,,
2026-09-13T08:28:17Z,Germany,Bundesliga,78,1575167,2026-09-18T18:30:00+00:00,Bayern München,Union Berlin,NO,,,,
2026-09-13T08:28:17Z,France,Ligue 1,61,1552760,2026-09-13T13:00:00+00:00,Lille,Estac Troyes,NO,,,,
2026-09-13T08:28:17Z,France,Ligue 1,61,1552759,2026-09-13T15:15:00+00:00,Le Mans,Lens,NO,,,,
2026-09-13T08:28:17Z,France,Ligue 1,61,1552757,2026-09-13T18:45:00+00:00,Stade Brestois 29,Paris Saint Germain,NO,,,,
2026-09-13T08:28:17Z,Austria,Austrian Bundesliga,218,1561925,2026-09-13T12:30:00+00:00,Austria Vienna,Austria Lustenau,NO,,,,
2026-09-13T08:28:17Z,Austria,Austrian Bundesliga,218,1561928,2026-09-13T12:30:00+00:00,WSG Wattens,TSV Hartberg,NO,,,,
2026-09-13T08:28:17Z,Austria,Austrian Bundesliga,218,1561927,2026-09-13T15:00:00+00:00,Sturm Graz,Lask Linz,NO,,,,
2026-09-13T08:28:17Z,Belgium,Belgian Pro League,144,1558631,2026-09-13T11:30:00+00:00,Club Brugge KV,Antwerp,NO,,,,
2026-09-13T08:28:17Z,Belgium,Belgian Pro League,144,1558632,2026-09-13T14:00:00+00:00,Genk,Gent,NO,,,,
2026-09-13T08:28:17Z,Belgium,Belgian Pro League,144,1558633,2026-09-13T16:30:00+00:00,Zulte Waregem,Charleroi,NO,,,,
2026-09-13T08:28:17Z,Denmark,Danish Superliga,119,1549017,2026-09-13T12:00:00+00:00,Lyngby,Sonderjyske,NO,,,,
2026-09-13T08:28:17Z,Denmark,Danish Superliga,119,1549021,2026-09-13T12:00:00+00:00,Silkeborg,Viborg,NO,,,,
2026-09-13T08:28:17Z,Denmark,Danish Superliga,119,1549020,2026-09-13T14:00:00+00:00,Randers FC,Odense,NO,,,,
2026-09-13T08:28:17Z,Lithuania,A Lyga,362,1547629,2026-09-13T11:30:00+00:00,Panevėžys,Kauno Žalgiris,NO,,,,
2026-09-13T08:28:17Z,Lithuania,A Lyga,362,1547631,2026-09-13T14:00:00+00:00,Šiauliai,Hegelmann Litauen,NO,,,,
2026-09-13T08:28:17Z,Lithuania,A Lyga,362,1547630,2026-09-13T15:45:00+00:00,Suduva Marijampole,FK Zalgiris Vilnius,NO,,,,
2026-09-13T08:28:17Z,Latvia,Virsliga,365,1515922,2026-09-13T11:00:00+00:00,BFC Daugavpils,Rīgas FS,NO,,,,
2026-09-13T08:28:17Z,Latvia,Virsliga,365,1515889,2026-09-15T16:00:00+00:00,Super Nova,Riga,NO,,,,
2026-09-13T08:28:17Z,Latvia,Virsliga,365,1515898,2026-09-16T16:00:00+00:00,Auda,Ogre United,NO,,,,
2026-09-13T08:28:17Z,Netherlands,Eredivisie,88,1552167,2026-09-13T10:15:00+00:00,Excelsior,Utrecht,NO,,,,
2026-09-13T08:28:17Z,Netherlands,Eredivisie,88,1552166,2026-09-13T12:30:00+00:00,Heerenveen,Telstar,NO,,,,
2026-09-13T08:28:17Z,Netherlands,Eredivisie,88,1552170,2026-09-13T14:45:00+00:00,PEC Zwolle,Feyenoord,NO,,,,
2026-09-13T08:28:17Z,Norway,Eliteserien,103,1494763,2026-09-13T12:30:00+00:00,Viking,Kristiansund BK,NO,,,,
2026-09-13T08:28:17Z,Norway,Eliteserien,103,1494762,2026-09-13T15:00:00+00:00,Start,Brann,NO,,,,
2026-09-13T08:28:17Z,Norway,Eliteserien,103,1494759,2026-09-13T15:00:00+00:00,KFUM Oslo,Aalesund,NO,,,,
2026-09-13T08:28:17Z,Poland,Ekstraklasa,106,1553171,2026-09-13T10:15:00+00:00,Wisla Plock,Cracovia Krakow,NO,,,,
2026-09-13T08:28:17Z,Poland,Ekstraklasa,106,1553166,2026-09-13T12:45:00+00:00,Pogon Szczecin,Wieczysta Kraków,NO,,,,
2026-09-13T08:28:17Z,Poland,Ekstraklasa,106,1553165,2026-09-13T15:30:00+00:00,Legia Warszawa,Widzew Łódź,NO,,,,
2026-09-13T08:28:17Z,Portugal,Primeira Liga,94,1575493,2026-09-13T17:00:00+00:00,Benfica,GIL Vicente,NO,,,,
2026-09-13T08:28:17Z,Portugal,Primeira Liga,94,1575492,2026-09-13T17:00:00+00:00,Arouca,Santa Clara,NO,,,,
2026-09-13T08:28:17Z,Portugal,Primeira Liga,94,1575496,2026-09-13T19:30:00+00:00,Famalicao,Sporting CP,NO,,,,
2026-09-13T08:28:17Z,Turkey,Super Lig,203,1584409,2026-09-13T14:00:00+00:00,Gençlerbirliği S.K.,Kasımpaşa,NO,,,,
2026-09-13T08:28:17Z,Turkey,Super Lig,203,1584407,2026-09-13T17:00:00+00:00,Galatasaray,Kocaelispor,NO,,,,
2026-09-13T08:28:17Z,Turkey,Super Lig,203,1584404,2026-09-13T17:00:00+00:00,Amed,Başakşehir,NO,,,,
2026-09-13T08:28:17Z,Scotland,Scottish Premiership,179,1556642,2026-09-15T18:45:00+00:00,Hibernian,Kilmarnock,NO,,,,
2026-09-13T08:28:17Z,Scotland,Scottish Premiership,179,1556643,2026-09-15T18:45:00+00:00,Motherwell,Aberdeen,NO,,,,
2026-09-13T08:28:17Z,Scotland,Scottish Premiership,179,1556641,2026-09-15T18:45:00+00:00,Falkirk,Heart Of Midlothian,NO,,,,
2026-09-14T08:32:34Z,England,Premier League,39,1557402,2026-09-14T19:00:00+00:00,Leeds,Newcastle,NO,,,,
2026-09-14T08:32:34Z,England,Premier League,39,1557408,2026-09-18T19:00:00+00:00,Brentford,Chelsea,NO,,,,
2026-09-14T08:32:34Z,England,Premier League,39,1557416,2026-09-19T11:30:00+00:00,Tottenham,Aston Villa,NO,,,,
2026-09-14T08:32:34Z,Spain,La Liga,140,1570382,2026-09-14T19:00:00+00:00,Villarreal,Real Betis,NO,,,,
2026-09-14T08:32:34Z,Spain,La Liga,140,1570391,2026-09-15T17:00:00+00:00,Rayo Vallecano,Espanyol,NO,,,,
2026-09-14T08:32:34Z,Spain,La Liga,140,1570383,2026-09-15T18:00:00+00:00,Alaves,Valencia,NO,,,,
2026-09-14T08:32:34Z,Italy,Serie A,135,1550125,2026-09-14T16:30:00+00:00,Torino,AS Roma,NO,,,,
2026-09-14T08:32:34Z,Italy,Serie A,135,1550118,2026-09-14T16:30:00+00:00,Como,Parma,NO,,,,
2026-09-14T08:32:34Z,Italy,Serie A,135,1550120,2026-09-14T18:45:00+00:00,Inter,Udinese,NO,,,,
2026-09-14T08:32:34Z,Germany,Bundesliga,78,1575167,2026-09-18T18:30:00+00:00,Bayern München,Union Berlin,NO,,,,
2026-09-14T08:32:34Z,Germany,Bundesliga,78,1575172,2026-09-19T13:30:00+00:00,Werder Bremen,FC Augsburg,NO,,,,
2026-09-14T08:32:34Z,Germany,Bundesliga,78,1575174,2026-09-19T13:30:00+00:00,Borussia Mönchengladbach,FSV Mainz 05,NO,,,,
2026-09-14T08:32:34Z,France,Ligue 1,61,1552769,2026-09-18T18:45:00+00:00,Monaco,Lens,NO,,,,
2026-09-14T08:32:34Z,France,Ligue 1,61,1552771,2026-09-19T15:15:00+00:00,Paris FC,Strasbourg,NO,,,,
2026-09-14T08:32:34Z,France,Ligue 1,61,1552765,2026-09-19T18:45:00+00:00,Angers,Estac Troyes,NO,,,,
2026-09-14T08:32:34Z,Austria,Austrian Bundesliga,218,1561935,2026-09-18T17:30:00+00:00,Rapid Vienna,WSG Wattens,NO,,,,
2026-09-14T08:32:34Z,Austria,Austrian Bundesliga,218,1561930,2026-09-19T15:00:00+00:00,Austria Lustenau,SCR Altach,NO,,,,
2026-09-14T08:32:34Z,Austria,Austrian Bundesliga,218,1561931,2026-09-19T17:30:00+00:00,Grazer AK,Austria Vienna,NO,,,,
2026-09-14T08:32:34Z,Belgium,Belgian Pro League,144,1558635,2026-09-18T18:45:00+00:00,Gent,Standard Liege,NO,,,,
2026-09-14T08:32:34Z,Belgium,Belgian Pro League,144,1558636,2026-09-19T14:00:00+00:00,OH Leuven,RAAL La Louvière,NO,,,,
2026-09-14T08:32:34Z,Belgium,Belgian Pro League,144,1558637,2026-09-19T16:15:00+00:00,Charleroi,Cercle Brugge,NO,,,,
2026-09-14T08:32:34Z,Denmark,Danish Superliga,119,1549018,2026-09-14T17:00:00+00:00,FC Midtjylland,Brondby,NO,,,,
2026-09-14T08:32:34Z,Denmark,Danish Superliga,119,1549024,2026-09-18T17:00:00+00:00,Lyngby,Silkeborg,NO,,,,
2026-09-14T08:32:34Z,Denmark,Danish Superliga,119,1549025,2026-09-19T16:00:00+00:00,Odense,FC Midtjylland,NO,,,,
2026-09-14T08:32:34Z,Lithuania,A Lyga,362,1547633,2026-09-14T15:45:00+00:00,Banga,TransINVEST Vilnius,NO,,,,
2026-09-14T08:32:34Z,Lithuania,A Lyga,362,1547599,2026-09-16T15:45:00+00:00,FK Zalgiris Vilnius,Kauno Žalgiris,NO,,,,
2026-09-14T08:32:34Z,Lithuania,A Lyga,362,1547635,2026-09-19T11:15:00+00:00,Banga,Džiugas Telšiai,NO,,,,
2026-09-14T08:32:34Z,Latvia,Virsliga,365,1515889,2026-09-15T16:00:00+00:00,Super Nova,Riga,NO,,,,
2026-09-14T08:32:34Z,Latvia,Virsliga,365,1515898,2026-09-16T16:00:00+00:00,Auda,Ogre United,NO,,,,
2026-09-14T08:32:34Z,Latvia,Virsliga,365,1515925,2026-09-19T11:00:00+00:00,FK Liepaja,BFC Daugavpils,NO,,,,
2026-09-14T08:32:34Z,Netherlands,Eredivisie,88,1552143,2026-09-15T18:00:00+00:00,Ajax,Willem II,NO,,,,
2026-09-14T08:32:34Z,Netherlands,Eredivisie,88,1552173,2026-09-18T18:00:00+00:00,Groningen,PEC Zwolle,NO,,,,
2026-09-14T08:32:34Z,Netherlands,Eredivisie,88,1552172,2026-09-19T14:30:00+00:00,ADO Den Haag,Cambuur,NO,,,,
2026-09-14T08:32:34Z,Norway,Eliteserien,103,1494756,2026-09-14T17:00:00+00:00,Bodo/Glimt,Sandefjord,NO,,,,
2026-09-14T08:32:34Z,Norway,Eliteserien,103,1494768,2026-09-18T17:00:00+00:00,Sarpsborg 08 FF,KFUM Oslo,NO,,,,
2026-09-14T08:32:34Z,Norway,Eliteserien,103,1494765,2026-09-19T14:00:00+00:00,Kristiansund BK,Rosenborg,NO,,,,
2026-09-14T08:32:34Z,Poland,Ekstraklasa,106,1553167,2026-09-14T17:00:00+00:00,Radomiak Radom,Piast Gliwice,NO,,,,
2026-09-14T08:32:34Z,Poland,Ekstraklasa,106,1553125,2026-09-15T16:00:00+00:00,Raków Częstochowa,Zaglebie Lubin,NO,,,,
2026-09-14T08:32:34Z,Poland,Ekstraklasa,106,1553112,2026-09-15T18:30:00+00:00,Korona Kielce,Gornik Zabrze,NO,,,,
2026-09-14T08:32:34Z,Portugal,Primeira Liga,94,1575499,2026-09-14T17:45:00+00:00,Rio Ave,Estrela,NO,,,,
2026-09-14T08:32:34Z,Portugal,Primeira Liga,94,1575497,2026-09-14T19:15:00+00:00,Moreirense,Maritimo,NO,,,,
2026-09-14T08:32:34Z,Portugal,Primeira Liga,94,1575494,2026-09-14T19:45:00+00:00,SC Braga,Estoril,NO,,,,
2026-09-14T08:32:34Z,Turkey,Super Lig,203,1584408,2026-09-14T17:00:00+00:00,Gaziantep FK,Fenerbahçe,NO,,,,
2026-09-14T08:32:34Z,Turkey,Super Lig,203,1584418,2026-09-18T17:00:00+00:00,Kasımpaşa,Konyaspor,NO,,,,
2026-09-14T08:32:34Z,Turkey,Super Lig,203,1584414,2026-09-19T14:00:00+00:00,Çorum FK,Alanyaspor,NO,,,,
2026-09-14T08:32:34Z,Scotland,Scottish Premiership,179,1556642,2026-09-15T18:45:00+00:00,Hibernian,Kilmarnock,NO,,,,
2026-09-14T08:32:34Z,Scotland,Scottish Premiership,179,1556643,2026-09-15T18:45:00+00:00,Motherwell,Aberdeen,NO,,,,
2026-09-14T08:32:34Z,Scotland,Scottish Premiership,179,1556641,2026-09-15T18:45:00+00:00,Falkirk,Heart Of Midlothian,NO,,,,
2026-09-15T08:32:24Z,England,Premier League,39,1557408,2026-09-18T19:00:00+00:00,Brentford,Chelsea,NO,,,,
2026-09-15T08:32:24Z,England,Premier League,39,1557416,2026-09-19T11:30:00+00:00,Tottenham,Aston Villa,NO,,,,
2026-09-15T08:32:24Z,England,Premier League,39,1557414,2026-09-19T14:00:00+00:00,Newcastle,Hull City,NO,,,,
2026-09-15T08:32:24Z,Spain,La Liga,140,1570391,2026-09-15T17:00:00+00:00,Rayo Vallecano,Espanyol,NO,,,,
2026-09-15T08:32:24Z,Spain,La Liga,140,1570383,2026-09-15T18:00:00+00:00,Alaves,Valencia,NO,,,,
2026-09-15T08:32:24Z,Spain,La Liga,140,1570388,2026-09-15T19:30:00+00:00,Elche,Real Madrid,NO,,,,
2026-09-15T08:32:24Z,Italy,Serie A,135,1550133,2026-09-18T18:45:00+00:00,Monza,Sassuolo,NO,,,,
2026-09-15T08:32:24Z,Italy,Serie A,135,1550135,2026-09-19T13:00:00+00:00,Udinese,Cagliari,NO,,,,
2026-09-15T08:32:24Z,Italy,Serie A,135,1550129,2026-09-19T13:00:00+00:00,Bologna,Torino,NO,,,,
2026-09-15T08:32:24Z,Germany,Bundesliga,78,1575167,2026-09-18T18:30:00+00:00,Bayern München,Union Berlin,NO,,,,
2026-09-15T08:32:24Z,Germany,Bundesliga,78,1575172,2026-09-19T13:30:00+00:00,Werder Bremen,FC Augsburg,NO,,,,
2026-09-15T08:32:24Z,Germany,Bundesliga,78,1575174,2026-09-19T13:30:00+00:00,Borussia Mönchengladbach,FSV Mainz 05,NO,,,,
2026-09-15T08:32:24Z,France,Ligue 1,61,1552769,2026-09-18T18:45:00+00:00,Monaco,Lens,NO,,,,
2026-09-15T08:32:24Z,France,Ligue 1,61,1552771,2026-09-19T15:15:00+00:00,Paris FC,Strasbourg,NO,,,,
2026-09-15T08:32:24Z,France,Ligue 1,61,1552765,2026-09-19T18:45:00+00:00,Angers,Estac Troyes,NO,,,,
2026-09-15T08:32:24Z,Austria,Austrian Bundesliga,218,1561935,2026-09-18T17:30:00+00:00,Rapid Vienna,WSG Wattens,NO,,,,
2026-09-15T08:32:24Z,Austria,Austrian Bundesliga,218,1561930,2026-09-19T15:00:00+00:00,Austria Lustenau,SCR Altach,NO,,,,
2026-09-15T08:32:24Z,Austria,Austrian Bundesliga,218,1561931,2026-09-19T17:30:00+00:00,Grazer AK,Austria Vienna,NO,,,,
2026-09-15T08:32:24Z,Belgium,Belgian Pro League,144,1558635,2026-09-18T18:45:00+00:00,Gent,Standard Liege,NO,,,,
2026-09-15T08:32:24Z,Belgium,Belgian Pro League,144,1558636,2026-09-19T14:00:00+00:00,OH Leuven,RAAL La Louvière,NO,,,,
2026-09-15T08:32:24Z,Belgium,Belgian Pro League,144,1558637,2026-09-19T16:15:00+00:00,Charleroi,Cercle Brugge,NO,,,,
2026-09-15T08:32:24Z,Denmark,Danish Superliga,119,1549024,2026-09-18T17:00:00+00:00,Lyngby,Silkeborg,NO,,,,
2026-09-15T08:32:24Z,Denmark,Danish Superliga,119,1549025,2026-09-19T16:00:00+00:00,Odense,FC Midtjylland,NO,,,,
2026-09-15T08:32:24Z,Denmark,Danish Superliga,119,1549026,2026-09-20T12:00:00+00:00,Sonderjyske,Randers FC,NO,,,,
2026-09-15T08:32:24Z,Lithuania,A Lyga,362,1547599,2026-09-16T15:45:00+00:00,FK Zalgiris Vilnius,Kauno Žalgiris,NO,,,,
2026-09-15T08:32:24Z,Lithuania,A Lyga,362,1547635,2026-09-19T11:15:00+00:00,Banga,Džiugas Telšiai,NO,,,,
2026-09-15T08:32:24Z,Lithuania,A Lyga,362,1547636,2026-09-19T16:30:00+00:00,TransINVEST Vilnius,FK Zalgiris Vilnius,NO,,,,
2026-09-15T08:32:24Z,Latvia,Virsliga,365,1515889,2026-09-15T16:00:00+00:00,Super Nova,Riga,NO,,,,
2026-09-15T08:32:24Z,Latvia,Virsliga,365,1515898,2026-09-16T16:00:00+00:00,Auda,Ogre United,NO,,,,
2026-09-15T08:32:24Z,Latvia,Virsliga,365,1515925,2026-09-19T11:00:00+00:00,FK Liepaja,BFC Daugavpils,NO,,,,
2026-09-15T08:32:24Z,Netherlands,Eredivisie,88,1552143,2026-09-15T18:00:00+00:00,Ajax,Willem II,NO,,,,
2026-09-15T08:32:24Z,Netherlands,Eredivisie,88,1552173,2026-09-18T18:00:00+00:00,Groningen,PEC Zwolle,NO,,,,
2026-09-15T08:32:24Z,Netherlands,Eredivisie,88,1552172,2026-09-19T14:30:00+00:00,ADO Den Haag,Cambuur,NO,,,,
2026-09-15T08:32:24Z,Norway,Eliteserien,103,1494768,2026-09-18T17:00:00+00:00,Sarpsborg 08 FF,KFUM Oslo,NO,,,,
2026-09-15T08:32:24Z,Norway,Eliteserien,103,1494765,2026-09-19T14:00:00+00:00,Kristiansund BK,Rosenborg,NO,,,,
2026-09-15T08:32:24Z,Norway,Eliteserien,103,1494766,2026-09-19T16:00:00+00:00,Molde,Aalesund,NO,,,,
2026-09-15T08:32:24Z,Poland,Ekstraklasa,106,1553125,2026-09-15T16:00:00+00:00,Raków Częstochowa,Zaglebie Lubin,NO,,,,
2026-09-15T08:32:24Z,Poland,Ekstraklasa,106,1553112,2026-09-15T18:30:00+00:00,Korona Kielce,Gornik Zabrze,NO,,,,
2026-09-15T08:32:24Z,Poland,Ekstraklasa,106,1553179,2026-09-18T16:00:00+00:00,Widzew Łódź,Wieczysta Kraków,NO,,,,
2026-09-15T08:32:24Z,Portugal,Primeira Liga,94,1575505,2026-09-19T14:30:00+00:00,Nacional,Famalicao,NO,,,,
2026-09-15T08:32:24Z,Portugal,Primeira Liga,94,1575504,2026-09-19T14:30:00+00:00,GIL Vicente,Maritimo,NO,,,,
2026-09-15T08:32:24Z,Portugal,Primeira Liga,94,1575500,2026-09-19T17:00:00+00:00,Alverca,Rio Ave,NO,,,,
2026-09-15T08:32:24Z,Turkey,Super Lig,203,1584418,2026-09-18T17:00:00+00:00,Kasımpaşa,Konyaspor,NO,,,,
2026-09-15T08:32:24Z,Turkey,Super Lig,203,1584414,2026-09-19T14:00:00+00:00,Çorum FK,Alanyaspor,NO,,,,
2026-09-15T08:32:24Z,Turkey,Super Lig,203,1584419,2026-09-19T14:00:00+00:00,Kocaelispor,Gaziantep FK,NO,,,,
2026-09-15T08:32:24Z,Scotland,Scottish Premiership,179,1556642,2026-09-15T18:45:00+00:00,Hibernian,Kilmarnock,NO,,,,
2026-09-15T08:32:24Z,Scotland,Scottish Premiership,179,1556643,2026-09-15T18:45:00+00:00,Motherwell,Aberdeen,NO,,,,
2026-09-15T08:32:24Z,Scotland,Scottish Premiership,179,1556641,2026-09-15T18:45:00+00:00,Falkirk,Heart Of Midlothian,NO,,,,
2026-09-16T08:30:31Z,England,Premier League,39,1557408,2026-09-18T19:00:00+00:00,Brentford,Chelsea,NO,,,,
2026-09-16T08:30:31Z,England,Premier League,39,1557416,2026-09-19T11:30:00+00:00,Tottenham,Aston Villa,NO,,,,
2026-09-16T08:30:31Z,England,Premier League,39,1557414,2026-09-19T14:00:00+00:00,Newcastle,Hull City,NO,,,,
2026-09-16T08:30:31Z,Spain,La Liga,140,1570384,2026-09-16T17:00:00+00:00,Atletico Madrid,Osasuna,NO,,,,
2026-09-16T08:30:31Z,Spain,La Liga,140,1570387,2026-09-16T17:00:00+00:00,Deportivo La Coruna,Sevilla,NO,,,,
2026-09-16T08:30:31Z,Spain,La Liga,140,1570385,2026-09-16T19:30:00+00:00,Barcelona,Racing Santander,NO,,,,
2026-09-16T08:30:31Z,Italy,Serie A,135,1550133,2026-09-18T18:45:00+00:00,Monza,Sassuolo,NO,,,,
2026-09-16T08:30:31Z,Italy,Serie A,135,1550135,2026-09-19T13:00:00+00:00,Udinese,Cagliari,NO,,,,
2026-09-16T08:30:31Z,Italy,Serie A,135,1550129,2026-09-19T13:00:00+00:00,Bologna,Torino,NO,,,,
2026-09-16T08:30:31Z,Germany,Bundesliga,78,1575167,2026-09-18T18:30:00+00:00,Bayern München,Union Berlin,NO,,,,
2026-09-16T08:30:31Z,Germany,Bundesliga,78,1575172,2026-09-19T13:30:00+00:00,Werder Bremen,FC Augsburg,NO,,,,
2026-09-16T08:30:31Z,Germany,Bundesliga,78,1575174,2026-09-19T13:30:00+00:00,Borussia Mönchengladbach,FSV Mainz 05,NO,,,,
2026-09-16T08:30:31Z,France,Ligue 1,61,1552769,2026-09-18T18:45:00+00:00,Monaco,Lens,NO,,,,
2026-09-16T08:30:31Z,France,Ligue 1,61,1552771,2026-09-19T15:15:00+00:00,Paris FC,Strasbourg,NO,,,,
2026-09-16T08:30:31Z,France,Ligue 1,61,1552765,2026-09-19T18:45:00+00:00,Angers,Estac Troyes,NO,,,,
2026-09-16T08:30:31Z,Austria,Austrian Bundesliga,218,1561935,2026-09-18T17:30:00+00:00,Rapid Vienna,WSG Wattens,NO,,,,
2026-09-16T08:30:31Z,Austria,Austrian Bundesliga,218,1561930,2026-09-19T15:00:00+00:00,Austria Lustenau,SCR Altach,NO,,,,
2026-09-16T08:30:31Z,Austria,Austrian Bundesliga,218,1561931,2026-09-19T17:30:00+00:00,Grazer AK,Austria Vienna,NO,,,,
2026-09-16T08:30:31Z,Belgium,Belgian Pro League,144,1558635,2026-09-18T18:45:00+00:00,Gent,Standard Liege,NO,,,,
2026-09-16T08:30:31Z,Belgium,Belgian Pro League,144,1558636,2026-09-19T14:00:00+00:00,OH Leuven,RAAL La Louvière,NO,,,,
2026-09-16T08:30:31Z,Belgium,Belgian Pro League,144,1558637,2026-09-19T16:15:00+00:00,Charleroi,Cercle Brugge,NO,,,,
2026-09-16T08:30:31Z,Denmark,Danish Superliga,119,1549024,2026-09-18T17:00:00+00:00,Lyngby,Silkeborg,NO,,,,
2026-09-16T08:30:31Z,Denmark,Danish Superliga,119,1549025,2026-09-19T16:00:00+00:00,Odense,FC Midtjylland,NO,,,,
2026-09-16T08:30:31Z,Denmark,Danish Superliga,119,1549026,2026-09-20T12:00:00+00:00,Sonderjyske,Randers FC,NO,,,,
2026-09-16T08:30:31Z,Lithuania,A Lyga,362,1547599,2026-09-16T15:45:00+00:00,FK Zalgiris Vilnius,Kauno Žalgiris,NO,,,,
2026-09-16T08:30:31Z,Lithuania,A Lyga,362,1547635,2026-09-19T11:15:00+00:00,Banga,Džiugas Telšiai,NO,,,,
2026-09-16T08:30:31Z,Lithuania,A Lyga,362,1547636,2026-09-19T16:30:00+00:00,TransINVEST Vilnius,FK Zalgiris Vilnius,NO,,,,
2026-09-16T08:30:31Z,Latvia,Virsliga,365,1515898,2026-09-16T16:00:00+00:00,Auda,Ogre United,NO,,,,
2026-09-16T08:30:31Z,Latvia,Virsliga,365,1515925,2026-09-19T11:00:00+00:00,FK Liepaja,BFC Daugavpils,NO,,,,
2026-09-16T08:30:31Z,Latvia,Virsliga,365,1515926,2026-09-19T13:00:00+00:00,FS Jelgava,Riga,NO,,,,
2026-09-16T08:30:31Z,Netherlands,Eredivisie,88,1552173,2026-09-18T18:00:00+00:00,Groningen,PEC Zwolle,NO,,,,
2026-09-16T08:30:31Z,Netherlands,Eredivisie,88,1552172,2026-09-19T14:30:00+00:00,ADO Den Haag,Cambuur,NO,,,,
2026-09-16T08:30:31Z,Netherlands,Eredivisie,88,1552171,2026-09-19T16:45:00+00:00,Sparta Rotterdam,Heerenveen,NO,,,,
2026-09-16T08:30:31Z,Norway,Eliteserien,103,1494768,2026-09-18T17:00:00+00:00,Sarpsborg 08 FF,KFUM Oslo,NO,,,,
2026-09-16T08:30:31Z,Norway,Eliteserien,103,1494765,2026-09-19T14:00:00+00:00,Kristiansund BK,Rosenborg,NO,,,,
2026-09-16T08:30:31Z,Norway,Eliteserien,103,1494766,2026-09-19T16:00:00+00:00,Molde,Aalesund,NO,,,,
2026-09-16T08:30:31Z,Poland,Ekstraklasa,106,1553179,2026-09-18T16:00:00+00:00,Widzew Łódź,Wieczysta Kraków,NO,,,,
2026-09-16T08:30:31Z,Poland,Ekstraklasa,106,1553180,2026-09-18T18:30:00+00:00,Wisla Krakow,Slask Wroclaw,NO,,,,
2026-09-16T08:30:31Z,Poland,Ekstraklasa,106,1553175,2026-09-19T12:45:00+00:00,Korona Kielce,Raków Częstochowa,NO,,,,
2026-09-16T08:30:31Z,Portugal,Primeira Liga,94,1575505,2026-09-19T14:30:00+00:00,Nacional,Famalicao,NO,,,,
2026-09-16T08:30:31Z,Portugal,Primeira Liga,94,1575504,2026-09-19T14:30:00+00:00,GIL Vicente,Maritimo,NO,,,,
2026-09-16T08:30:31Z,Portugal,Primeira Liga,94,1575500,2026-09-19T17:00:00+00:00,Alverca,Rio Ave,NO,,,,
2026-09-16T08:30:31Z,Turkey,Super Lig,203,1584418,2026-09-18T17:00:00+00:00,Kasımpaşa,Konyaspor,NO,,,,
2026-09-16T08:30:31Z,Turkey,Super Lig,203,1584414,2026-09-19T14:00:00+00:00,Çorum FK,Alanyaspor,NO,,,,
2026-09-16T08:30:31Z,Turkey,Super Lig,203,1584419,2026-09-19T14:00:00+00:00,Kocaelispor,Gaziantep FK,NO,,,,
2026-09-16T08:30:31Z,Scotland,Scottish Premiership,179,1556665,2026-09-19T14:00:00+00:00,Hibernian,Aberdeen,NO,,,,
2026-09-16T08:30:31Z,Scotland,Scottish Premiership,179,1556668,2026-09-19T14:00:00+00:00,ST Mirren,Dundee Utd,NO,,,,
2026-09-16T08:30:31Z,Scotland,Scottish Premiership,179,1556664,2026-09-19T14:00:00+00:00,Dundee,Motherwell,NO,,,,
2026-09-17T08:30:38Z,England,Premier League,39,1557408,2026-09-18T19:00:00+00:00,Brentford,Chelsea,NO,,,,
2026-09-17T08:30:38Z,England,Premier League,39,1557416,2026-09-19T11:30:00+00:00,Tottenham,Aston Villa,NO,,,,
2026-09-17T08:30:38Z,England,Premier League,39,1557414,2026-09-19T14:00:00+00:00,Newcastle,Hull City,NO,,,,
2026-09-17T08:30:38Z,Spain,La Liga,140,1570386,2026-09-17T17:00:00+00:00,Real Betis,Getafe,NO,,,,
2026-09-17T08:30:38Z,Spain,La Liga,140,1570390,2026-09-17T19:30:00+00:00,Malaga,Villarreal,NO,,,,
2026-09-17T08:30:38Z,Spain,La Liga,140,1570397,2026-09-18T19:00:00+00:00,Espanyol,Elche,NO,,,,
2026-09-17T08:30:38Z,Italy,Serie A,135,1550133,2026-09-18T18:45:00+00:00,Monza,Sassuolo,NO,,,,
2026-09-17T08:30:38Z,Italy,Serie A,135,1550135,2026-09-19T13:00:00+00:00,Udinese,Cagliari,NO,,,,
2026-09-17T08:30:38Z,Italy,Serie A,135,1550129,2026-09-19T13:00:00+00:00,Bologna,Torino,NO,,,,
2026-09-17T08:30:38Z,Germany,Bundesliga,78,1575167,2026-09-18T18:30:00+00:00,Bayern München,Union Berlin,NO,,,,
2026-09-17T08:30:38Z,Germany,Bundesliga,78,1575172,2026-09-19T13:30:00+00:00,Werder Bremen,FC Augsburg,NO,,,,
2026-09-17T08:30:38Z,Germany,Bundesliga,78,1575174,2026-09-19T13:30:00+00:00,Borussia Mönchengladbach,FSV Mainz 05,NO,,,,
2026-09-17T08:30:38Z,France,Ligue 1,61,1552769,2026-09-18T18:45:00+00:00,Monaco,Lens,NO,,,,
2026-09-17T08:30:38Z,France,Ligue 1,61,1552771,2026-09-19T15:15:00+00:00,Paris FC,Strasbourg,NO,,,,
2026-09-17T08:30:38Z,France,Ligue 1,61,1552765,2026-09-19T18:45:00+00:00,Angers,Estac Troyes,NO,,,,
2026-09-17T08:30:38Z,Austria,Austrian Bundesliga,218,1561935,2026-09-18T17:30:00+00:00,Rapid Vienna,WSG Wattens,NO,,,,
2026-09-17T08:30:38Z,Austria,Austrian Bundesliga,218,1561930,2026-09-19T15:00:00+00:00,Austria Lustenau,SCR Altach,NO,,,,
2026-09-17T08:30:38Z,Austria,Austrian Bundesliga,218,1561931,2026-09-19T17:30:00+00:00,Grazer AK,Austria Vienna,NO,,,,
2026-09-17T08:30:38Z,Belgium,Belgian Pro League,144,1558635,2026-09-18T18:45:00+00:00,Gent,Standard Liege,NO,,,,
2026-09-17T08:30:38Z,Belgium,Belgian Pro League,144,1558636,2026-09-19T14:00:00+00:00,OH Leuven,RAAL La Louvière,NO,,,,
2026-09-17T08:30:38Z,Belgium,Belgian Pro League,144,1558637,2026-09-19T16:15:00+00:00,Charleroi,Cercle Brugge,NO,,,,
2026-09-17T08:30:38Z,Denmark,Danish Superliga,119,1549024,2026-09-18T17:00:00+00:00,Lyngby,Silkeborg,NO,,,,
2026-09-17T08:30:38Z,Denmark,Danish Superliga,119,1549025,2026-09-19T16:00:00+00:00,Odense,FC Midtjylland,NO,,,,
2026-09-17T08:30:38Z,Denmark,Danish Superliga,119,1549026,2026-09-20T12:00:00+00:00,Sonderjyske,Randers FC,NO,,,,
2026-09-17T08:30:38Z,Lithuania,A Lyga,362,1547635,2026-09-19T11:15:00+00:00,Banga,Džiugas Telšiai,NO,,,,
2026-09-17T08:30:38Z,Lithuania,A Lyga,362,1547636,2026-09-19T16:30:00+00:00,TransINVEST Vilnius,FK Zalgiris Vilnius,NO,,,,
2026-09-17T08:30:38Z,Lithuania,A Lyga,362,1547637,2026-09-20T11:15:00+00:00,Hegelmann Litauen,Suduva Marijampole,NO,,,,
2026-09-17T08:30:38Z,Latvia,Virsliga,365,1515925,2026-09-19T11:00:00+00:00,FK Liepaja,BFC Daugavpils,NO,,,,
2026-09-17T08:30:38Z,Latvia,Virsliga,365,1515926,2026-09-19T13:00:00+00:00,FS Jelgava,Riga,NO,,,,
2026-09-17T08:30:38Z,Latvia,Virsliga,365,1515927,2026-09-20T11:00:00+00:00,Ogre United,Super Nova,NO,,,,
2026-09-17T08:30:38Z,Netherlands,Eredivisie,88,1552173,2026-09-18T18:00:00+00:00,Groningen,PEC Zwolle,NO,,,,
2026-09-17T08:30:38Z,Netherlands,Eredivisie,88,1552172,2026-09-19T14:30:00+00:00,ADO Den Haag,Cambuur,NO,,,,
2026-09-17T08:30:38Z,Netherlands,Eredivisie,88,1552171,2026-09-19T16:45:00+00:00,Sparta Rotterdam,Heerenveen,NO,,,,
2026-09-17T08:30:38Z,Norway,Eliteserien,103,1494768,2026-09-18T17:00:00+00:00,Sarpsborg 08 FF,KFUM Oslo,NO,,,,
2026-09-17T08:30:38Z,Norway,Eliteserien,103,1494765,2026-09-19T14:00:00+00:00,Kristiansund BK,Rosenborg,NO,,,,
2026-09-17T08:30:38Z,Norway,Eliteserien,103,1494766,2026-09-19T16:00:00+00:00,Molde,Aalesund,NO,,,,
2026-09-17T08:30:38Z,Poland,Ekstraklasa,106,1553179,2026-09-18T16:00:00+00:00,Widzew Łódź,Wieczysta Kraków,NO,,,,
2026-09-17T08:30:38Z,Poland,Ekstraklasa,106,1553180,2026-09-18T18:30:00+00:00,Wisla Krakow,Slask Wroclaw,NO,,,,
2026-09-17T08:30:38Z,Poland,Ekstraklasa,106,1553175,2026-09-19T12:45:00+00:00,Korona Kielce,Raków Częstochowa,NO,,,,
2026-09-17T08:30:38Z,Portugal,Primeira Liga,94,1575505,2026-09-19T14:30:00+00:00,Nacional,Famalicao,NO,,,,
2026-09-17T08:30:38Z,Portugal,Primeira Liga,94,1575504,2026-09-19T14:30:00+00:00,GIL Vicente,Maritimo,NO,,,,
2026-09-17T08:30:38Z,Portugal,Primeira Liga,94,1575500,2026-09-19T17:00:00+00:00,Alverca,Rio Ave,NO,,,,
2026-09-17T08:30:38Z,Turkey,Super Lig,203,1584418,2026-09-18T17:00:00+00:00,Kasımpaşa,Konyaspor,NO,,,,
2026-09-17T08:30:38Z,Turkey,Super Lig,203,1584414,2026-09-19T14:00:00+00:00,Çorum FK,Alanyaspor,NO,,,,
2026-09-17T08:30:38Z,Turkey,Super Lig,203,1584419,2026-09-19T14:00:00+00:00,Kocaelispor,Gaziantep FK,NO,,,,
2026-09-17T08:30:38Z,Scotland,Scottish Premiership,179,1556665,2026-09-19T14:00:00+00:00,Hibernian,Aberdeen,NO,,,,
2026-09-17T08:30:38Z,Scotland,Scottish Premiership,179,1556668,2026-09-19T14:00:00+00:00,ST Mirren,Dundee Utd,NO,,,,
2026-09-17T08:30:38Z,Scotland,Scottish Premiership,179,1556664,2026-09-19T14:00:00+00:00,Dundee,Motherwell,NO,,,,
2026-09-18T08:29:18Z,England,Premier League,39,1557408,2026-09-18T19:00:00+00:00,Brentford,Chelsea,NO,,,,
2026-09-18T08:29:18Z,England,Premier League,39,1557416,2026-09-19T11:30:00+00:00,Tottenham,Aston Villa,NO,,,,
2026-09-18T08:29:18Z,England,Premier League,39,1557414,2026-09-19T14:00:00+00:00,Newcastle,Hull City,NO,,,,
2026-09-18T08:29:18Z,Spain,La Liga,140,1570397,2026-09-18T19:00:00+00:00,Espanyol,Elche,NO,,,,
2026-09-18T08:29:18Z,Spain,La Liga,140,1570399,2026-09-19T12:00:00+00:00,Osasuna,Rayo Vallecano,NO,,,,
2026-09-18T08:29:18Z,Spain,La Liga,140,1570393,2026-09-19T14:15:00+00:00,Athletic Club,Alaves,NO,,,,
2026-09-18T08:29:18Z,Italy,Serie A,135,1550133,2026-09-18T18:45:00+00:00,Monza,Sassuolo,NO,,,,
2026-09-18T08:29:18Z,Italy,Serie A,135,1550135,2026-09-19T13:00:00+00:00,Udinese,Cagliari,NO,,,,
2026-09-18T08:29:18Z,Italy,Serie A,135,1550129,2026-09-19T13:00:00+00:00,Bologna,Torino,NO,,,,
2026-09-18T08:29:18Z,Germany,Bundesliga,78,1575167,2026-09-18T18:30:00+00:00,Bayern München,Union Berlin,NO,,,,
2026-09-18T08:29:18Z,Germany,Bundesliga,78,1575172,2026-09-19T13:30:00+00:00,Werder Bremen,FC Augsburg,NO,,,,
2026-09-18T08:29:18Z,Germany,Bundesliga,78,1575174,2026-09-19T13:30:00+00:00,Borussia Mönchengladbach,FSV Mainz 05,NO,,,,
2026-09-18T08:29:18Z,France,Ligue 1,61,1552769,2026-09-18T18:45:00+00:00,Monaco,Lens,NO,,,,
2026-09-18T08:29:18Z,France,Ligue 1,61,1552771,2026-09-19T15:15:00+00:00,Paris FC,Strasbourg,NO,,,,
2026-09-18T08:29:18Z,France,Ligue 1,61,1552765,2026-09-19T18:45:00+00:00,Angers,Estac Troyes,NO,,,,
2026-09-18T08:29:18Z,Austria,Austrian Bundesliga,218,1561935,2026-09-18T17:30:00+00:00,Rapid Vienna,WSG Wattens,NO,,,,
2026-09-18T08:29:18Z,Austria,Austrian Bundesliga,218,1561930,2026-09-19T15:00:00+00:00,Austria Lustenau,SCR Altach,NO,,,,
2026-09-18T08:29:18Z,Austria,Austrian Bundesliga,218,1561931,2026-09-19T17:30:00+00:00,Grazer AK,Austria Vienna,NO,,,,
2026-09-18T08:29:18Z,Belgium,Belgian Pro League,144,1558635,2026-09-18T18:45:00+00:00,Gent,Standard Liege,NO,,,,
2026-09-18T08:29:18Z,Belgium,Belgian Pro League,144,1558636,2026-09-19T14:00:00+00:00,OH Leuven,RAAL La Louvière,NO,,,,
2026-09-18T08:29:18Z,Belgium,Belgian Pro League,144,1558637,2026-09-19T16:15:00+00:00,Charleroi,Cercle Brugge,NO,,,,
2026-09-18T08:29:18Z,Denmark,Danish Superliga,119,1549024,2026-09-18T17:00:00+00:00,Lyngby,Silkeborg,NO,,,,
2026-09-18T08:29:18Z,Denmark,Danish Superliga,119,1549025,2026-09-19T16:00:00+00:00,Odense,FC Midtjylland,NO,,,,
2026-09-18T08:29:18Z,Denmark,Danish Superliga,119,1549026,2026-09-20T12:00:00+00:00,Sonderjyske,Randers FC,NO,,,,
2026-09-18T08:29:18Z,Lithuania,A Lyga,362,1547635,2026-09-19T11:15:00+00:00,Banga,Džiugas Telšiai,NO,,,,
2026-09-18T08:29:18Z,Lithuania,A Lyga,362,1547636,2026-09-19T16:30:00+00:00,TransINVEST Vilnius,FK Zalgiris Vilnius,NO,,,,
2026-09-18T08:29:18Z,Lithuania,A Lyga,362,1547637,2026-09-20T11:15:00+00:00,Hegelmann Litauen,Suduva Marijampole,NO,,,,
2026-09-18T08:29:18Z,Latvia,Virsliga,365,1515925,2026-09-19T11:00:00+00:00,FK Liepaja,BFC Daugavpils,NO,,,,
2026-09-18T08:29:18Z,Latvia,Virsliga,365,1515926,2026-09-19T13:00:00+00:00,FS Jelgava,Riga,NO,,,,
2026-09-18T08:29:18Z,Latvia,Virsliga,365,1515927,2026-09-20T11:00:00+00:00,Ogre United,Super Nova,NO,,,,
2026-09-18T08:29:18Z,Netherlands,Eredivisie,88,1552173,2026-09-18T18:00:00+00:00,Groningen,PEC Zwolle,NO,,,,
2026-09-18T08:29:18Z,Netherlands,Eredivisie,88,1552172,2026-09-19T14:30:00+00:00,ADO Den Haag,Cambuur,NO,,,,
2026-09-18T08:29:18Z,Netherlands,Eredivisie,88,1552171,2026-09-19T16:45:00+00:00,Sparta Rotterdam,Heerenveen,NO,,,,
2026-09-18T08:29:18Z,Norway,Eliteserien,103,1494768,2026-09-18T17:00:00+00:00,Sarpsborg 08 FF,KFUM Oslo,NO,,,,
2026-09-18T08:29:18Z,Norway,Eliteserien,103,1494765,2026-09-19T14:00:00+00:00,Kristiansund BK,Rosenborg,NO,,,,
2026-09-18T08:29:18Z,Norway,Eliteserien,103,1494766,2026-09-19T16:00:00+00:00,Molde,Aalesund,NO,,,,
2026-09-18T08:29:18Z,Poland,Ekstraklasa,106,1553179,2026-09-18T16:00:00+00:00,Widzew Łódź,Wieczysta Kraków,NO,,,,
2026-09-18T08:29:18Z,Poland,Ekstraklasa,106,1553180,2026-09-18T18:30:00+00:00,Wisla Krakow,Slask Wroclaw,NO,,,,
2026-09-18T08:29:18Z,Poland,Ekstraklasa,106,1553175,2026-09-19T12:45:00+00:00,Korona Kielce,Raków Częstochowa,NO,,,,
2026-09-18T08:29:18Z,Portugal,Primeira Liga,94,1575505,2026-09-19T14:30:00+00:00,Nacional,Famalicao,NO,,,,
2026-09-18T08:29:18Z,Portugal,Primeira Liga,94,1575504,2026-09-19T14:30:00+00:00,GIL Vicente,Maritimo,NO,,,,
2026-09-18T08:29:18Z,Portugal,Primeira Liga,94,1575500,2026-09-19T17:00:00+00:00,Alverca,Rio Ave,NO,,,,
2026-09-18T08:29:18Z,Turkey,Super Lig,203,1584418,2026-09-18T17:00:00+00:00,Kasımpaşa,Konyaspor,NO,,,,
2026-09-18T08:29:18Z,Turkey,Super Lig,203,1584414,2026-09-19T14:00:00+00:00,Çorum FK,Alanyaspor,NO,,,,
2026-09-18T08:29:18Z,Turkey,Super Lig,203,1584419,2026-09-19T14:00:00+00:00,Kocaelispor,Gaziantep FK,NO,,,,
2026-09-18T08:29:18Z,Scotland,Scottish Premiership,179,1556665,2026-09-19T14:00:00+00:00,Hibernian,Aberdeen,NO,,,,
2026-09-18T08:29:18Z,Scotland,Scottish Premiership,179,1556668,2026-09-19T14:00:00+00:00,ST Mirren,Dundee Utd,NO,,,,
2026-09-18T08:29:18Z,Scotland,Scottish Premiership,179,1556664,2026-09-19T14:00:00+00:00,Dundee,Motherwell,NO,,,,
2026-09-19T08:28:21Z,England,Premier League,39,1557416,2026-09-19T11:30:00+00:00,Tottenham,Aston Villa,NO,,,,
2026-09-19T08:28:21Z,England,Premier League,39,1557414,2026-09-19T14:00:00+00:00,Newcastle,Hull City,NO,,,,
2026-09-19T08:28:21Z,England,Premier League,39,1557410,2026-09-19T14:00:00+00:00,Everton,Ipswich,NO,,,,
2026-09-19T08:28:21Z,Spain,La Liga,140,1570399,2026-09-19T12:00:00+00:00,Osasuna,Rayo Vallecano,NO,,,,
2026-09-19T08:28:21Z,Spain,La Liga,140,1570393,2026-09-19T14:15:00+00:00,Athletic Club,Alaves,NO,,,,
2026-09-19T08:28:21Z,Spain,La Liga,140,1570395,2026-09-19T16:30:00+00:00,Celta Vigo,Racing Santander,NO,,,,
2026-09-19T08:28:21Z,Italy,Serie A,135,1550135,2026-09-19T13:00:00+00:00,Udinese,Cagliari,NO,,,,
2026-09-19T08:28:21Z,Italy,Serie A,135,1550129,2026-09-19T13:00:00+00:00,Bologna,Torino,NO,,,,
2026-09-19T08:28:21Z,Italy,Serie A,135,1550128,2026-09-19T16:00:00+00:00,AS Roma,Inter,NO,,,,
2026-09-19T08:28:21Z,Germany,Bundesliga,78,1575172,2026-09-19T13:30:00+00:00,Werder Bremen,FC Augsburg,NO,,,,
2026-09-19T08:28:21Z,Germany,Bundesliga,78,1575174,2026-09-19T13:30:00+00:00,Borussia Mönchengladbach,FSV Mainz 05,NO,,,,
2026-09-19T08:28:21Z,Germany,Bundesliga,78,1575170,2026-09-19T13:30:00+00:00,Eintracht Frankfurt,SC Freiburg,NO,,,,
2026-09-19T08:28:21Z,France,Ligue 1,61,1552771,2026-09-19T15:15:00+00:00,Paris FC,Strasbourg,NO,,,,
2026-09-19T08:28:21Z,France,Ligue 1,61,1552765,2026-09-19T18:45:00+00:00,Angers,Estac Troyes,NO,,,,
2026-09-19T08:28:21Z,France,Ligue 1,61,1552768,2026-09-19T18:45:00+00:00,Lyon,Rennes,NO,,,,
2026-09-19T08:28:21Z,Austria,Austrian Bundesliga,218,1561930,2026-09-19T15:00:00+00:00,Austria Lustenau,SCR Altach,NO,,,,
2026-09-19T08:28:21Z,Austria,Austrian Bundesliga,218,1561931,2026-09-19T17:30:00+00:00,Grazer AK,Austria Vienna,NO,,,,
2026-09-19T08:28:21Z,Austria,Austrian Bundesliga,218,1561933,2026-09-20T12:30:00+00:00,Ried,Wolfsberger AC,NO,,,,
2026-09-19T08:28:21Z,Belgium,Belgian Pro League,144,1558636,2026-09-19T14:00:00+00:00,OH Leuven,RAAL La Louvière,NO,,,,
2026-09-19T08:28:21Z,Belgium,Belgian Pro League,144,1558637,2026-09-19T16:15:00+00:00,Charleroi,Cercle Brugge,NO,,,,
2026-09-19T08:28:21Z,Belgium,Belgian Pro League,144,1558639,2026-09-19T18:45:00+00:00,Lommel United,KV Mechelen,NO,,,,
2026-09-19T08:28:21Z,Denmark,Danish Superliga,119,1549025,2026-09-19T16:00:00+00:00,Odense,FC Midtjylland,NO,,,,
2026-09-19T08:28:21Z,Denmark,Danish Superliga,119,1549026,2026-09-20T12:00:00+00:00,Sonderjyske,Randers FC,NO,,,,
2026-09-19T08:28:21Z,Denmark,Danish Superliga,119,1549022,2026-09-20T12:00:00+00:00,Brondby,FC Copenhagen,NO,,,,
2026-09-19T08:28:21Z,Lithuania,A Lyga,362,1547635,2026-09-19T11:15:00+00:00,Banga,Džiugas Telšiai,NO,,,,
2026-09-19T08:28:21Z,Lithuania,A Lyga,362,1547636,2026-09-19T16:30:00+00:00,TransINVEST Vilnius,FK Zalgiris Vilnius,NO,,,,
2026-09-19T08:28:21Z,Lithuania,A Lyga,362,1547637,2026-09-20T11:15:00+00:00,Hegelmann Litauen,Suduva Marijampole,NO,,,,
2026-09-19T08:28:21Z,Latvia,Virsliga,365,1515925,2026-09-19T11:00:00+00:00,FK Liepaja,BFC Daugavpils,NO,,,,
2026-09-19T08:28:21Z,Latvia,Virsliga,365,1515926,2026-09-19T13:00:00+00:00,FS Jelgava,Riga,NO,,,,
2026-09-19T08:28:21Z,Latvia,Virsliga,365,1515927,2026-09-20T11:00:00+00:00,Ogre United,Super Nova,NO,,,,
2026-09-19T08:28:21Z,Netherlands,Eredivisie,88,1552172,2026-09-19T14:30:00+00:00,ADO Den Haag,Cambuur,NO,,,,
2026-09-19T08:28:21Z,Netherlands,Eredivisie,88,1552171,2026-09-19T16:45:00+00:00,Sparta Rotterdam,Heerenveen,NO,,,,
2026-09-19T08:28:21Z,Netherlands,Eredivisie,88,1552174,2026-09-19T18:00:00+00:00,Ajax,Excelsior,NO,,,,
2026-09-19T08:28:21Z,Norway,Eliteserien,103,1494765,2026-09-19T14:00:00+00:00,Kristiansund BK,Rosenborg,NO,,,,
2026-09-19T08:28:21Z,Norway,Eliteserien,103,1494766,2026-09-19T16:00:00+00:00,Molde,Aalesund,NO,,,,
2026-09-19T08:28:21Z,Norway,Eliteserien,103,1494770,2026-09-20T12:30:00+00:00,Valerenga,Fredrikstad,NO,,,,
2026-09-19T08:28:21Z,Poland,Ekstraklasa,106,1553175,2026-09-19T12:45:00+00:00,Korona Kielce,Raków Częstochowa,NO,,,,
2026-09-19T08:28:21Z,Poland,Ekstraklasa,106,1553173,2026-09-19T15:30:00+00:00,GKS Katowice,Cracovia Krakow,NO,,,,
2026-09-19T08:28:21Z,Poland,Ekstraklasa,106,1553177,2026-09-19T18:15:00+00:00,Motor Lublin,Gornik Zabrze,NO,,,,
2026-09-19T08:28:21Z,Portugal,Primeira Liga,94,1575505,2026-09-19T14:30:00+00:00,Nacional,Famalicao,NO,,,,
2026-09-19T08:28:21Z,Portugal,Primeira Liga,94,1575504,2026-09-19T14:30:00+00:00,GIL Vicente,Maritimo,NO,,,,
2026-09-19T08:28:21Z,Portugal,Primeira Liga,94,1575500,2026-09-19T17:00:00+00:00,Alverca,Rio Ave,NO,,,,
2026-09-19T08:28:21Z,Turkey,Super Lig,203,1584414,2026-09-19T14:00:00+00:00,Çorum FK,Alanyaspor,NO,,,,
2026-09-19T08:28:21Z,Turkey,Super Lig,203,1584419,2026-09-19T14:00:00+00:00,Kocaelispor,Gaziantep FK,NO,,,,
2026-09-19T08:28:21Z,Turkey,Super Lig,203,1584413,2026-09-19T17:00:00+00:00,Başakşehir,Gençlerbirliği S.K.,NO,,,,
2026-09-19T08:28:21Z,Scotland,Scottish Premiership,179,1556665,2026-09-19T14:00:00+00:00,Hibernian,Aberdeen,NO,,,,
2026-09-19T08:28:21Z,Scotland,Scottish Premiership,179,1556668,2026-09-19T14:00:00+00:00,ST Mirren,Dundee Utd,NO,,,,
2026-09-19T08:28:21Z,Scotland,Scottish Premiership,179,1556664,2026-09-19T14:00:00+00:00,Dundee,Motherwell,NO,,,,
2026-09-20T08:28:23Z,England,Premier League,39,1557407,2026-09-20T13:00:00+00:00,Bournemouth,Liverpool,NO,,,,
2026-09-20T08:28:23Z,England,Premier League,39,1557413,2026-09-20T13:00:00+00:00,Manchester City,Sunderland,NO,,,,
2026-09-20T08:28:23Z,England,Premier League,39,1557412,2026-09-20T13:00:00+00:00,Leeds,Crystal Palace,NO,,,,
2026-09-20T08:28:23Z,Spain,La Liga,140,1570398,2026-09-20T12:00:00+00:00,Getafe,Malaga,NO,,,,
2026-09-20T08:28:23Z,Spain,La Liga,140,1570394,2026-09-20T14:15:00+00:00,Atletico Madrid,Real Madrid,NO,,,,
2026-09-20T08:28:23Z,Spain,La Liga,140,1570402,2026-09-20T16:30:00+00:00,Villarreal,Levante,NO,,,,
2026-09-20T08:28:23Z,Italy,Serie A,135,1550130,2026-09-20T10:30:00+00:00,Fiorentina,Napoli,NO,,,,
2026-09-20T08:28:23Z,Italy,Serie A,135,1550131,2026-09-20T13:00:00+00:00,Frosinone,Como,NO,,,,
2026-09-20T08:28:23Z,Italy,Serie A,135,1550134,2026-09-20T13:00:00+00:00,Parma,Genoa,NO,,,,
2026-09-20T08:28:23Z,Germany,Bundesliga,78,1575169,2026-09-20T13:30:00+00:00,Bayer Leverkusen,RB Leipzig,NO,,,,
2026-09-20T08:28:23Z,Germany,Bundesliga,78,1575173,2026-09-20T15:30:00+00:00,FC Schalke 04,SV Elversberg,NO,,,,
2026-09-20T08:28:23Z,Germany,Bundesliga,78,1575175,2026-09-20T17:30:00+00:00,SC Paderborn 07,1899 Hoffenheim,NO,,,,
2026-09-20T08:28:23Z,France,Ligue 1,61,1552766,2026-09-20T13:00:00+00:00,Auxerre,Stade Brestois 29,NO,,,,
2026-09-20T08:28:23Z,France,Ligue 1,61,1552770,2026-09-20T15:15:00+00:00,Nice,Lille,NO,,,,
2026-09-20T08:28:23Z,France,Ligue 1,61,1552773,2026-09-20T18:45:00+00:00,Marseille,Paris Saint Germain,NO,,,,
2026-09-20T08:28:23Z,Austria,Austrian Bundesliga,218,1561933,2026-09-20T12:30:00+00:00,Ried,Wolfsberger AC,NO,,,,
2026-09-20T08:28:23Z,Austria,Austrian Bundesliga,218,1561932,2026-09-20T12:30:00+00:00,TSV Hartberg,Lask Linz,NO,,,,
2026-09-20T08:28:23Z,Austria,Austrian Bundesliga,218,1561934,2026-09-20T15:00:00+00:00,Red Bull Salzburg,Sturm Graz,NO,,,,
2026-09-20T08:28:23Z,Belgium,Belgian Pro League,144,1558640,2026-09-20T11:30:00+00:00,Antwerp,Union St. Gilloise,NO,,,,
2026-09-20T08:28:23Z,Belgium,Belgian Pro League,144,1558641,2026-09-20T14:00:00+00:00,St. Truiden,KVC Westerlo,NO,,,,
2026-09-20T08:28:23Z,Belgium,Belgian Pro League,144,1558642,2026-09-20T16:30:00+00:00,Club Brugge KV,Genk,NO,,,,
2026-09-20T08:28:23Z,Denmark,Danish Superliga,119,1549026,2026-09-20T12:00:00+00:00,Sonderjyske,Randers FC,NO,,,,
2026-09-20T08:28:23Z,Denmark,Danish Superliga,119,1549022,2026-09-20T12:00:00+00:00,Brondby,FC Copenhagen,NO,,,,
2026-09-20T08:28:23Z,Denmark,Danish Superliga,119,1549023,2026-09-20T14:00:00+00:00,AC Horsens,Aarhus,NO,,,,
2026-09-20T08:28:23Z,Lithuania,A Lyga,362,1547637,2026-09-20T11:15:00+00:00,Hegelmann Litauen,Suduva Marijampole,NO,,,,
2026-09-20T08:28:23Z,Lithuania,A Lyga,362,1547590,2026-09-20T13:00:00+00:00,Šiauliai,Kauno Žalgiris,NO,,,,
2026-09-20T08:28:23Z,Lithuania,A Lyga,362,1547638,2026-09-20T14:00:00+00:00,FK Trakai,Panevėžys,NO,,,,
2026-09-20T08:28:23Z,Latvia,Virsliga,365,1515927,2026-09-20T11:00:00+00:00,Ogre United,Super Nova,NO,,,,
2026-09-20T08:28:23Z,Latvia,Virsliga,365,1515928,2026-09-20T13:00:00+00:00,Tukums,Grobiņa,NO,,,,
2026-09-20T08:28:23Z,Latvia,Virsliga,365,1515924,2026-09-20T15:00:00+00:00,Auda,Rīgas FS,NO,,,,
2026-09-20T08:28:23Z,Netherlands,Eredivisie,88,1552176,2026-09-20T10:15:00+00:00,Feyenoord,Utrecht,NO,,,,
2026-09-20T08:28:23Z,Netherlands,Eredivisie,88,1552177,2026-09-20T12:30:00+00:00,AZ Alkmaar,Telstar,NO,,,,
2026-09-20T08:28:23Z,Netherlands,Eredivisie,88,1552179,2026-09-20T12:30:00+00:00,Twente,PSV Eindhoven,NO,,,,
2026-09-20T08:28:23Z,Norway,Eliteserien,103,1494770,2026-09-20T12:30:00+00:00,Valerenga,Fredrikstad,NO,,,,
2026-09-20T08:28:23Z,Norway,Eliteserien,103,1494769,2026-09-20T15:00:00+00:00,Tromso,Ham-Kam,NO,,,,
2026-09-20T08:28:23Z,Norway,Eliteserien,103,1494767,2026-09-20T15:00:00+00:00,Sandefjord,Start,NO,,,,
2026-09-20T08:28:23Z,Poland,Ekstraklasa,106,1553178,2026-09-20T10:15:00+00:00,Piast Gliwice,Pogon Szczecin,NO,,,,
2026-09-20T08:28:23Z,Poland,Ekstraklasa,106,1553181,2026-09-20T12:45:00+00:00,Zaglebie Lubin,Wisla Plock,NO,,,,
2026-09-20T08:28:23Z,Poland,Ekstraklasa,106,1553174,2026-09-20T15:30:00+00:00,Jagiellonia,Legia Warszawa,NO,,,,
2026-09-20T08:28:23Z,Portugal,Primeira Liga,94,1575508,2026-09-20T14:30:00+00:00,Vitória SC,Moreirense,NO,,,,
2026-09-20T08:28:23Z,Portugal,Primeira Liga,94,1575502,2026-09-20T14:30:00+00:00,Estrela,Academico Viseu,NO,,,,
2026-09-20T08:28:23Z,Portugal,Primeira Liga,94,1575506,2026-09-20T17:00:00+00:00,Santa Clara,SC Braga,NO,,,,
2026-09-20T08:28:23Z,Turkey,Super Lig,203,1584416,2026-09-20T14:00:00+00:00,Fenerbahçe,Eyüpspor,NO,,,,
2026-09-20T08:28:23Z,Turkey,Super Lig,203,1584415,2026-09-20T14:00:00+00:00,Erzurumspor FK,Samsunspor,NO,,,,
2026-09-20T08:28:23Z,Turkey,Super Lig,203,1584417,2026-09-20T17:00:00+00:00,Göztepe,Rizespor,NO,,,,
2026-09-20T08:28:23Z,Scotland,Scottish Premiership,179,1556669,2026-09-20T11:00:00+00:00,Celtic,Rangers,NO,,,,
2026-09-20T08:28:23Z,Scotland,Scottish Premiership,179,1556673,2026-10-10T14:00:00+00:00,Heart Of Midlothian,ST Mirren,NO,,,,
2026-09-20T08:28:23Z,Scotland,Scottish Premiership,179,1556675,2026-10-10T14:00:00+00:00,Rangers,Kilmarnock,NO,,,,
2026-09-21T08:30:20Z,England,Premier League,39,1557417,2026-10-10T11:30:00+00:00,Arsenal,Leeds,NO,,,,
2026-09-21T08:30:20Z,England,Premier League,39,1557419,2026-10-10T14:00:00+00:00,Chelsea,Bournemouth,NO,,,,
2026-09-21T08:30:20Z,England,Premier League,39,1557423,2026-10-10T14:00:00+00:00,Ipswich,Fulham,NO,,,,
2026-09-21T08:30:20Z,Spain,La Liga,140,1570408,2026-10-09T19:00:00+00:00,Malaga,Espanyol,NO,,,,
2026-09-21T08:30:20Z,Spain,La Liga,140,1570410,2026-10-10T12:00:00+00:00,Rayo Vallecano,Athletic Club,NO,,,,
2026-09-21T08:30:20Z,Spain,La Liga,140,1570403,2026-10-10T14:15:00+00:00,Alaves,Atletico Madrid,NO,,,,
2026-09-21T08:30:20Z,Italy,Serie A,135,1550140,2026-10-10T13:00:00+00:00,Genoa,Fiorentina,NO,,,,
2026-09-21T08:30:20Z,Italy,Serie A,135,1550141,2026-10-10T16:00:00+00:00,Inter,Parma,NO,,,,
2026-09-21T08:30:20Z,Italy,Serie A,135,1550144,2026-10-10T18:45:00+00:00,Napoli,Frosinone,NO,,,,
2026-09-21T08:30:20Z,Germany,Bundesliga,78,1575176,2026-10-09T18:30:00+00:00,Borussia Dortmund,Werder Bremen,NO,,,,
2026-09-21T08:30:20Z,Germany,Bundesliga,78,1575181,2026-10-10T13:30:00+00:00,FSV Mainz 05,Bayer Leverkusen,NO,,,,
2026-09-21T08:30:20Z,Germany,Bundesliga,78,1575178,2026-10-10T13:30:00+00:00,1899 Hoffenheim,Hamburger SV,NO,,,,
2026-09-21T08:30:20Z,France,Ligue 1,61,1552775,2026-10-09T18:45:00+00:00,Lens,Lyon,NO,,,,
2026-09-21T08:30:20Z,France,Ligue 1,61,1552776,2026-10-10T15:15:00+00:00,Lille,Le Havre,NO,,,,
2026-09-21T08:30:20Z,France,Ligue 1,61,1552780,2026-10-10T18:45:00+00:00,Paris Saint Germain,Le Mans,NO,,,,
2026-09-21T08:30:20Z,Austria,Austrian Bundesliga,218,1561941,2026-10-10T15:00:00+00:00,WSG Wattens,Ried,NO,,,,
2026-09-21T08:30:20Z,Austria,Austrian Bundesliga,218,1561938,2026-10-10T15:00:00+00:00,Grazer AK,Red Bull Salzburg,NO,,,,
2026-09-21T08:30:20Z,Austria,Austrian Bundesliga,218,1561937,2026-10-10T17:30:00+00:00,Austria Vienna,Sturm Graz,NO,,,,
2026-09-21T08:30:20Z,Belgium,Belgian Pro League,144,1558644,2026-10-09T18:45:00+00:00,SK Beveren,Lommel United,NO,,,,
2026-09-21T08:30:20Z,Belgium,Belgian Pro League,144,1558645,2026-10-10T14:00:00+00:00,Cercle Brugge,Anderlecht,NO,,,,
2026-09-21T08:30:20Z,Belgium,Belgian Pro League,144,1558648,2026-10-10T16:15:00+00:00,RAAL La Louvière,Club Brugge KV,NO,,,,
2026-09-21T08:30:20Z,Denmark,Danish Superliga,119,1549031,2026-10-09T17:00:00+00:00,FC Nordsjaelland,Odense,NO,,,,
2026-09-21T08:30:20Z,Denmark,Danish Superliga,119,1549032,2026-10-11T12:00:00+00:00,Randers FC,Viborg,NO,,,,
2026-09-21T08:30:20Z,Denmark,Danish Superliga,119,1549033,2026-10-11T12:00:00+00:00,Silkeborg,AC Horsens,NO,,,,
2026-09-21T08:30:20Z,Lithuania,A Lyga,362,1547587,2026-10-10T11:15:00+00:00,FK Zalgiris Vilnius,Suduva Marijampole,NO,,,,
2026-09-21T08:30:20Z,Lithuania,A Lyga,362,1547639,2026-10-17T11:15:00+00:00,Panevėžys,Banga,NO,,,,
2026-09-21T08:30:20Z,Lithuania,A Lyga,362,1547640,2026-10-17T14:30:00+00:00,Džiugas Telšiai,TransINVEST Vilnius,NO,,,,
2026-09-21T08:30:20Z,Latvia,Virsliga,365,1515929,2026-10-10T11:00:00+00:00,Tukums,Riga,NO,,,,
2026-09-21T08:30:20Z,Latvia,Virsliga,365,1515930,2026-10-10T13:00:00+00:00,Super Nova,Grobiņa,NO,,,,
2026-09-21T08:30:20Z,Latvia,Virsliga,365,1515931,2026-10-11T11:00:00+00:00,Ogre United,BFC Daugavpils,NO,,,,
2026-09-21T08:30:20Z,Netherlands,Eredivisie,88,1552180,2026-10-09T18:00:00+00:00,PSV Eindhoven,Heerenveen,NO,,,,
2026-09-21T08:30:20Z,Netherlands,Eredivisie,88,1552182,2026-10-10T14:30:00+00:00,GO Ahead Eagles,Sparta Rotterdam,NO,,,,
2026-09-21T08:30:20Z,Netherlands,Eredivisie,88,1552181,2026-10-10T16:45:00+00:00,Feyenoord,AZ Alkmaar,NO,,,,
2026-09-21T08:30:20Z,Norway,Eliteserien,103,1494774,2026-10-09T17:00:00+00:00,Brann,Viking,NO,,,,
2026-09-21T08:30:20Z,Norway,Eliteserien,103,1494773,2026-10-10T14:00:00+00:00,Bodo/Glimt,Kristiansund BK,NO,,,,
2026-09-21T08:30:20Z,Norway,Eliteserien,103,1494778,2026-10-10T16:00:00+00:00,Rosenborg,Sandefjord,NO,,,,
2026-09-21T08:30:20Z,Poland,Ekstraklasa,106,1553190,2026-10-09T16:00:00+00:00,Wieczysta Kraków,Wisla Plock,NO,,,,
2026-09-21T08:30:20Z,Poland,Ekstraklasa,106,1553188,2026-10-09T18:30:00+00:00,Raków Częstochowa,GKS Katowice,NO,,,,
2026-09-21T08:30:20Z,Poland,Ekstraklasa,106,1553182,2026-10-10T12:45:00+00:00,Cracovia Krakow,Zaglebie Lubin,NO,,,,
2026-09-21T08:30:20Z,Portugal,Primeira Liga,94,1575516,2026-10-09T17:45:00+00:00,Moreirense,GIL Vicente,NO,,,,
2026-09-21T08:30:20Z,Portugal,Primeira Liga,94,1575512,2026-10-09T19:15:00+00:00,SC Braga,Sporting CP,NO,,,,
2026-09-21T08:30:20Z,Portugal,Primeira Liga,94,1575513,2026-10-10T14:30:00+00:00,Casa Pia,Santa Clara,NO,,,,
2026-09-21T08:30:20Z,Turkey,Super Lig,203,1584424,2026-10-09T17:00:00+00:00,Galatasaray,Kasımpaşa,NO,,,,
2026-09-21T08:30:20Z,Turkey,Super Lig,203,1584426,2026-10-10T10:30:00+00:00,Gençlerbirliği S.K.,Amed,NO,,,,
2026-09-21T08:30:20Z,Turkey,Super Lig,203,1584421,2026-10-10T13:00:00+00:00,Alanyaspor,Erzurumspor FK,NO,,,,
2026-09-21T08:30:20Z,Scotland,Scottish Premiership,179,1556673,2026-10-10T14:00:00+00:00,Heart Of Midlothian,ST Mirren,NO,,,,
2026-09-21T08:30:20Z,Scotland,Scottish Premiership,179,1556675,2026-10-10T14:00:00+00:00,Rangers,Kilmarnock,NO,,,,
2026-09-21T08:30:20Z,Scotland,Scottish Premiership,179,1556671,2026-10-10T14:00:00+00:00,Dundee Utd,Hibernian,NO,,,,
2026-09-22T08:29:47Z,England,Premier League,39,1557417,2026-10-10T11:30:00+00:00,Arsenal,Leeds,NO,,,,
2026-09-22T08:29:47Z,England,Premier League,39,1557419,2026-10-10T14:00:00+00:00,Chelsea,Bournemouth,NO,,,,
2026-09-22T08:29:47Z,England,Premier League,39,1557423,2026-10-10T14:00:00+00:00,Ipswich,Fulham,NO,,,,
2026-09-22T08:29:47Z,Spain,La Liga,140,1570408,2026-10-09T19:00:00+00:00,Malaga,Espanyol,NO,,,,
2026-09-22T08:29:47Z,Spain,La Liga,140,1570410,2026-10-10T12:00:00+00:00,Rayo Vallecano,Athletic Club,NO,,,,
2026-09-22T08:29:47Z,Spain,La Liga,140,1570403,2026-10-10T14:15:00+00:00,Alaves,Atletico Madrid,NO,,,,
2026-09-22T08:29:47Z,Italy,Serie A,135,1550140,2026-10-10T13:00:00+00:00,Genoa,Fiorentina,NO,,,,
2026-09-22T08:29:47Z,Italy,Serie A,135,1550141,2026-10-10T16:00:00+00:00,Inter,Parma,NO,,,,
2026-09-22T08:29:47Z,Italy,Serie A,135,1550144,2026-10-10T18:45:00+00:00,Napoli,Frosinone,NO,,,,
2026-09-22T08:29:47Z,Germany,Bundesliga,78,1575176,2026-10-09T18:30:00+00:00,Borussia Dortmund,Werder Bremen,NO,,,,
2026-09-22T08:29:47Z,Germany,Bundesliga,78,1575181,2026-10-10T13:30:00+00:00,FSV Mainz 05,Bayer Leverkusen,NO,,,,
2026-09-22T08:29:47Z,Germany,Bundesliga,78,1575178,2026-10-10T13:30:00+00:00,1899 Hoffenheim,Hamburger SV,NO,,,,
2026-09-22T08:29:47Z,France,Ligue 1,61,1552775,2026-10-09T18:45:00+00:00,Lens,Lyon,NO,,,,
2026-09-22T08:29:47Z,France,Ligue 1,61,1552776,2026-10-10T15:15:00+00:00,Lille,Le Havre,NO,,,,
2026-09-22T08:29:47Z,France,Ligue 1,61,1552780,2026-10-10T18:45:00+00:00,Paris Saint Germain,Le Mans,NO,,,,
2026-09-22T08:29:47Z,Austria,Austrian Bundesliga,218,1561941,2026-10-10T15:00:00+00:00,WSG Wattens,Ried,NO,,,,
2026-09-22T08:29:47Z,Austria,Austrian Bundesliga,218,1561938,2026-10-10T15:00:00+00:00,Grazer AK,Red Bull Salzburg,NO,,,,
2026-09-22T08:29:47Z,Austria,Austrian Bundesliga,218,1561937,2026-10-10T17:30:00+00:00,Austria Vienna,Sturm Graz,NO,,,,
2026-09-22T08:29:47Z,Belgium,Belgian Pro League,144,1558644,2026-10-09T18:45:00+00:00,SK Beveren,Lommel United,NO,,,,
2026-09-22T08:29:47Z,Belgium,Belgian Pro League,144,1558645,2026-10-10T14:00:00+00:00,Cercle Brugge,Anderlecht,NO,,,,
2026-09-22T08:29:47Z,Belgium,Belgian Pro League,144,1558648,2026-10-10T16:15:00+00:00,RAAL La Louvière,Club Brugge KV,NO,,,,
2026-09-22T08:29:47Z,Denmark,Danish Superliga,119,1549031,2026-10-09T17:00:00+00:00,FC Nordsjaelland,Odense,NO,,,,
2026-09-22T08:29:47Z,Denmark,Danish Superliga,119,1549032,2026-10-11T12:00:00+00:00,Randers FC,Viborg,NO,,,,
2026-09-22T08:29:47Z,Denmark,Danish Superliga,119,1549033,2026-10-11T12:00:00+00:00,Silkeborg,AC Horsens,NO,,,,
2026-09-22T08:29:47Z,Lithuania,A Lyga,362,1547587,2026-10-10T11:15:00+00:00,FK Zalgiris Vilnius,Suduva Marijampole,NO,,,,
2026-09-22T08:29:47Z,Lithuania,A Lyga,362,1547639,2026-10-17T11:15:00+00:00,Panevėžys,Banga,NO,,,,
2026-09-22T08:29:47Z,Lithuania,A Lyga,362,1547640,2026-10-17T14:30:00+00:00,Džiugas Telšiai,TransINVEST Vilnius,NO,,,,
2026-09-22T08:29:47Z,Latvia,Virsliga,365,1515929,2026-10-10T11:00:00+00:00,Tukums,Riga,NO,,,,
2026-09-22T08:29:47Z,Latvia,Virsliga,365,1515930,2026-10-10T13:00:00+00:00,Super Nova,Grobiņa,NO,,,,
2026-09-22T08:29:47Z,Latvia,Virsliga,365,1515931,2026-10-11T11:00:00+00:00,Ogre United,BFC Daugavpils,NO,,,,
2026-09-22T08:29:47Z,Netherlands,Eredivisie,88,1552180,2026-10-09T18:00:00+00:00,PSV Eindhoven,Heerenveen,NO,,,,
2026-09-22T08:29:47Z,Netherlands,Eredivisie,88,1552182,2026-10-10T14:30:00+00:00,GO Ahead Eagles,Sparta Rotterdam,NO,,,,
2026-09-22T08:29:47Z,Netherlands,Eredivisie,88,1552181,2026-10-10T16:45:00+00:00,Feyenoord,AZ Alkmaar,NO,,,,
2026-09-22T08:29:47Z,Norway,Eliteserien,103,1494774,2026-10-09T17:00:00+00:00,Brann,Viking,NO,,,,
2026-09-22T08:29:47Z,Norway,Eliteserien,103,1494773,2026-10-10T14:00:00+00:00,Bodo/Glimt,Kristiansund BK,NO,,,,
2026-09-22T08:29:47Z,Norway,Eliteserien,103,1494778,2026-10-10T16:00:00+00:00,Rosenborg,Sandefjord,NO,,,,
2026-09-22T08:29:47Z,Poland,Ekstraklasa,106,1553190,2026-10-09T16:00:00+00:00,Wieczysta Kraków,Wisla Plock,NO,,,,
2026-09-22T08:29:47Z,Poland,Ekstraklasa,106,1553188,2026-10-09T18:30:00+00:00,Raków Częstochowa,GKS Katowice,NO,,,,
2026-09-22T08:29:47Z,Poland,Ekstraklasa,106,1553182,2026-10-10T12:45:00+00:00,Cracovia Krakow,Zaglebie Lubin,NO,,,,
2026-09-22T08:29:47Z,Portugal,Primeira Liga,94,1575516,2026-10-09T17:45:00+00:00,Moreirense,GIL Vicente,NO,,,,
2026-09-22T08:29:47Z,Portugal,Primeira Liga,94,1575512,2026-10-09T19:15:00+00:00,SC Braga,Sporting CP,NO,,,,
2026-09-22T08:29:47Z,Portugal,Primeira Liga,94,1575513,2026-10-10T14:30:00+00:00,Casa Pia,Santa Clara,NO,,,,
2026-09-22T08:29:47Z,Turkey,Super Lig,203,1584424,2026-10-09T17:00:00+00:00,Galatasaray,Kasımpaşa,NO,,,,
2026-09-22T08:29:47Z,Turkey,Super Lig,203,1584426,2026-10-10T10:30:00+00:00,Gençlerbirliği S.K.,Amed,NO,,,,
2026-09-22T08:29:47Z,Turkey,Super Lig,203,1584421,2026-10-10T13:00:00+00:00,Alanyaspor,Erzurumspor FK,NO,,,,
2026-09-22T08:29:47Z,Scotland,Scottish Premiership,179,1556673,2026-10-10T14:00:00+00:00,Heart Of Midlothian,ST Mirren,NO,,,,
2026-09-22T08:29:47Z,Scotland,Scottish Premiership,179,1556675,2026-10-10T14:00:00+00:00,Rangers,Kilmarnock,NO,,,,
2026-09-22T08:29:47Z,Scotland,Scottish Premiership,179,1556671,2026-10-10T14:00:00+00:00,Dundee Utd,Hibernian,NO,,,,
2026-09-23T08:29:54Z,England,Premier League,39,1557417,2026-10-10T11:30:00+00:00,Arsenal,Leeds,NO,,,,
2026-09-23T08:29:54Z,England,Premier League,39,1557419,2026-10-10T14:00:00+00:00,Chelsea,Bournemouth,NO,,,,
2026-09-23T08:29:54Z,England,Premier League,39,1557423,2026-10-10T14:00:00+00:00,Ipswich,Fulham,NO,,,,
2026-09-23T08:29:54Z,Spain,La Liga,140,1570408,2026-10-09T19:00:00+00:00,Malaga,Espanyol,NO,,,,
2026-09-23T08:29:54Z,Spain,La Liga,140,1570410,2026-10-10T12:00:00+00:00,Rayo Vallecano,Athletic Club,NO,,,,
2026-09-23T08:29:54Z,Spain,La Liga,140,1570403,2026-10-10T14:15:00+00:00,Alaves,Atletico Madrid,NO,,,,
2026-09-23T08:29:54Z,Italy,Serie A,135,1550140,2026-10-10T13:00:00+00:00,Genoa,Fiorentina,NO,,,,
2026-09-23T08:29:54Z,Italy,Serie A,135,1550141,2026-10-10T16:00:00+00:00,Inter,Parma,NO,,,,
2026-09-23T08:29:54Z,Italy,Serie A,135,1550144,2026-10-10T18:45:00+00:00,Napoli,Frosinone,NO,,,,
2026-09-23T08:29:54Z,Germany,Bundesliga,78,1575176,2026-10-09T18:30:00+00:00,Borussia Dortmund,Werder Bremen,NO,,,,
2026-09-23T08:29:54Z,Germany,Bundesliga,78,1575181,2026-10-10T13:30:00+00:00,FSV Mainz 05,Bayer Leverkusen,NO,,,,
2026-09-23T08:29:54Z,Germany,Bundesliga,78,1575178,2026-10-10T13:30:00+00:00,1899 Hoffenheim,Hamburger SV,NO,,,,
2026-09-23T08:29:54Z,France,Ligue 1,61,1552775,2026-10-09T18:45:00+00:00,Lens,Lyon,NO,,,,
2026-09-23T08:29:54Z,France,Ligue 1,61,1552776,2026-10-10T15:15:00+00:00,Lille,Le Havre,NO,,,,
2026-09-23T08:29:54Z,France,Ligue 1,61,1552780,2026-10-10T18:45:00+00:00,Paris Saint Germain,Le Mans,NO,,,,
2026-09-23T08:29:54Z,Austria,Austrian Bundesliga,218,1561941,2026-10-10T15:00:00+00:00,WSG Wattens,Ried,NO,,,,
2026-09-23T08:29:54Z,Austria,Austrian Bundesliga,218,1561938,2026-10-10T15:00:00+00:00,Grazer AK,Red Bull Salzburg,NO,,,,
2026-09-23T08:29:54Z,Austria,Austrian Bundesliga,218,1561937,2026-10-10T17:30:00+00:00,Austria Vienna,Sturm Graz,NO,,,,
2026-09-23T08:29:54Z,Belgium,Belgian Pro League,144,1558644,2026-10-09T18:45:00+00:00,SK Beveren,Lommel United,NO,,,,
2026-09-23T08:29:54Z,Belgium,Belgian Pro League,144,1558645,2026-10-10T14:00:00+00:00,Cercle Brugge,Anderlecht,NO,,,,
2026-09-23T08:29:54Z,Belgium,Belgian Pro League,144,1558648,2026-10-10T16:15:00+00:00,RAAL La Louvière,Club Brugge KV,NO,,,,
2026-09-23T08:29:54Z,Denmark,Danish Superliga,119,1549031,2026-10-09T17:00:00+00:00,FC Nordsjaelland,Odense,NO,,,,
2026-09-23T08:29:54Z,Denmark,Danish Superliga,119,1549032,2026-10-11T12:00:00+00:00,Randers FC,Viborg,NO,,,,
2026-09-23T08:29:54Z,Denmark,Danish Superliga,119,1549033,2026-10-11T12:00:00+00:00,Silkeborg,AC Horsens,NO,,,,
2026-09-23T08:29:54Z,Lithuania,A Lyga,362,1547587,2026-10-10T11:15:00+00:00,FK Zalgiris Vilnius,Suduva Marijampole,NO,,,,
2026-09-23T08:29:54Z,Lithuania,A Lyga,362,1547639,2026-10-17T11:15:00+00:00,Panevėžys,Banga,NO,,,,
2026-09-23T08:29:54Z,Lithuania,A Lyga,362,1547640,2026-10-17T14:30:00+00:00,Džiugas Telšiai,TransINVEST Vilnius,NO,,,,
2026-09-23T08:29:54Z,Latvia,Virsliga,365,1515929,2026-10-10T11:00:00+00:00,Tukums,Riga,NO,,,,
2026-09-23T08:29:54Z,Latvia,Virsliga,365,1515930,2026-10-10T13:00:00+00:00,Super Nova,Grobiņa,NO,,,,
2026-09-23T08:29:54Z,Latvia,Virsliga,365,1515931,2026-10-11T11:00:00+00:00,Ogre United,BFC Daugavpils,NO,,,,
2026-09-23T08:29:54Z,Netherlands,Eredivisie,88,1552180,2026-10-09T18:00:00+00:00,PSV Eindhoven,Heerenveen,NO,,,,
2026-09-23T08:29:54Z,Netherlands,Eredivisie,88,1552182,2026-10-10T14:30:00+00:00,GO Ahead Eagles,Sparta Rotterdam,NO,,,,
2026-09-23T08:29:54Z,Netherlands,Eredivisie,88,1552181,2026-10-10T16:45:00+00:00,Feyenoord,AZ Alkmaar,NO,,,,
2026-09-23T08:29:54Z,Norway,Eliteserien,103,1494774,2026-10-09T17:00:00+00:00,Brann,Viking,NO,,,,
2026-09-23T08:29:54Z,Norway,Eliteserien,103,1494773,2026-10-10T14:00:00+00:00,Bodo/Glimt,Kristiansund BK,NO,,,,
2026-09-23T08:29:54Z,Norway,Eliteserien,103,1494778,2026-10-10T16:00:00+00:00,Rosenborg,Sandefjord,NO,,,,
2026-09-23T08:29:54Z,Poland,Ekstraklasa,106,1553190,2026-10-09T16:00:00+00:00,Wieczysta Kraków,Wisla Plock,NO,,,,
2026-09-23T08:29:54Z,Poland,Ekstraklasa,106,1553188,2026-10-09T18:30:00+00:00,Raków Częstochowa,GKS Katowice,NO,,,,
2026-09-23T08:29:54Z,Poland,Ekstraklasa,106,1553182,2026-10-10T12:45:00+00:00,Cracovia Krakow,Zaglebie Lubin,NO,,,,
2026-09-23T08:29:54Z,Portugal,Primeira Liga,94,1575516,2026-10-09T17:45:00+00:00,Moreirense,GIL Vicente,NO,,,,
2026-09-23T08:29:54Z,Portugal,Primeira Liga,94,1575512,2026-10-09T19:15:00+00:00,SC Braga,Sporting CP,NO,,,,
2026-09-23T08:29:54Z,Portugal,Primeira Liga,94,1575513,2026-10-10T14:30:00+00:00,Casa Pia,Santa Clara,NO,,,,
2026-09-23T08:29:54Z,Turkey,Super Lig,203,1584424,2026-10-09T17:00:00+00:00,Galatasaray,Kasımpaşa,NO,,,,
2026-09-23T08:29:54Z,Turkey,Super Lig,203,1584426,2026-10-10T10:30:00+00:00,Gençlerbirliği S.K.,Amed,NO,,,,
2026-09-23T08:29:54Z,Turkey,Super Lig,203,1584421,2026-10-10T13:00:00+00:00,Alanyaspor,Erzurumspor FK,NO,,,,
2026-09-23T08:29:54Z,Scotland,Scottish Premiership,179,1556673,2026-10-10T14:00:00+00:00,Heart Of Midlothian,ST Mirren,NO,,,,
2026-09-23T08:29:54Z,Scotland,Scottish Premiership,179,1556675,2026-10-10T14:00:00+00:00,Rangers,Kilmarnock,NO,,,,
2026-09-23T08:29:54Z,Scotland,Scottish Premiership,179,1556671,2026-10-10T14:00:00+00:00,Dundee Utd,Hibernian,NO,,,,
2026-09-24T08:30:56Z,England,Premier League,39,1557417,2026-10-10T11:30:00+00:00,Arsenal,Leeds,NO,,,,
2026-09-24T08:30:56Z,England,Premier League,39,1557419,2026-10-10T14:00:00+00:00,Chelsea,Bournemouth,NO,,,,
2026-09-24T08:30:56Z,England,Premier League,39,1557423,2026-10-10T14:00:00+00:00,Ipswich,Fulham,NO,,,,
2026-09-24T08:30:56Z,Spain,La Liga,140,1570408,2026-10-09T19:00:00+00:00,Malaga,Espanyol,NO,,,,
2026-09-24T08:30:56Z,Spain,La Liga,140,1570410,2026-10-10T12:00:00+00:00,Rayo Vallecano,Athletic Club,NO,,,,
2026-09-24T08:30:56Z,Spain,La Liga,140,1570403,2026-10-10T14:15:00+00:00,Alaves,Atletico Madrid,NO,,,,
2026-09-24T08:30:56Z,Italy,Serie A,135,1550140,2026-10-10T13:00:00+00:00,Genoa,Fiorentina,NO,,,,
2026-09-24T08:30:56Z,Italy,Serie A,135,1550141,2026-10-10T16:00:00+00:00,Inter,Parma,NO,,,,
2026-09-24T08:30:56Z,Italy,Serie A,135,1550144,2026-10-10T18:45:00+00:00,Napoli,Frosinone,NO,,,,
2026-09-24T08:30:56Z,Germany,Bundesliga,78,1575176,2026-10-09T18:30:00+00:00,Borussia Dortmund,Werder Bremen,NO,,,,
2026-09-24T08:30:56Z,Germany,Bundesliga,78,1575181,2026-10-10T13:30:00+00:00,FSV Mainz 05,Bayer Leverkusen,NO,,,,
2026-09-24T08:30:56Z,Germany,Bundesliga,78,1575178,2026-10-10T13:30:00+00:00,1899 Hoffenheim,Hamburger SV,NO,,,,
2026-09-24T08:30:56Z,France,Ligue 1,61,1552775,2026-10-09T18:45:00+00:00,Lens,Lyon,NO,,,,
2026-09-24T08:30:56Z,France,Ligue 1,61,1552776,2026-10-10T15:15:00+00:00,Lille,Le Havre,NO,,,,
2026-09-24T08:30:56Z,France,Ligue 1,61,1552780,2026-10-10T18:45:00+00:00,Paris Saint Germain,Le Mans,NO,,,,
2026-09-24T08:30:56Z,Austria,Austrian Bundesliga,218,1561941,2026-10-10T15:00:00+00:00,WSG Wattens,Ried,NO,,,,
2026-09-24T08:30:56Z,Austria,Austrian Bundesliga,218,1561938,2026-10-10T15:00:00+00:00,Grazer AK,Red Bull Salzburg,NO,,,,
2026-09-24T08:30:56Z,Austria,Austrian Bundesliga,218,1561937,2026-10-10T17:30:00+00:00,Austria Vienna,Sturm Graz,NO,,,,
2026-09-24T08:30:56Z,Belgium,Belgian Pro League,144,1558644,2026-10-09T18:45:00+00:00,SK Beveren,Lommel United,NO,,,,
2026-09-24T08:30:56Z,Belgium,Belgian Pro League,144,1558645,2026-10-10T14:00:00+00:00,Cercle Brugge,Anderlecht,NO,,,,
2026-09-24T08:30:56Z,Belgium,Belgian Pro League,144,1558648,2026-10-10T16:15:00+00:00,RAAL La Louvière,Club Brugge KV,NO,,,,
2026-09-24T08:30:56Z,Denmark,Danish Superliga,119,1549031,2026-10-09T17:00:00+00:00,FC Nordsjaelland,Odense,NO,,,,
2026-09-24T08:30:56Z,Denmark,Danish Superliga,119,1549032,2026-10-11T12:00:00+00:00,Randers FC,Viborg,NO,,,,
2026-09-24T08:30:56Z,Denmark,Danish Superliga,119,1549033,2026-10-11T12:00:00+00:00,Silkeborg,AC Horsens,NO,,,,
2026-09-24T08:30:56Z,Lithuania,A Lyga,362,1547587,2026-10-10T11:15:00+00:00,FK Zalgiris Vilnius,Suduva Marijampole,NO,,,,
2026-09-24T08:30:56Z,Lithuania,A Lyga,362,1547639,2026-10-17T11:15:00+00:00,Panevėžys,Banga,NO,,,,
2026-09-24T08:30:56Z,Lithuania,A Lyga,362,1547640,2026-10-17T14:30:00+00:00,Džiugas Telšiai,TransINVEST Vilnius,NO,,,,
2026-09-24T08:30:56Z,Latvia,Virsliga,365,1515929,2026-10-10T11:00:00+00:00,Tukums,Riga,NO,,,,
2026-09-24T08:30:56Z,Latvia,Virsliga,365,1515930,2026-10-10T13:00:00+00:00,Super Nova,Grobiņa,NO,,,,
2026-09-24T08:30:56Z,Latvia,Virsliga,365,1515931,2026-10-11T11:00:00+00:00,Ogre United,BFC Daugavpils,NO,,,,
2026-09-24T08:30:56Z,Netherlands,Eredivisie,88,1552180,2026-10-09T18:00:00+00:00,PSV Eindhoven,Heerenveen,NO,,,,
2026-09-24T08:30:56Z,Netherlands,Eredivisie,88,1552182,2026-10-10T14:30:00+00:00,GO Ahead Eagles,Sparta Rotterdam,NO,,,,
2026-09-24T08:30:56Z,Netherlands,Eredivisie,88,1552181,2026-10-10T16:45:00+00:00,Feyenoord,AZ Alkmaar,NO,,,,
2026-09-24T08:30:56Z,Norway,Eliteserien,103,1494774,2026-10-09T17:00:00+00:00,Brann,Viking,NO,,,,
2026-09-24T08:30:56Z,Norway,Eliteserien,103,1494773,2026-10-10T14:00:00+00:00,Bodo/Glimt,Kristiansund BK,NO,,,,
2026-09-24T08:30:56Z,Norway,Eliteserien,103,1494778,2026-10-10T16:00:00+00:00,Rosenborg,Sandefjord,NO,,,,
2026-09-24T08:30:56Z,Poland,Ekstraklasa,106,1553190,2026-10-09T16:00:00+00:00,Wieczysta Kraków,Wisla Plock,NO,,,,
2026-09-24T08:30:56Z,Poland,Ekstraklasa,106,1553188,2026-10-09T18:30:00+00:00,Raków Częstochowa,GKS Katowice,NO,,,,
2026-09-24T08:30:56Z,Poland,Ekstraklasa,106,1553182,2026-10-10T12:45:00+00:00,Cracovia Krakow,Zaglebie Lubin,NO,,,,
2026-09-24T08:30:56Z,Portugal,Primeira Liga,94,1575516,2026-10-09T17:45:00+00:00,Moreirense,GIL Vicente,NO,,,,
2026-09-24T08:30:56Z,Portugal,Primeira Liga,94,1575512,2026-10-09T19:15:00+00:00,SC Braga,Sporting CP,NO,,,,
2026-09-24T08:30:56Z,Portugal,Primeira Liga,94,1575513,2026-10-10T14:30:00+00:00,Casa Pia,Santa Clara,NO,,,,
2026-09-24T08:30:56Z,Turkey,Super Lig,203,1584424,2026-10-09T17:00:00+00:00,Galatasaray,Kasımpaşa,NO,,,,
2026-09-24T08:30:56Z,Turkey,Super Lig,203,1584426,2026-10-10T10:30:00+00:00,Gençlerbirliği S.K.,Amed,NO,,,,
2026-09-24T08:30:56Z,Turkey,Super Lig,203,1584421,2026-10-10T13:00:00+00:00,Alanyaspor,Erzurumspor FK,NO,,,,
2026-09-24T08:30:56Z,Scotland,Scottish Premiership,179,1556673,2026-10-10T14:00:00+00:00,Heart Of Midlothian,ST Mirren,NO,,,,
2026-09-24T08:30:56Z,Scotland,Scottish Premiership,179,1556675,2026-10-10T14:00:00+00:00,Rangers,Kilmarnock,NO,,,,
2026-09-24T08:30:56Z,Scotland,Scottish Premiership,179,1556671,2026-10-10T14:00:00+00:00,Dundee Utd,Hibernian,NO,,,,
2026-09-25T08:30:58Z,England,Premier League,39,1557417,2026-10-10T11:30:00+00:00,Arsenal,Leeds,NO,,,,
2026-09-25T08:30:58Z,England,Premier League,39,1557419,2026-10-10T14:00:00+00:00,Chelsea,Bournemouth,NO,,,,
2026-09-25T08:30:58Z,England,Premier League,39,1557423,2026-10-10T14:00:00+00:00,Ipswich,Fulham,NO,,,,
2026-09-25T08:30:58Z,Spain,La Liga,140,1570408,2026-10-09T19:00:00+00:00,Malaga,Espanyol,NO,,,,
2026-09-25T08:30:58Z,Spain,La Liga,140,1570410,2026-10-10T12:00:00+00:00,Rayo Vallecano,Athletic Club,NO,,,,
2026-09-25T08:30:58Z,Spain,La Liga,140,1570403,2026-10-10T14:15:00+00:00,Alaves,Atletico Madrid,NO,,,,
2026-09-25T08:30:58Z,Italy,Serie A,135,1550140,2026-10-10T13:00:00+00:00,Genoa,Fiorentina,NO,,,,
2026-09-25T08:30:58Z,Italy,Serie A,135,1550141,2026-10-10T16:00:00+00:00,Inter,Parma,NO,,,,
2026-09-25T08:30:58Z,Italy,Serie A,135,1550144,2026-10-10T18:45:00+00:00,Napoli,Frosinone,NO,,,,
2026-09-25T08:30:58Z,Germany,Bundesliga,78,1575176,2026-10-09T18:30:00+00:00,Borussia Dortmund,Werder Bremen,NO,,,,
2026-09-25T08:30:58Z,Germany,Bundesliga,78,1575181,2026-10-10T13:30:00+00:00,FSV Mainz 05,Bayer Leverkusen,NO,,,,
2026-09-25T08:30:58Z,Germany,Bundesliga,78,1575178,2026-10-10T13:30:00+00:00,1899 Hoffenheim,Hamburger SV,NO,,,,
2026-09-25T08:30:58Z,France,Ligue 1,61,1552775,2026-10-09T18:45:00+00:00,Lens,Lyon,NO,,,,
2026-09-25T08:30:58Z,France,Ligue 1,61,1552776,2026-10-10T15:15:00+00:00,Lille,Le Havre,NO,,,,
2026-09-25T08:30:58Z,France,Ligue 1,61,1552780,2026-10-10T18:45:00+00:00,Paris Saint Germain,Le Mans,NO,,,,
2026-09-25T08:30:58Z,Austria,Austrian Bundesliga,218,1561941,2026-10-10T15:00:00+00:00,WSG Wattens,Ried,NO,,,,
2026-09-25T08:30:58Z,Austria,Austrian Bundesliga,218,1561938,2026-10-10T15:00:00+00:00,Grazer AK,Red Bull Salzburg,NO,,,,
2026-09-25T08:30:58Z,Austria,Austrian Bundesliga,218,1561937,2026-10-10T17:30:00+00:00,Austria Vienna,Sturm Graz,NO,,,,
2026-09-25T08:30:58Z,Belgium,Belgian Pro League,144,1558644,2026-10-09T18:45:00+00:00,SK Beveren,Lommel United,NO,,,,
2026-09-25T08:30:58Z,Belgium,Belgian Pro League,144,1558645,2026-10-10T14:00:00+00:00,Cercle Brugge,Anderlecht,NO,,,,
2026-09-25T08:30:58Z,Belgium,Belgian Pro League,144,1558648,2026-10-10T16:15:00+00:00,RAAL La Louvière,Club Brugge KV,NO,,,,
2026-09-25T08:30:58Z,Denmark,Danish Superliga,119,1549031,2026-10-09T17:00:00+00:00,FC Nordsjaelland,Odense,NO,,,,
2026-09-25T08:30:58Z,Denmark,Danish Superliga,119,1549032,2026-10-11T12:00:00+00:00,Randers FC,Viborg,NO,,,,
2026-09-25T08:30:58Z,Denmark,Danish Superliga,119,1549033,2026-10-11T12:00:00+00:00,Silkeborg,AC Horsens,NO,,,,
2026-09-25T08:30:58Z,Lithuania,A Lyga,362,1547587,2026-10-10T11:15:00+00:00,FK Zalgiris Vilnius,Suduva Marijampole,NO,,,,
2026-09-25T08:30:58Z,Lithuania,A Lyga,362,1547639,2026-10-17T11:15:00+00:00,Panevėžys,Banga,NO,,,,
2026-09-25T08:30:58Z,Lithuania,A Lyga,362,1547640,2026-10-17T14:30:00+00:00,Džiugas Telšiai,TransINVEST Vilnius,NO,,,,
2026-09-25T08:30:58Z,Latvia,Virsliga,365,1515929,2026-10-10T11:00:00+00:00,Tukums,Riga,NO,,,,
2026-09-25T08:30:58Z,Latvia,Virsliga,365,1515930,2026-10-10T13:00:00+00:00,Super Nova,Grobiņa,NO,,,,
2026-09-25T08:30:58Z,Latvia,Virsliga,365,1515931,2026-10-11T11:00:00+00:00,Ogre United,BFC Daugavpils,NO,,,,
2026-09-25T08:30:58Z,Netherlands,Eredivisie,88,1552180,2026-10-09T18:00:00+00:00,PSV Eindhoven,Heerenveen,NO,,,,
2026-09-25T08:30:58Z,Netherlands,Eredivisie,88,1552182,2026-10-10T14:30:00+00:00,GO Ahead Eagles,Sparta Rotterdam,NO,,,,
2026-09-25T08:30:58Z,Netherlands,Eredivisie,88,1552181,2026-10-10T16:45:00+00:00,Feyenoord,AZ Alkmaar,NO,,,,
2026-09-25T08:30:58Z,Norway,Eliteserien,103,1494774,2026-10-09T17:00:00+00:00,Brann,Viking,NO,,,,
2026-09-25T08:30:58Z,Norway,Eliteserien,103,1494773,2026-10-10T14:00:00+00:00,Bodo/Glimt,Kristiansund BK,NO,,,,
2026-09-25T08:30:58Z,Norway,Eliteserien,103,1494778,2026-10-10T16:00:00+00:00,Rosenborg,Sandefjord,NO,,,,
2026-09-25T08:30:58Z,Poland,Ekstraklasa,106,1553190,2026-10-09T16:00:00+00:00,Wieczysta Kraków,Wisla Plock,NO,,,,
2026-09-25T08:30:58Z,Poland,Ekstraklasa,106,1553188,2026-10-09T18:30:00+00:00,Raków Częstochowa,GKS Katowice,NO,,,,
2026-09-25T08:30:58Z,Poland,Ekstraklasa,106,1553182,2026-10-10T12:45:00+00:00,Cracovia Krakow,Zaglebie Lubin,NO,,,,
2026-09-25T08:30:58Z,Portugal,Primeira Liga,94,1575516,2026-10-09T17:45:00+00:00,Moreirense,GIL Vicente,NO,,,,
2026-09-25T08:30:58Z,Portugal,Primeira Liga,94,1575512,2026-10-09T19:15:00+00:00,SC Braga,Sporting CP,NO,,,,
2026-09-25T08:30:58Z,Portugal,Primeira Liga,94,1575513,2026-10-10T14:30:00+00:00,Casa Pia,Santa Clara,NO,,,,
2026-09-25T08:30:58Z,Turkey,Super Lig,203,1584424,2026-10-09T17:00:00+00:00,Galatasaray,Kasımpaşa,NO,,,,
2026-09-25T08:30:58Z,Turkey,Super Lig,203,1584426,2026-10-10T10:30:00+00:00,Gençlerbirliği S.K.,Amed,NO,,,,
2026-09-25T08:30:58Z,Turkey,Super Lig,203,1584421,2026-10-10T13:00:00+00:00,Alanyaspor,Erzurumspor FK,NO,,,,
2026-09-25T08:30:58Z,Scotland,Scottish Premiership,179,1556673,2026-10-10T14:00:00+00:00,Heart Of Midlothian,ST Mirren,NO,,,,
2026-09-25T08:30:58Z,Scotland,Scottish Premiership,179,1556675,2026-10-10T14:00:00+00:00,Rangers,Kilmarnock,NO,,,,
2026-09-25T08:30:58Z,Scotland,Scottish Premiership,179,1556671,2026-10-10T14:00:00+00:00,Dundee Utd,Hibernian,NO,,,,
