api_fixture_id,league,league_id,locked_at_utc,kickoff_utc,close_observed_at_utc,close_gap_minutes,home_team,away_team,bet_id,bet_name,line,open_p_f1_0,open_p_f2_0,close_p_f1_0,close_p_f2_0,move_f1_0_pp,move_f2_0_pp,bet365_close_f1_0,bet365_close_f2_0,user_bookmaker,user_close_f1_0,user_close_f2_0,status,note
1575164,Bundesliga,78,2026-09-11T18:41:56Z,2026-09-11T18:30:00Z,2026-09-11T14:47:34Z,222.4,Union Berlin,FC Schalke 04,4,Asian Handicap,0,0.53246753,0.46753247,0.53246753,0.46753247,0.00000000,-0.00000000,1.8,2.05,Marathonbet,1.76,2.07,OBSERVED_CLOSE_FROZEN,Latest stored pre-kickoff exact Asian Handicap line 0 pair
1561926,Austrian Bundesliga,218,2026-09-11T18:41:56Z,2026-09-11T17:30:00Z,2026-09-11T14:47:34Z,162.4,Ried,Red Bull Salzburg,4,Asian Handicap,0,0.21428571,0.78571429,0.22161172,0.77838828,0.00732601,-0.00732601,4.25,1.21,Marathonbet,4.1,1.16,OBSERVED_CLOSE_FROZEN,Latest stored pre-kickoff exact Asian Handicap line 0 pair
1549016,Danish Superliga,119,2026-09-11T18:41:56Z,2026-09-11T17:00:00Z,2026-09-11T14:47:34Z,132.4,FC Copenhagen,AC Horsens,4,Asian Handicap,0,0.84803256,0.15196744,0.84803256,0.15196744,0.00000000,-0.00000000,1.12,6.25,Marathonbet,1.04,6.85,OBSERVED_CLOSE_FROZEN,Latest stored pre-kickoff exact Asian Handicap line 0 pair
1515921,Virsliga,365,2026-09-11T18:41:56Z,2026-09-11T15:00:00Z,2026-09-11T14:47:34Z,12.4,Riga,Auda,4,Asian Handicap,0,0.82706767,0.17293233,0.82706767,0.17293233,-0.00000000,0.00000000,1.15,5.5,Marathonbet,1.07,5.85,OBSERVED_CLOSE_FROZEN,Latest stored pre-kickoff exact Asian Handicap line 0 pair
1553168,Ekstraklasa,106,2026-09-11T18:41:56Z,2026-09-11T16:00:00Z,2026-09-11T14:47:34Z,72.4,Raków Częstochowa,Motor Lublin,4,Asian Handicap,0,0.64891041,0.35108959,0.64891041,0.35108959,0.00000000,-0.00000000,1.45,2.68,Marathonbet,1.4,2.56,OBSERVED_CLOSE_FROZEN,Latest stored pre-kickoff exact Asian Handicap line 0 pair
1553170,Ekstraklasa,106,2026-09-11T18:41:56Z,2026-09-11T18:30:00Z,2026-09-11T14:47:34Z,222.4,Wisla Krakow,Jagiellonia,4,Asian Handicap,0,0.58139535,0.41860465,0.56135770,0.43864230,-0.02003765,0.02003765,1.68,2.15,Marathonbet,1.7,2.06,OBSERVED_CLOSE_FROZEN,Latest stored pre-kickoff exact Asian Handicap line 0 pair
1584405,Super Lig,203,2026-09-11T18:41:56Z,2026-09-11T17:00:00Z,2026-09-11T14:47:34Z,132.4,Beşiktaş,Erzurumspor FK,4,Asian Handicap,0,0.86075949,0.13924051,0.86075949,0.13924051,0.00000000,-0.00000000,1.1,6.8,Marathonbet,1.01,8.5,OBSERVED_CLOSE_FROZEN,Latest stored pre-kickoff exact Asian Handicap line 0 pair
1570381,La Liga,140,2026-09-12T00:43:08Z,2026-09-11T19:00:00Z,2026-09-11T18:41:56Z,18.1,Sevilla,Valencia,4,Asian Handicap,0,0.68493151,0.31506849,0.68493151,0.31506849,-0.00000000,0.00000000,1.38,3.0,Marathonbet,1.4,2.96,OBSERVED_CLOSE_FROZEN,Latest stored pre-kickoff exact Asian Handicap line 0 pair
1550126,Serie A,135,2026-09-12T00:43:08Z,2026-09-11T18:45:00Z,2026-09-11T18:41:56Z,3.1,Venezia,Fiorentina,4,Asian Handicap,0,0.46753247,0.53246753,0.46753247,0.53246753,-0.00000000,0.00000000,2.05,1.8,Marathonbet,2.0,1.81,OBSERVED_CLOSE_FROZEN,Latest stored pre-kickoff exact Asian Handicap line 0 pair
1552763,Ligue 1,61,2026-09-12T00:43:08Z,2026-09-11T18:45:00Z,2026-09-11T18:41:56Z,3.1,Rennes,Marseille,4,Asian Handicap,0,0.63725490,0.36274510,0.63725490,0.36274510,0.00000000,-0.00000000,1.48,2.6,Marathonbet,1.52,2.53,OBSERVED_CLOSE_FROZEN,Latest stored pre-kickoff exact Asian Handicap line 0 pair
1558626,Belgian Pro League,144,2026-09-12T00:43:08Z,2026-09-11T18:45:00Z,2026-09-11T18:41:56Z,3.1,KV Mechelen,Anderlecht,4,Asian Handicap,0,0.30337079,0.69662921,0.30337079,0.69662921,-0.00000000,0.00000000,3.1,1.35,Marathonbet,3.04,1.29,OBSERVED_CLOSE_FROZEN,Latest stored pre-kickoff exact Asian Handicap line 0 pair
1570378,La Liga,140,2026-09-12T12:42:44Z,2026-09-12T12:00:00Z,2026-09-12T06:42:52Z,317.1,Racing Santander,Alaves,4,Asian Handicap,0,0.52604167,0.47395833,0.54123711,0.45876289,0.01519544,-0.01519544,1.78,2.1,Marathonbet,1.81,2.0,OBSERVED_CLOSE_FROZEN,Latest stored pre-kickoff exact Asian Handicap line 0 pair
1515920,Virsliga,365,2026-09-12T12:42:44Z,2026-09-12T11:00:00Z,2026-09-12T06:42:52Z,257.1,Grobiņa,FS Jelgava,4,Asian Handicap,0,0.47894737,0.52105263,0.53157895,0.46842105,0.05263158,-0.05263158,1.78,2.02,Marathonbet,1.71,1.98,OBSERVED_CLOSE_FROZEN,Latest stored pre-kickoff exact Asian Handicap line 0 pair
1557398,Premier League,39,2026-09-12T18:40:06Z,2026-09-12T14:00:00Z,2026-09-12T12:42:44Z,77.3,Bournemouth,Brentford,4,Asian Handicap,0,0.52604167,0.47395833,0.53246753,0.46753247,0.00642586,-0.00642586,1.8,2.05,Marathonbet,1.8,2.01,OBSERVED_CLOSE_FROZEN,Latest stored pre-kickoff exact Asian Handicap line 0 pair
1557403,Premier League,39,2026-09-12T18:40:06Z,2026-09-12T14:00:00Z,2026-09-12T12:42:44Z,77.3,Liverpool,Fulham,4,Asian Handicap,0,0.81037277,0.18962723,0.77281192,0.22718808,-0.03756085,0.03756085,1.22,4.15,Marathonbet,1.19,4.1,OBSERVED_CLOSE_FROZEN,Latest stored pre-kickoff exact Asian Handicap line 0 pair
1557401,Premier League,39,2026-09-12T18:40:06Z,2026-09-12T14:00:00Z,2026-09-12T12:42:44Z,77.3,Crystal Palace,Ipswich,4,Asian Handicap,0,0.68493151,0.31506849,0.67058824,0.32941176,-0.01434327,0.01434327,1.4,2.85,Marathonbet,1.37,2.8,OBSERVED_CLOSE_FROZEN,Latest stored pre-kickoff exact Asian Handicap line 0 pair
1557397,Premier League,39,2026-09-12T18:40:06Z,2026-09-12T14:00:00Z,2026-09-12T12:42:44Z,77.3,Aston Villa,Nottingham Forest,4,Asian Handicap,0,0.58974359,0.41025641,0.59796438,0.40203562,0.00822079,-0.00822079,1.58,2.35,Marathonbet,1.6,2.34,OBSERVED_CLOSE_FROZEN,Latest stored pre-kickoff exact Asian Handicap line 0 pair
1557406,Premier League,39,2026-09-12T18:40:06Z,2026-09-12T16:30:00Z,2026-09-12T12:42:44Z,227.3,Tottenham,Everton,4,Asian Handicap,0,0.64891041,0.35108959,0.64891041,0.35108959,0.00000000,-0.00000000,1.45,2.68,Marathonbet,1.47,2.69,OBSERVED_CLOSE_FROZEN,Latest stored pre-kickoff exact Asian Handicap line 0 pair
1570377,La Liga,140,2026-09-12T18:40:06Z,2026-09-12T14:15:00Z,2026-09-12T12:42:44Z,92.3,Osasuna,Espanyol,4,Asian Handicap,0,0.60559796,0.39440204,0.60559796,0.39440204,0.00000000,-0.00000000,1.55,2.38,Marathonbet,1.5,2.38,OBSERVED_CLOSE_FROZEN,Latest stored pre-kickoff exact Asian Handicap line 0 pair
1570373,La Liga,140,2026-09-12T18:40:06Z,2026-09-12T16:30:00Z,2026-09-12T12:42:44Z,227.3,Athletic Club,Elche,4,Asian Handicap,0,0.83926031,0.16073969,0.83454282,0.16545718,-0.00471749,0.00471749,1.14,5.75,Marathonbet,1.1,5.5,OBSERVED_CLOSE_FROZEN,Latest stored pre-kickoff exact Asian Handicap line 0 pair
1550119,Serie A,135,2026-09-12T18:40:06Z,2026-09-12T13:00:00Z,2026-09-12T12:42:44Z,17.3,Genoa,Frosinone,4,Asian Handicap,0,0.61421320,0.38578680,0.59796438,0.40203562,-0.01624882,0.01624882,1.58,2.35,Marathonbet,1.57,2.22,OBSERVED_CLOSE_FROZEN,Latest stored pre-kickoff exact Asian Handicap line 0 pair
1550121,Serie A,135,2026-09-12T18:40:06Z,2026-09-12T16:00:00Z,2026-09-12T12:42:44Z,197.3,Lazio,AC Milan,4,Asian Handicap,0,0.40203562,0.59796438,0.36274510,0.63725490,-0.03929052,0.03929052,2.6,1.48,Marathonbet,2.62,1.49,OBSERVED_CLOSE_FROZEN,Latest stored pre-kickoff exact Asian Handicap line 0 pair
1575161,Bundesliga,78,2026-09-12T18:40:06Z,2026-09-12T13:30:00Z,2026-09-12T12:42:44Z,47.3,SC Freiburg,Borussia Mönchengladbach,4,Asian Handicap,0,0.71428571,0.28571429,0.73651452,0.26348548,0.02222881,-0.02222881,1.27,3.55,Marathonbet,1.28,3.28,OBSERVED_CLOSE_FROZEN,Latest stored pre-kickoff exact Asian Handicap line 0 pair
1575163,Bundesliga,78,2026-09-12T18:40:06Z,2026-09-12T13:30:00Z,2026-09-12T12:42:44Z,47.3,FSV Mainz 05,Eintracht Frankfurt,4,Asian Handicap,0,0.63725490,0.36274510,0.69662921,0.30337079,0.05937431,-0.05937431,1.35,3.1,Marathonbet,1.38,3.05,OBSERVED_CLOSE_FROZEN,Latest stored pre-kickoff exact Asian Handicap line 0 pair
1575160,Bundesliga,78,2026-09-12T18:40:06Z,2026-09-12T13:30:00Z,2026-09-12T12:42:44Z,47.3,1899 Hoffenheim,VfB Stuttgart,4,Asian Handicap,0,0.53246753,0.46753247,0.53246753,0.46753247,0.00000000,-0.00000000,1.8,2.05,Marathonbet,1.76,2.07,OBSERVED_CLOSE_FROZEN,Latest stored pre-kickoff exact Asian Handicap line 0 pair
1575162,Bundesliga,78,2026-09-12T18:40:06Z,2026-09-12T13:30:00Z,2026-09-12T12:42:44Z,47.3,FC Augsburg,Bayer Leverkusen,4,Asian Handicap,0,0.30337079,0.69662921,0.34052758,0.65947242,0.03715679,-0.03715679,2.75,1.42,Marathonbet,2.8,1.37,OBSERVED_CLOSE_FROZEN,Latest stored pre-kickoff exact Asian Handicap line 0 pair
1575165,Bundesliga,78,2026-09-12T18:40:06Z,2026-09-12T16:30:00Z,2026-09-12T12:42:44Z,227.3,1. FC Köln,Werder Bremen,4,Asian Handicap,0,0.60559796,0.39440204,0.60559796,0.39440204,0.00000000,-0.00000000,1.55,2.38,Marathonbet,1.56,2.43,OBSERVED_CLOSE_FROZEN,Latest stored pre-kickoff exact Asian Handicap line 0 pair
1552764,Ligue 1,61,2026-09-12T18:40:06Z,2026-09-12T15:15:00Z,2026-09-12T12:42:44Z,152.3,Strasbourg,Monaco,4,Asian Handicap,0,0.41025641,0.58974359,0.37500000,0.62500000,-0.03525641,0.03525641,2.5,1.5,Marathonbet,2.46,1.55,OBSERVED_CLOSE_FROZEN,Latest stored pre-kickoff exact Asian Handicap line 0 pair
1561924,Austrian Bundesliga,218,2026-09-12T18:40:06Z,2026-09-12T15:00:00Z,2026-09-12T12:42:44Z,137.3,SCR Altach,Grazer AK,4,Asian Handicap,0,0.60559796,0.39440204,0.60559796,0.39440204,0.00000000,-0.00000000,1.55,2.38,Marathonbet,1.52,2.43,OBSERVED_CLOSE_FROZEN,Latest stored pre-kickoff exact Asian Handicap line 0 pair
1561929,Austrian Bundesliga,218,2026-09-12T18:40:06Z,2026-09-12T17:30:00Z,2026-09-12T12:42:44Z,287.3,Wolfsberger AC,Rapid Vienna,4,Asian Handicap,0,0.26348548,0.73651452,0.23518164,0.76481836,-0.02830384,0.02830384,4.0,1.23,Marathonbet,3.78,1.19,OBSERVED_CLOSE_FROZEN,Latest stored pre-kickoff exact Asian Handicap line 0 pair
1558627,Belgian Pro League,144,2026-09-12T18:40:06Z,2026-09-12T14:00:00Z,2026-09-12T12:42:44Z,77.3,SK Beveren,St. Truiden,4,Asian Handicap,0,0.41860465,0.58139535,0.42857143,0.57142857,0.00996678,-0.00996678,2.2,1.65,Marathonbet,2.18,1.64,OBSERVED_CLOSE_FROZEN,Latest stored pre-kickoff exact Asian Handicap line 0 pair
1558628,Belgian Pro League,144,2026-09-12T18:40:06Z,2026-09-12T16:15:00Z,2026-09-12T12:42:44Z,212.3,KVC Westerlo,Standard Liege,4,Asian Handicap,0,0.51315789,0.48684211,0.52631579,0.47368421,0.01315790,-0.01315790,1.8,2.0,Marathonbet,1.8,1.95,OBSERVED_CLOSE_FROZEN,Latest stored pre-kickoff exact Asian Handicap line 0 pair
1552164,Eredivisie,88,2026-09-12T18:40:06Z,2026-09-12T16:45:00Z,2026-09-12T12:42:44Z,242.3,GO Ahead Eagles,Groningen,4,Asian Handicap,0,0.53947368,0.46052632,0.54736842,0.45263158,0.00789474,-0.00789474,1.72,2.08,Marathonbet,1.73,2.04,OBSERVED_CLOSE_FROZEN,Latest stored pre-kickoff exact Asian Handicap line 0 pair
1552165,Eredivisie,88,2026-09-12T18:40:06Z,2026-09-12T18:00:00Z,2026-09-12T12:42:44Z,317.3,Fortuna Sittard,Ajax,4,Asian Handicap,0,0.20240137,0.79759863,0.20240137,0.79759863,0.00000000,-0.00000000,4.65,1.18,Marathonbet,5.15,1.1,OBSERVED_CLOSE_FROZEN,Latest stored pre-kickoff exact Asian Handicap line 0 pair
1494760,Eliteserien,103,2026-09-12T18:40:06Z,2026-09-12T14:00:00Z,2026-09-12T12:42:44Z,77.3,Lillestrom,Valerenga,4,Asian Handicap,0,0.64891041,0.35108959,0.64891041,0.35108959,0.00000000,-0.00000000,1.45,2.68,Marathonbet,1.44,2.44,OBSERVED_CLOSE_FROZEN,Latest stored pre-kickoff exact Asian Handicap line 0 pair
1494761,Eliteserien,103,2026-09-12T18:40:06Z,2026-09-12T16:00:00Z,2026-09-12T12:42:44Z,197.3,Rosenborg,Tromso,4,Asian Handicap,0,0.72631579,0.27368421,0.74596774,0.25403226,0.01965195,-0.01965195,1.26,3.7,Marathonbet,1.22,3.5,OBSERVED_CLOSE_FROZEN,Latest stored pre-kickoff exact Asian Handicap line 0 pair
1553169,Ekstraklasa,106,2026-09-12T18:40:06Z,2026-09-12T12:45:00Z,2026-09-12T12:42:44Z,2.3,Slask Wroclaw,Korona Kielce,4,Asian Handicap,0,0.47894737,0.52105263,0.48684211,0.51315789,0.00789474,-0.00789474,1.95,1.85,Marathonbet,1.95,1.78,OBSERVED_CLOSE_FROZEN,Latest stored pre-kickoff exact Asian Handicap line 0 pair
1553164,Ekstraklasa,106,2026-09-12T18:40:06Z,2026-09-12T15:30:00Z,2026-09-12T12:42:44Z,167.3,Gornik Zabrze,Lech Poznan,4,Asian Handicap,0,0.45263158,0.54736842,0.44736842,0.55263158,-0.00526316,0.00526316,2.1,1.7,Marathonbet,2.11,1.67,OBSERVED_CLOSE_FROZEN,Latest stored pre-kickoff exact Asian Handicap line 0 pair
1553172,Ekstraklasa,106,2026-09-12T18:40:06Z,2026-09-12T18:15:00Z,2026-09-12T12:42:44Z,332.3,Zaglebie Lubin,GKS Katowice,4,Asian Handicap,0,0.48684211,0.51315789,0.50000000,0.50000000,0.01315789,-0.01315789,1.9,1.9,Marathonbet,1.87,1.86,OBSERVED_CLOSE_FROZEN,Latest stored pre-kickoff exact Asian Handicap line 0 pair
1575498,Primeira Liga,94,2026-09-12T18:40:06Z,2026-09-12T14:30:00Z,2026-09-12T12:42:44Z,107.3,Nacional,Alverca,4,Asian Handicap,0,0.50649351,0.49350649,0.48051948,0.51948052,-0.02597403,0.02597403,2.0,1.85,Marathonbet,1.93,1.82,OBSERVED_CLOSE_FROZEN,Latest stored pre-kickoff exact Asian Handicap line 0 pair
1584406,Super Lig,203,2026-09-12T18:40:06Z,2026-09-12T14:00:00Z,2026-09-12T12:42:44Z,77.3,Eyüpspor,Rizespor,4,Asian Handicap,0,0.31506849,0.68493151,0.31506849,0.68493151,0.00000000,-0.00000000,3.0,1.38,Marathonbet,2.99,1.36,OBSERVED_CLOSE_FROZEN,Latest stored pre-kickoff exact Asian Handicap line 0 pair
1584411,Super Lig,203,2026-09-12T18:40:06Z,2026-09-12T14:00:00Z,2026-09-12T12:42:44Z,77.3,Samsunspor,Çorum FK,4,Asian Handicap,0,0.58974359,0.41025641,0.58974359,0.41025641,-0.00000000,0.00000000,1.6,2.3,Marathonbet,1.55,2.36,OBSERVED_CLOSE_FROZEN,Latest stored pre-kickoff exact Asian Handicap line 0 pair
1584410,Super Lig,203,2026-09-12T18:40:06Z,2026-09-12T17:00:00Z,2026-09-12T12:42:44Z,257.3,Konyaspor,Trabzonspor,4,Asian Handicap,0,0.35108959,0.64891041,0.35108959,0.64891041,-0.00000000,0.00000000,2.68,1.45,Marathonbet,2.67,1.44,OBSERVED_CLOSE_FROZEN,Latest stored pre-kickoff exact Asian Handicap line 0 pair
1584403,Super Lig,203,2026-09-12T18:40:06Z,2026-09-12T17:00:00Z,2026-09-12T12:42:44Z,257.3,Alanyaspor,Göztepe,4,Asian Handicap,0,0.58974359,0.41025641,0.59796438,0.40203562,0.00822079,-0.00822079,1.58,2.35,Marathonbet,1.55,2.36,OBSERVED_CLOSE_FROZEN,Latest stored pre-kickoff exact Asian Handicap line 0 pair
1557405,Premier League,39,2026-09-13T00:44:15Z,2026-09-12T19:00:00Z,2026-09-12T18:40:06Z,19.9,Sunderland,Arsenal,4,Asian Handicap,0,0.16545718,0.83454282,0.22161172,0.77838828,0.05615454,-0.05615454,4.25,1.21,Marathonbet,4.6,1.17,OBSERVED_CLOSE_FROZEN,Latest stored pre-kickoff exact Asian Handicap line 0 pair
1550117,Serie A,135,2026-09-13T00:44:15Z,2026-09-12T18:45:00Z,2026-09-12T18:40:06Z,4.9,Atalanta,Cagliari,4,Asian Handicap,0,0.77838828,0.22161172,0.74596774,0.25403226,-0.03242054,0.03242054,1.26,3.7,Marathonbet,1.23,3.65,OBSERVED_CLOSE_FROZEN,Latest stored pre-kickoff exact Asian Handicap line 0 pair
1552761,Ligue 1,61,2026-09-13T00:44:15Z,2026-09-12T18:45:00Z,2026-09-12T18:40:06Z,4.9,Lorient,Toulouse,4,Asian Handicap,0,0.51948052,0.48051948,0.56135770,0.43864230,0.04187718,-0.04187718,1.68,2.15,Marathonbet,1.71,2.14,OBSERVED_CLOSE_FROZEN,Latest stored pre-kickoff exact Asian Handicap line 0 pair
1552756,Ligue 1,61,2026-09-13T00:44:15Z,2026-09-12T18:45:00Z,2026-09-12T18:40:06Z,4.9,Auxerre,Nice,4,Asian Handicap,0,0.51295337,0.48704663,0.46753247,0.53246753,-0.04542090,0.04542090,2.05,1.8,Marathonbet,2.05,1.77,OBSERVED_CLOSE_FROZEN,Latest stored pre-kickoff exact Asian Handicap line 0 pair
1552758,Ligue 1,61,2026-09-13T00:44:15Z,2026-09-12T18:45:00Z,2026-09-12T18:40:06Z,4.9,Le Havre,Angers,4,Asian Handicap,0,0.53246753,0.46753247,0.51948052,0.48051948,-0.01298701,0.01298701,1.85,2.0,Marathonbet,1.86,1.94,OBSERVED_CLOSE_FROZEN,Latest stored pre-kickoff exact Asian Handicap line 0 pair
1552762,Ligue 1,61,2026-09-13T00:44:15Z,2026-09-12T18:45:00Z,2026-09-12T18:40:06Z,4.9,Paris FC,Lyon,4,Asian Handicap,0,0.50000000,0.50000000,0.51295337,0.48704663,0.01295337,-0.01295337,1.88,1.98,Marathonbet,1.89,1.91,OBSERVED_CLOSE_FROZEN,Latest stored pre-kickoff exact Asian Handicap line 0 pair
1558629,Belgian Pro League,144,2026-09-13T00:44:15Z,2026-09-12T18:45:00Z,2026-09-12T18:40:06Z,4.9,OH Leuven,Cercle Brugge,4,Asian Handicap,0,0.50000000,0.50000000,0.52105263,0.47894737,0.02105263,-0.02105263,1.82,1.98,Marathonbet,1.82,1.93,OBSERVED_CLOSE_FROZEN,Latest stored pre-kickoff exact Asian Handicap line 0 pair
1552168,Eredivisie,88,2026-09-13T00:44:15Z,2026-09-12T19:00:00Z,2026-09-12T18:40:06Z,19.9,Cambuur,NEC Nijmegen,4,Asian Handicap,0,0.24124514,0.75875486,0.24124514,0.75875486,-0.00000000,0.00000000,3.9,1.24,Marathonbet,3.5,1.22,OBSERVED_CLOSE_FROZEN,Latest stored pre-kickoff exact Asian Handicap line 0 pair
1575491,Primeira Liga,94,2026-09-13T00:44:15Z,2026-09-12T19:30:00Z,2026-09-12T18:40:06Z,49.9,Academico Viseu,Vitória SC,4,Asian Handicap,0,0.35108959,0.64891041,0.34052758,0.65947242,-0.01056201,0.01056201,2.75,1.42,Marathonbet,2.67,1.44,OBSERVED_CLOSE_FROZEN,Latest stored pre-kickoff exact Asian Handicap line 0 pair
1570374,La Liga,140,2026-09-13T12:42:54Z,2026-09-13T12:00:00Z,2026-09-13T06:44:59Z,315.0,Celta Vigo,Malaga,4,Asian Handicap,0,0.74596774,0.25403226,0.75247525,0.24752475,0.00650751,-0.00650751,1.25,3.8,Marathonbet,1.24,3.56,OBSERVED_CLOSE_FROZEN,Latest stored pre-kickoff exact Asian Handicap line 0 pair
1561925,Austrian Bundesliga,218,2026-09-13T12:42:54Z,2026-09-13T12:30:00Z,2026-09-13T06:44:59Z,345.0,Austria Vienna,Austria Lustenau,4,Asian Handicap,0,0.68493151,0.31506849,0.68493151,0.31506849,-0.00000000,0.00000000,1.38,3.0,Marathonbet,1.3,2.98,OBSERVED_CLOSE_FROZEN,Latest stored pre-kickoff exact Asian Handicap line 0 pair
1561928,Austrian Bundesliga,218,2026-09-13T12:42:54Z,2026-09-13T12:30:00Z,2026-09-13T06:44:59Z,345.0,WSG Wattens,TSV Hartberg,4,Asian Handicap,0,0.58974359,0.41025641,0.59796438,0.40203562,0.00822079,-0.00822079,1.58,2.35,Marathonbet,1.59,2.27,OBSERVED_CLOSE_FROZEN,Latest stored pre-kickoff exact Asian Handicap line 0 pair
1549017,Danish Superliga,119,2026-09-13T12:42:54Z,2026-09-13T12:00:00Z,2026-09-13T06:44:59Z,315.0,Lyngby,Sonderjyske,4,Asian Handicap,0,0.74596774,0.25403226,0.75247525,0.24752475,0.00650751,-0.00650751,1.25,3.8,Marathonbet,1.19,3.8,OBSERVED_CLOSE_FROZEN,Latest stored pre-kickoff exact Asian Handicap line 0 pair
1549021,Danish Superliga,119,2026-09-13T12:42:54Z,2026-09-13T12:00:00Z,2026-09-13T06:44:59Z,315.0,Silkeborg,Viborg,4,Asian Handicap,0,0.32941176,0.67058824,0.35108959,0.64891041,0.02167783,-0.02167783,2.68,1.45,Marathonbet,2.56,1.4,OBSERVED_CLOSE_FROZEN,Latest stored pre-kickoff exact Asian Handicap line 0 pair
1547629,A Lyga,362,2026-09-13T12:42:54Z,2026-09-13T11:30:00Z,2026-09-13T06:44:59Z,285.0,Panevėžys,Kauno Žalgiris,4,Asian Handicap,0,0.24124514,0.75875486,0.24124514,0.75875486,-0.00000000,0.00000000,3.9,1.24,Marathonbet,3.74,1.19,OBSERVED_CLOSE_FROZEN,Latest stored pre-kickoff exact Asian Handicap line 0 pair
1515922,Virsliga,365,2026-09-13T12:42:54Z,2026-09-13T11:00:00Z,2026-09-13T06:44:59Z,255.0,BFC Daugavpils,Rīgas FS,4,Asian Handicap,0,0.14396887,0.85603113,0.13924051,0.86075949,-0.00472836,0.00472836,6.8,1.1,Marathonbet,6.4,1.05,OBSERVED_CLOSE_FROZEN,Latest stored pre-kickoff exact Asian Handicap line 0 pair
1552167,Eredivisie,88,2026-09-13T12:42:54Z,2026-09-13T10:15:00Z,2026-09-13T06:44:59Z,210.0,Excelsior,Utrecht,4,Asian Handicap,0,0.57142857,0.42857143,0.58139535,0.41860465,0.00996678,-0.00996678,1.62,2.25,Marathonbet,1.63,2.2,OBSERVED_CLOSE_FROZEN,Latest stored pre-kickoff exact Asian Handicap line 0 pair
1552166,Eredivisie,88,2026-09-13T12:42:54Z,2026-09-13T12:30:00Z,2026-09-13T06:44:59Z,345.0,Heerenveen,Telstar,4,Asian Handicap,0,0.73651452,0.26348548,0.73651452,0.26348548,0.00000000,-0.00000000,1.27,3.55,Marathonbet,1.23,3.42,OBSERVED_CLOSE_FROZEN,Latest stored pre-kickoff exact Asian Handicap line 0 pair
1494763,Eliteserien,103,2026-09-13T12:42:54Z,2026-09-13T12:30:00Z,2026-09-13T06:44:59Z,345.0,Viking,Kristiansund BK,4,Asian Handicap,0,0.86075949,0.13924051,0.84803256,0.15196744,-0.01272693,0.01272693,1.12,6.25,Marathonbet,1.05,6.7,OBSERVED_CLOSE_FROZEN,Latest stored pre-kickoff exact Asian Handicap line 0 pair
1553171,Ekstraklasa,106,2026-09-13T12:42:54Z,2026-09-13T10:15:00Z,2026-09-13T06:44:59Z,210.0,Wisla Plock,Cracovia Krakow,4,Asian Handicap,0,0.53157895,0.46842105,0.52631579,0.47368421,-0.00526316,0.00526316,1.8,2.0,Marathonbet,1.77,1.97,OBSERVED_CLOSE_FROZEN,Latest stored pre-kickoff exact Asian Handicap line 0 pair
1557400,Premier League,39,2026-09-13T18:41:20Z,2026-09-13T13:00:00Z,2026-09-13T12:42:54Z,17.1,Coventry,Brighton,4,Asian Handicap,0,0.32941176,0.67058824,0.34052758,0.65947242,0.01111582,-0.01111582,2.75,1.42,Marathonbet,2.8,1.37,OBSERVED_CLOSE_FROZEN,Latest stored pre-kickoff exact Asian Handicap line 0 pair
1557404,Premier League,39,2026-09-13T18:41:20Z,2026-09-13T15:30:00Z,2026-09-13T12:42:54Z,167.1,Manchester United,Manchester City,4,Asian Handicap,0,0.40203562,0.59796438,0.41860465,0.58139535,0.01656903,-0.01656903,2.25,1.62,Marathonbet,2.31,1.64,OBSERVED_CLOSE_FROZEN,Latest stored pre-kickoff exact Asian Handicap line 0 pair
1570376,La Liga,140,2026-09-13T18:41:20Z,2026-09-13T14:15:00Z,2026-09-13T12:42:54Z,92.1,Levante,Barcelona,4,Asian Handicap,0,0.16545718,0.83454282,0.16545718,0.83454282,0.00000000,-0.00000000,5.75,1.14,Marathonbet,7.1,1.04,OBSERVED_CLOSE_FROZEN,Latest stored pre-kickoff exact Asian Handicap line 0 pair
1570375,La Liga,140,2026-09-13T18:41:20Z,2026-09-13T16:30:00Z,2026-09-13T12:42:54Z,227.1,Getafe,Deportivo La Coruna,4,Asian Handicap,0,0.58139535,0.41860465,0.57142857,0.42857143,-0.00996678,0.00996678,1.65,2.2,Marathonbet,1.71,2.14,OBSERVED_CLOSE_FROZEN,Latest stored pre-kickoff exact Asian Handicap line 0 pair
1550122,Serie A,135,2026-09-13T18:41:20Z,2026-09-13T13:00:00Z,2026-09-13T12:42:54Z,17.1,Lecce,Monza,4,Asian Handicap,0,0.51295337,0.48704663,0.48051948,0.51948052,-0.03243389,0.03243389,2.0,1.85,Marathonbet,1.97,1.84,OBSERVED_CLOSE_FROZEN,Latest stored pre-kickoff exact Asian Handicap line 0 pair
1550123,Serie A,135,2026-09-13T18:41:20Z,2026-09-13T16:00:00Z,2026-09-13T12:42:54Z,197.1,Napoli,Bologna,4,Asian Handicap,0,0.72631579,0.27368421,0.67058824,0.32941176,-0.05572755,0.05572755,1.4,2.85,Marathonbet,1.35,2.89,OBSERVED_CLOSE_FROZEN,Latest stored pre-kickoff exact Asian Handicap line 0 pair
1575159,Bundesliga,78,2026-09-13T18:41:20Z,2026-09-13T13:30:00Z,2026-09-13T12:42:54Z,47.1,RB Leipzig,Hamburger SV,4,Asian Handicap,0,0.85106383,0.14893617,0.84803256,0.15196744,-0.00303127,0.00303127,1.12,6.25,Marathonbet,1.09,5.5,OBSERVED_CLOSE_FROZEN,Latest stored pre-kickoff exact Asian Handicap line 0 pair
1552760,Ligue 1,61,2026-09-13T18:41:20Z,2026-09-13T13:00:00Z,2026-09-13T12:42:54Z,17.1,Lille,Estac Troyes,4,Asian Handicap,0,0.83454282,0.16545718,0.83454282,0.16545718,-0.00000000,0.00000000,1.14,5.75,Marathonbet,1.11,5.05,OBSERVED_CLOSE_FROZEN,Latest stored pre-kickoff exact Asian Handicap line 0 pair
1552759,Ligue 1,61,2026-09-13T18:41:20Z,2026-09-13T15:15:00Z,2026-09-13T12:42:54Z,152.1,Le Mans,Lens,4,Asian Handicap,0,0.26348548,0.73651452,0.26348548,0.73651452,-0.00000000,0.00000000,3.55,1.27,Marathonbet,3.56,1.24,OBSERVED_CLOSE_FROZEN,Latest stored pre-kickoff exact Asian Handicap line 0 pair
1561927,Austrian Bundesliga,218,2026-09-13T18:41:20Z,2026-09-13T15:00:00Z,2026-09-13T12:42:54Z,137.1,Sturm Graz,Lask Linz,4,Asian Handicap,0,0.40203562,0.59796438,0.34052758,0.65947242,-0.06150804,0.06150804,2.75,1.42,Marathonbet,2.6,1.46,OBSERVED_CLOSE_FROZEN,Latest stored pre-kickoff exact Asian Handicap line 0 pair
1558632,Belgian Pro League,144,2026-09-13T18:41:20Z,2026-09-13T14:00:00Z,2026-09-13T12:42:54Z,77.1,Genk,Gent,4,Asian Handicap,0,0.62500000,0.37500000,0.62500000,0.37500000,0.00000000,0.00000000,1.5,2.5,Marathonbet,1.51,2.46,OBSERVED_CLOSE_FROZEN,Latest stored pre-kickoff exact Asian Handicap line 0 pair
1558633,Belgian Pro League,144,2026-09-13T18:41:20Z,2026-09-13T16:30:00Z,2026-09-13T12:42:54Z,227.1,Zulte Waregem,Charleroi,4,Asian Handicap,0,0.50526316,0.49473684,0.48684211,0.51315789,-0.01842105,0.01842105,1.95,1.85,Marathonbet,1.92,1.83,OBSERVED_CLOSE_FROZEN,Latest stored pre-kickoff exact Asian Handicap line 0 pair
1558634,Belgian Pro League,144,2026-09-13T18:41:20Z,2026-09-13T17:15:00Z,2026-09-13T12:42:54Z,272.1,RAAL La Louvière,Kortrijk,4,Asian Handicap,0,0.56135770,0.43864230,0.54736842,0.45263158,-0.01398928,0.01398928,1.72,2.08,Marathonbet,1.72,2.05,OBSERVED_CLOSE_FROZEN,Latest stored pre-kickoff exact Asian Handicap line 0 pair
1549020,Danish Superliga,119,2026-09-13T18:41:20Z,2026-09-13T14:00:00Z,2026-09-13T12:42:54Z,77.1,Randers FC,Odense,4,Asian Handicap,0,0.58974359,0.41025641,0.60559796,0.39440204,0.01585437,-0.01585437,1.55,2.38,Marathonbet,1.56,2.34,OBSERVED_CLOSE_FROZEN,Latest stored pre-kickoff exact Asian Handicap line 0 pair
1549019,Danish Superliga,119,2026-09-13T18:41:20Z,2026-09-13T16:00:00Z,2026-09-13T12:42:54Z,197.1,FC Nordsjaelland,Aarhus,4,Asian Handicap,0,0.67058824,0.32941176,0.67058824,0.32941176,-0.00000000,0.00000000,1.4,2.85,Marathonbet,1.34,2.79,OBSERVED_CLOSE_FROZEN,Latest stored pre-kickoff exact Asian Handicap line 0 pair
1547631,A Lyga,362,2026-09-13T18:41:20Z,2026-09-13T14:00:00Z,2026-09-13T12:42:54Z,77.1,Šiauliai,Hegelmann Litauen,4,Asian Handicap,0,0.48684211,0.51315789,0.48684211,0.51315789,-0.00000000,0.00000000,1.95,1.85,Marathonbet,1.89,1.79,OBSERVED_CLOSE_FROZEN,Latest stored pre-kickoff exact Asian Handicap line 0 pair
1547630,A Lyga,362,2026-09-13T18:41:20Z,2026-09-13T15:45:00Z,2026-09-13T12:42:54Z,182.1,Suduva Marijampole,FK Zalgiris Vilnius,4,Asian Handicap,0,0.47368421,0.52631579,0.51315789,0.48684211,0.03947368,-0.03947368,1.85,1.95,Marathonbet,1.81,1.87,OBSERVED_CLOSE_FROZEN,Latest stored pre-kickoff exact Asian Handicap line 0 pair
1552170,Eredivisie,88,2026-09-13T18:41:20Z,2026-09-13T14:45:00Z,2026-09-13T12:42:54Z,122.1,PEC Zwolle,Feyenoord,4,Asian Handicap,0,0.20240137,0.79759863,0.18096724,0.81903276,-0.02143413,0.02143413,5.25,1.16,Marathonbet,4.45,1.14,OBSERVED_CLOSE_FROZEN,Latest stored pre-kickoff exact Asian Handicap line 0 pair
1494762,Eliteserien,103,2026-09-13T18:41:20Z,2026-09-13T15:00:00Z,2026-09-13T12:42:54Z,137.1,Start,Brann,4,Asian Handicap,0,0.37500000,0.62500000,0.35108959,0.64891041,-0.02391041,0.02391041,2.68,1.45,Marathonbet,2.43,1.52,OBSERVED_CLOSE_FROZEN,Latest stored pre-kickoff exact Asian Handicap line 0 pair
1494759,Eliteserien,103,2026-09-13T18:41:20Z,2026-09-13T15:00:00Z,2026-09-13T12:42:54Z,137.1,KFUM Oslo,Aalesund,4,Asian Handicap,0,0.53157895,0.46842105,0.51315789,0.48684211,-0.01842106,0.01842106,1.85,1.95,Marathonbet,1.82,1.93,OBSERVED_CLOSE_FROZEN,Latest stored pre-kickoff exact Asian Handicap line 0 pair
1494758,Eliteserien,103,2026-09-13T18:41:20Z,2026-09-13T15:00:00Z,2026-09-13T12:42:54Z,137.1,Ham-Kam,Molde,4,Asian Handicap,0,0.28571429,0.71428571,0.26348548,0.73651452,-0.02222881,0.02222881,3.55,1.27,Marathonbet,3.28,1.25,OBSERVED_CLOSE_FROZEN,Latest stored pre-kickoff exact Asian Handicap line 0 pair
1494757,Eliteserien,103,2026-09-13T18:41:20Z,2026-09-13T17:15:00Z,2026-09-13T12:42:54Z,272.1,Fredrikstad,Sarpsborg 08 FF,4,Asian Handicap,0,0.52631579,0.47368421,0.54736842,0.45263158,0.02105263,-0.02105263,1.72,2.08,Marathonbet,1.79,1.96,OBSERVED_CLOSE_FROZEN,Latest stored pre-kickoff exact Asian Handicap line 0 pair
1553166,Ekstraklasa,106,2026-09-13T18:41:20Z,2026-09-13T12:45:00Z,2026-09-13T12:42:54Z,2.1,Pogon Szczecin,Wieczysta Kraków,4,Asian Handicap,0,0.63725490,0.36274510,0.61421320,0.38578680,-0.02304170,0.02304170,1.52,2.42,Marathonbet,1.52,2.24,OBSERVED_CLOSE_FROZEN,Latest stored pre-kickoff exact Asian Handicap line 0 pair
1553165,Ekstraklasa,106,2026-09-13T18:41:20Z,2026-09-13T15:30:00Z,2026-09-13T12:42:54Z,167.1,Legia Warszawa,Widzew Łódź,4,Asian Handicap,0,0.68493151,0.31506849,0.69662921,0.30337079,0.01169770,-0.01169770,1.35,3.1,Marathonbet,1.31,2.92,OBSERVED_CLOSE_FROZEN,Latest stored pre-kickoff exact Asian Handicap line 0 pair
1575492,Primeira Liga,94,2026-09-13T18:41:20Z,2026-09-13T17:00:00Z,2026-09-13T12:42:54Z,257.1,Arouca,Santa Clara,4,Asian Handicap,0,0.51295337,0.48704663,0.52604167,0.47395833,0.01308830,-0.01308830,1.82,2.02,Marathonbet,1.77,1.98,OBSERVED_CLOSE_FROZEN,Latest stored pre-kickoff exact Asian Handicap line 0 pair
1584409,Super Lig,203,2026-09-13T18:41:20Z,2026-09-13T14:00:00Z,2026-09-13T12:42:54Z,77.1,Gençlerbirliği S.K.,Kasımpaşa,4,Asian Handicap,0,0.58139535,0.41860465,0.58139535,0.41860465,-0.00000000,0.00000000,1.62,2.25,Marathonbet,1.62,2.21,OBSERVED_CLOSE_FROZEN,Latest stored pre-kickoff exact Asian Handicap line 0 pair
1584407,Super Lig,203,2026-09-13T18:41:20Z,2026-09-13T17:00:00Z,2026-09-13T12:42:54Z,257.1,Galatasaray,Kocaelispor,4,Asian Handicap,0,0.85106383,0.14893617,0.85603113,0.14396887,0.00496730,-0.00496730,1.11,6.6,Marathonbet,1.02,8.0,OBSERVED_CLOSE_FROZEN,Latest stored pre-kickoff exact Asian Handicap line 0 pair
1584404,Super Lig,203,2026-09-13T18:41:20Z,2026-09-13T17:00:00Z,2026-09-13T12:42:54Z,257.1,Amed,Başakşehir,4,Asian Handicap,0,0.51315789,0.48684211,0.52105263,0.47894737,0.00789474,-0.00789474,1.82,1.98,Marathonbet,1.81,1.94,OBSERVED_CLOSE_FROZEN,Latest stored pre-kickoff exact Asian Handicap line 0 pair
1570380,La Liga,140,2026-09-14T06:46:41Z,2026-09-13T19:00:00Z,2026-09-13T18:41:20Z,18.7,Real Sociedad,Atletico Madrid,4,Asian Handicap,0,0.45263158,0.54736842,0.39440204,0.60559796,-0.05822954,0.05822954,2.38,1.55,Marathonbet,2.38,1.58,OBSERVED_CLOSE_FROZEN,Latest stored pre-kickoff exact Asian Handicap line 0 pair
1550124,Serie A,135,2026-09-14T06:46:41Z,2026-09-13T18:45:00Z,2026-09-13T18:41:20Z,3.7,Sassuolo,Juventus,4,Asian Handicap,0,0.24124514,0.75875486,0.24124514,0.75875486,-0.00000000,0.00000000,3.9,1.24,Marathonbet,3.92,1.22,OBSERVED_CLOSE_FROZEN,Latest stored pre-kickoff exact Asian Handicap line 0 pair
1575496,Primeira Liga,94,2026-09-14T06:46:41Z,2026-09-13T19:30:00Z,2026-09-13T18:41:20Z,48.7,Famalicao,Sporting CP,4,Asian Handicap,0,0.20913884,0.79086116,0.18962723,0.81037277,-0.01951161,0.01951161,5.0,1.17,Marathonbet,4.5,1.13,OBSERVED_CLOSE_FROZEN,Latest stored pre-kickoff exact Asian Handicap line 0 pair
1550125,Serie A,135,2026-09-14T18:45:04Z,2026-09-14T16:30:00Z,2026-09-14T12:46:34Z,223.4,Torino,AS Roma,4,Asian Handicap,0,0.21428571,0.78571429,0.21428571,0.78571429,0.00000000,-0.00000000,4.4,1.2,Marathonbet,4.7,1.15,OBSERVED_CLOSE_FROZEN,Latest stored pre-kickoff exact Asian Handicap line 0 pair
1550118,Serie A,135,2026-09-14T18:45:04Z,2026-09-14T16:30:00Z,2026-09-14T12:46:34Z,223.4,Como,Parma,4,Asian Handicap,0,0.86419753,0.13580247,0.86419753,0.13580247,0.00000000,-0.00000000,1.1,7.0,Marathonbet,1.03,7.6,OBSERVED_CLOSE_FROZEN,Latest stored pre-kickoff exact Asian Handicap line 0 pair
1550120,Serie A,135,2026-09-14T18:45:04Z,2026-09-14T18:45:00Z,2026-09-14T12:46:34Z,358.4,Inter,Udinese,4,Asian Handicap,0,0.86419753,0.13580247,0.86419753,0.13580247,0.00000000,-0.00000000,1.1,7.0,Marathonbet,1.04,7.7,OBSERVED_CLOSE_FROZEN,Latest stored pre-kickoff exact Asian Handicap line 0 pair
1549018,Danish Superliga,119,2026-09-14T18:45:04Z,2026-09-14T17:00:00Z,2026-09-14T12:46:34Z,253.4,FC Midtjylland,Brondby,4,Asian Handicap,0,0.65947242,0.34052758,0.69662921,0.30337079,0.03715679,-0.03715679,1.35,3.1,Marathonbet,1.3,2.98,OBSERVED_CLOSE_FROZEN,Latest stored pre-kickoff exact Asian Handicap line 0 pair
1547633,A Lyga,362,2026-09-14T18:45:04Z,2026-09-14T15:45:00Z,2026-09-14T12:46:34Z,178.4,Banga,TransINVEST Vilnius,4,Asian Handicap,0,0.48684211,0.51315789,0.48684211,0.51315789,-0.00000000,0.00000000,1.95,1.85,Marathonbet,1.92,1.76,OBSERVED_CLOSE_FROZEN,Latest stored pre-kickoff exact Asian Handicap line 0 pair
1553167,Ekstraklasa,106,2026-09-14T18:45:04Z,2026-09-14T17:00:00Z,2026-09-14T12:46:34Z,253.4,Radomiak Radom,Piast Gliwice,4,Asian Handicap,0,0.54736842,0.45263158,0.54736842,0.45263158,0.00000000,-0.00000000,1.72,2.08,Marathonbet,1.73,2.02,OBSERVED_CLOSE_FROZEN,Latest stored pre-kickoff exact Asian Handicap line 0 pair
1575499,Primeira Liga,94,2026-09-14T18:45:04Z,2026-09-14T17:45:00Z,2026-09-14T12:46:34Z,298.4,Rio Ave,Estrela,4,Asian Handicap,0,0.47395833,0.52604167,0.50000000,0.50000000,0.02604167,-0.02604167,1.92,1.92,Marathonbet,1.87,1.87,OBSERVED_CLOSE_FROZEN,Latest stored pre-kickoff exact Asian Handicap line 0 pair
1584408,Super Lig,203,2026-09-14T18:45:04Z,2026-09-14T17:00:00Z,2026-09-14T12:46:34Z,253.4,Gaziantep FK,Fenerbahçe,4,Asian Handicap,0,0.22718808,0.77281192,0.21428571,0.78571429,-0.01290237,0.01290237,4.4,1.2,Marathonbet,4.35,1.14,OBSERVED_CLOSE_FROZEN,Latest stored pre-kickoff exact Asian Handicap line 0 pair
1557402,Premier League,39,2026-09-15T00:45:52Z,2026-09-14T19:00:00Z,2026-09-14T18:45:04Z,14.9,Leeds,Newcastle,4,Asian Handicap,0,0.55263158,0.44736842,0.58139535,0.41860465,0.02876377,-0.02876377,1.62,2.25,Marathonbet,1.66,2.22,OBSERVED_CLOSE_FROZEN,Latest stored pre-kickoff exact Asian Handicap line 0 pair
1570382,La Liga,140,2026-09-15T00:45:52Z,2026-09-14T19:00:00Z,2026-09-14T18:45:04Z,14.9,Villarreal,Real Betis,4,Asian Handicap,0,0.64891041,0.35108959,0.63725490,0.36274510,-0.01165551,0.01165551,1.48,2.6,Marathonbet,1.44,2.62,OBSERVED_CLOSE_FROZEN,Latest stored pre-kickoff exact Asian Handicap line 0 pair
1575497,Primeira Liga,94,2026-09-15T00:45:52Z,2026-09-14T19:15:00Z,2026-09-14T18:45:04Z,29.9,Moreirense,Maritimo,4,Asian Handicap,0,0.55263158,0.44736842,0.48051948,0.51948052,-0.07211210,0.07211210,2.0,1.85,Marathonbet,1.89,1.85,OBSERVED_CLOSE_FROZEN,Latest stored pre-kickoff exact Asian Handicap line 0 pair
1575494,Primeira Liga,94,2026-09-15T00:45:52Z,2026-09-14T19:45:00Z,2026-09-14T18:45:04Z,59.9,SC Braga,Estoril,4,Asian Handicap,0,0.80267559,0.19732441,0.86075949,0.13924051,0.05808390,-0.05808390,1.1,6.8,Marathonbet,1.05,6.55,OBSERVED_CLOSE_FROZEN,Latest stored pre-kickoff exact Asian Handicap line 0 pair
1570391,La Liga,140,2026-09-15T18:43:14Z,2026-09-15T17:00:00Z,2026-09-15T12:44:49Z,255.2,Rayo Vallecano,Espanyol,4,Asian Handicap,0,0.63725490,0.36274510,0.57142857,0.42857143,-0.06582633,0.06582633,1.65,2.2,Marathonbet,1.69,2.2,OBSERVED_CLOSE_FROZEN,Latest stored pre-kickoff exact Asian Handicap line 0 pair
1570383,La Liga,140,2026-09-15T18:43:14Z,2026-09-15T18:00:00Z,2026-09-15T12:44:49Z,315.2,Alaves,Valencia,4,Asian Handicap,0,0.68493151,0.31506849,0.75247525,0.24752475,0.06754374,-0.06754374,1.25,3.8,Marathonbet,1.22,3.82,OBSERVED_CLOSE_FROZEN,Latest stored pre-kickoff exact Asian Handicap line 0 pair
1553112,Ekstraklasa,106,2026-09-15T18:43:14Z,2026-09-15T18:30:00Z,2026-09-15T12:44:49Z,345.2,Korona Kielce,Gornik Zabrze,4,Asian Handicap,0,0.48684211,0.51315789,0.50000000,0.50000000,0.01315789,-0.01315789,1.9,1.9,Marathonbet,1.88,1.83,OBSERVED_CLOSE_FROZEN,Latest stored pre-kickoff exact Asian Handicap line 0 pair
1553125,Ekstraklasa,106,2026-09-15T18:43:14Z,2026-09-15T16:00:00Z,2026-09-15T12:44:49Z,195.2,Raków Częstochowa,Zaglebie Lubin,4,Asian Handicap,0,0.68493151,0.31506849,0.68493151,0.31506849,-0.00000000,0.00000000,1.38,3.0,Marathonbet,1.33,2.83,OBSERVED_CLOSE_FROZEN,Latest stored pre-kickoff exact Asian Handicap line 0 pair
1515889,Virsliga,365,2026-09-15T18:43:14Z,2026-09-15T16:00:00Z,2026-09-15T12:44:49Z,195.2,Super Nova,Riga,4,Asian Handicap,0,0.13580247,0.86419753,0.13580247,0.86419753,-0.00000000,0.00000000,7.0,1.1,Marathonbet,7.8,1.02,OBSERVED_CLOSE_FROZEN,Latest stored pre-kickoff exact Asian Handicap line 0 pair
1556642,Scottish Premiership,179,2026-09-16T00:44:23Z,2026-09-15T18:45:00Z,2026-09-15T18:43:14Z,1.8,Hibernian,Kilmarnock,4,Asian Handicap,0,0.77838828,0.22161172,0.81903276,0.18096724,0.04064448,-0.04064448,1.16,5.25,Marathonbet,1.09,5.35,OBSERVED_CLOSE_FROZEN,Latest stored pre-kickoff exact Asian Handicap line 0 pair
1556643,Scottish Premiership,179,2026-09-16T00:44:23Z,2026-09-15T18:45:00Z,2026-09-15T18:43:14Z,1.8,Motherwell,Aberdeen,4,Asian Handicap,0,0.67058824,0.32941176,0.68493151,0.31506849,0.01434327,-0.01434327,1.38,3.0,Marathonbet,1.35,2.99,OBSERVED_CLOSE_FROZEN,Latest stored pre-kickoff exact Asian Handicap line 0 pair
1556641,Scottish Premiership,179,2026-09-16T00:44:23Z,2026-09-15T18:45:00Z,2026-09-15T18:43:14Z,1.8,Falkirk,Heart Of Midlothian,4,Asian Handicap,0,0.35108959,0.64891041,0.35108959,0.64891041,-0.00000000,0.00000000,2.68,1.45,Marathonbet,2.63,1.44,OBSERVED_CLOSE_FROZEN,Latest stored pre-kickoff exact Asian Handicap line 0 pair
1570388,La Liga,140,2026-09-16T00:44:23Z,2026-09-15T19:30:00Z,2026-09-15T18:43:14Z,46.8,Elche,Real Madrid,4,Asian Handicap,0,0.13580247,0.86419753,0.13580247,0.86419753,-0.00000000,0.00000000,7.0,1.1,Marathonbet,7.7,1.04,OBSERVED_CLOSE_FROZEN,Latest stored pre-kickoff exact Asian Handicap line 0 pair
1570384,La Liga,140,2026-09-16T18:44:18Z,2026-09-16T17:00:00Z,2026-09-16T12:45:17Z,254.7,Atletico Madrid,Osasuna,4,Asian Handicap,0,0.82706767,0.17293233,0.85106383,0.14893617,0.02399616,-0.02399616,1.12,6.4,Marathonbet,1.08,6.6,OBSERVED_CLOSE_FROZEN,Latest stored pre-kickoff exact Asian Handicap line 0 pair
1570387,La Liga,140,2026-09-16T18:44:18Z,2026-09-16T17:00:00Z,2026-09-16T12:45:17Z,254.7,Deportivo La Coruna,Sevilla,4,Asian Handicap,0,0.56135770,0.43864230,0.53246753,0.46753247,-0.02889017,0.02889017,1.8,2.05,Marathonbet,1.79,2.05,OBSERVED_CLOSE_FROZEN,Latest stored pre-kickoff exact Asian Handicap line 0 pair
1547599,A Lyga,362,2026-09-16T18:44:18Z,2026-09-16T15:45:00Z,2026-09-16T12:45:17Z,179.7,FK Zalgiris Vilnius,Kauno Žalgiris,4,Asian Handicap,0,0.44736842,0.55263158,0.43864230,0.56135770,-0.00872612,0.00872612,2.15,1.68,Marathonbet,2.34,1.5,OBSERVED_CLOSE_FROZEN,Latest stored pre-kickoff exact Asian Handicap line 0 pair
1515898,Virsliga,365,2026-09-16T18:44:18Z,2026-09-16T16:00:00Z,2026-09-16T12:45:17Z,194.7,Auda,Ogre United,4,Asian Handicap,0,0.81903276,0.18096724,0.85106383,0.14893617,0.03203107,-0.03203107,1.12,6.4,Marathonbet,1.06,6.35,OBSERVED_CLOSE_FROZEN,Latest stored pre-kickoff exact Asian Handicap line 0 pair
1570389,La Liga,140,2026-09-17T00:44:42Z,2026-09-16T19:30:00Z,2026-09-16T18:44:18Z,45.7,Levante,Athletic Club,4,Asian Handicap,0,0.40203562,0.59796438,0.40203562,0.59796438,0.00000000,-0.00000000,2.35,1.58,Marathonbet,2.39,1.59,OBSERVED_CLOSE_FROZEN,Latest stored pre-kickoff exact Asian Handicap line 0 pair
1570386,La Liga,140,2026-09-17T18:43:35Z,2026-09-17T17:00:00Z,2026-09-17T12:44:25Z,255.6,Real Betis,Getafe,4,Asian Handicap,0,0.72631579,0.27368421,0.77281192,0.22718808,0.04649613,-0.04649613,1.22,4.15,Marathonbet,1.19,4.25,OBSERVED_CLOSE_FROZEN,Latest stored pre-kickoff exact Asian Handicap line 0 pair
1570390,La Liga,140,2026-09-18T00:43:39Z,2026-09-17T19:30:00Z,2026-09-17T18:43:35Z,46.4,Malaga,Villarreal,4,Asian Handicap,0,0.34052758,0.65947242,0.34052758,0.65947242,-0.00000000,0.00000000,2.75,1.42,Marathonbet,2.76,1.46,OBSERVED_CLOSE_FROZEN,Latest stored pre-kickoff exact Asian Handicap line 0 pair
1561935,Austrian Bundesliga,218,2026-09-18T18:41:34Z,2026-09-18T17:30:00Z,2026-09-18T12:43:52Z,286.1,Rapid Vienna,WSG Wattens,4,Asian Handicap,0,0.82706767,0.17293233,0.84269663,0.15730337,0.01562896,-0.01562896,1.12,6.0,Marathonbet,1.08,5.45,OBSERVED_CLOSE_FROZEN,Latest stored pre-kickoff exact Asian Handicap line 0 pair
1552173,Eredivisie,88,2026-09-18T18:41:34Z,2026-09-18T18:00:00Z,2026-09-18T12:43:52Z,316.1,Groningen,PEC Zwolle,4,Asian Handicap,0,0.73651452,0.26348548,0.77838828,0.22161172,0.04187376,-0.04187376,1.21,4.25,Marathonbet,1.16,4.05,OBSERVED_CLOSE_FROZEN,Latest stored pre-kickoff exact Asian Handicap line 0 pair
1549024,Danish Superliga,119,2026-09-18T18:41:34Z,2026-09-18T17:00:00Z,2026-09-18T12:43:52Z,256.1,Lyngby,Silkeborg,4,Asian Handicap,0,0.69662921,0.30337079,0.64891041,0.35108959,-0.04771880,0.04771880,1.45,2.68,Marathonbet,1.38,2.62,OBSERVED_CLOSE_FROZEN,Latest stored pre-kickoff exact Asian Handicap line 0 pair
1584418,Super Lig,203,2026-09-18T18:41:34Z,2026-09-18T17:00:00Z,2026-09-18T12:43:52Z,256.1,Kasımpaşa,Konyaspor,4,Asian Handicap,0,0.56135770,0.43864230,0.53947368,0.46052632,-0.02188402,0.02188402,1.75,2.05,Marathonbet,1.71,2.04,OBSERVED_CLOSE_FROZEN,Latest stored pre-kickoff exact Asian Handicap line 0 pair
1553179,Ekstraklasa,106,2026-09-18T18:41:34Z,2026-09-18T16:00:00Z,2026-09-18T12:43:52Z,196.1,Widzew Łódź,Wieczysta Kraków,4,Asian Handicap,0,0.71428571,0.28571429,0.65947242,0.34052758,-0.05481329,0.05481329,1.42,2.75,Marathonbet,1.38,2.62,OBSERVED_CLOSE_FROZEN,Latest stored pre-kickoff exact Asian Handicap line 0 pair
1553180,Ekstraklasa,106,2026-09-18T18:41:34Z,2026-09-18T18:30:00Z,2026-09-18T12:43:52Z,346.1,Wisla Krakow,Slask Wroclaw,4,Asian Handicap,0,0.72631579,0.27368421,0.75247525,0.24752475,0.02615946,-0.02615946,1.25,3.8,Marathonbet,1.21,3.58,OBSERVED_CLOSE_FROZEN,Latest stored pre-kickoff exact Asian Handicap line 0 pair
1494768,Eliteserien,103,2026-09-18T18:41:34Z,2026-09-18T17:00:00Z,2026-09-18T12:43:52Z,256.1,Sarpsborg 08 FF,KFUM Oslo,4,Asian Handicap,0,0.74596774,0.25403226,0.76923077,0.23076923,0.02326303,-0.02326303,1.23,4.1,Marathonbet,1.19,3.74,OBSERVED_CLOSE_FROZEN,Latest stored pre-kickoff exact Asian Handicap line 0 pair
1552769,Ligue 1,61,2026-09-19T00:43:06Z,2026-09-18T18:45:00Z,2026-09-18T18:41:34Z,3.4,Monaco,Lens,4,Asian Handicap,0,0.56135770,0.43864230,0.64891041,0.35108959,0.08755271,-0.08755271,1.45,2.68,Marathonbet,1.48,2.65,OBSERVED_CLOSE_FROZEN,Latest stored pre-kickoff exact Asian Handicap line 0 pair
1550133,Serie A,135,2026-09-19T00:43:06Z,2026-09-18T18:45:00Z,2026-09-18T18:41:34Z,3.4,Monza,Sassuolo,4,Asian Handicap,0,0.48051948,0.51948052,0.50000000,0.50000000,0.01948052,-0.01948052,1.92,1.92,Marathonbet,1.94,1.86,OBSERVED_CLOSE_FROZEN,Latest stored pre-kickoff exact Asian Handicap line 0 pair
1557408,Premier League,39,2026-09-19T00:43:06Z,2026-09-18T19:00:00Z,2026-09-18T18:41:34Z,18.4,Brentford,Chelsea,4,Asian Handicap,0,0.45263158,0.54736842,0.50000000,0.50000000,0.04736842,-0.04736842,1.92,1.92,Marathonbet,1.9,1.9,OBSERVED_CLOSE_FROZEN,Latest stored pre-kickoff exact Asian Handicap line 0 pair
1570397,La Liga,140,2026-09-19T00:43:06Z,2026-09-18T19:00:00Z,2026-09-18T18:41:34Z,18.4,Espanyol,Elche,4,Asian Handicap,0,0.69662921,0.30337079,0.71428571,0.28571429,0.01765650,-0.01765650,1.32,3.3,Marathonbet,1.34,3.26,OBSERVED_CLOSE_FROZEN,Latest stored pre-kickoff exact Asian Handicap line 0 pair
1558635,Belgian Pro League,144,2026-09-19T00:43:06Z,2026-09-18T18:45:00Z,2026-09-18T18:41:34Z,3.4,Gent,Standard Liege,4,Asian Handicap,0,0.68493151,0.31506849,0.72631579,0.27368421,0.04138428,-0.04138428,1.3,3.45,Marathonbet,1.27,3.14,OBSERVED_CLOSE_FROZEN,Latest stored pre-kickoff exact Asian Handicap line 0 pair
1557416,Premier League,39,2026-09-19T12:42:35Z,2026-09-19T11:30:00Z,2026-09-19T06:42:46Z,287.2,Tottenham,Aston Villa,4,Asian Handicap,0,0.64891041,0.35108959,0.63725490,0.36274510,-0.01165551,0.01165551,1.48,2.6,Marathonbet,1.49,2.66,OBSERVED_CLOSE_FROZEN,Latest stored pre-kickoff exact Asian Handicap line 0 pair
1570399,La Liga,140,2026-09-19T12:42:35Z,2026-09-19T12:00:00Z,2026-09-19T06:42:46Z,317.2,Osasuna,Rayo Vallecano,4,Asian Handicap,0,0.58139535,0.41860465,0.53246753,0.46753247,-0.04892782,0.04892782,1.8,2.05,Marathonbet,1.77,2.08,OBSERVED_CLOSE_FROZEN,Latest stored pre-kickoff exact Asian Handicap line 0 pair
1547635,A Lyga,362,2026-09-19T12:42:35Z,2026-09-19T11:15:00Z,2026-09-19T06:42:46Z,272.2,Banga,Džiugas Telšiai,4,Asian Handicap,0,0.68493151,0.31506849,0.62500000,0.37500000,-0.05993151,0.05993151,1.5,2.5,Marathonbet,1.42,2.49,OBSERVED_CLOSE_FROZEN,Latest stored pre-kickoff exact Asian Handicap line 0 pair
1515925,Virsliga,365,2026-09-19T12:42:35Z,2026-09-19T11:00:00Z,2026-09-19T06:42:46Z,257.2,FK Liepaja,BFC Daugavpils,4,Asian Handicap,0,0.65947242,0.34052758,0.63725490,0.36274510,-0.02221752,0.02221752,1.48,2.6,Marathonbet,1.47,2.41,OBSERVED_CLOSE_FROZEN,Latest stored pre-kickoff exact Asian Handicap line 0 pair
