api_fixture_id,captured_at_utc,country,league,api_league_id,kickoff_utc,home_team_id,home_team,away_team_id,away_team,b365_home,b365_draw,b365_away,api_update_utc,source,fixture_status_at_capture
1557398,2026-09-11T12:29:59Z,England,Premier League,39,2026-09-12T14:00:00+00:00,35,Bournemouth,55,Brentford,2.5,3.6,2.75,2026-09-11T08:15:48+00:00,Stage71 first complete Bet365 1X2 capture,
1557403,2026-09-11T12:29:59Z,England,Premier League,39,2026-09-12T14:00:00+00:00,40,Liverpool,36,Fulham,1.42,5.0,6.25,2026-09-11T08:15:48+00:00,Stage71 first complete Bet365 1X2 capture,
1557399,2026-09-11T12:29:59Z,England,Premier League,39,2026-09-12T14:00:00+00:00,49,Chelsea,64,Hull City,1.22,6.5,11.0,2026-09-11T08:15:48+00:00,Stage71 first complete Bet365 1X2 capture,
1557401,2026-09-11T12:29:59Z,England,Premier League,39,2026-09-12T14:00:00+00:00,52,Crystal Palace,57,Ipswich,1.85,3.8,3.9,2026-09-11T08:15:48+00:00,Stage71 first complete Bet365 1X2 capture,
1557397,2026-09-11T12:29:59Z,England,Premier League,39,2026-09-12T14:00:00+00:00,66,Aston Villa,65,Nottingham Forest,2.25,3.4,3.2,2026-09-11T08:15:48+00:00,Stage71 first complete Bet365 1X2 capture,
1570381,2026-09-11T12:29:59Z,Spain,La Liga,140,2026-09-11T19:00:00+00:00,536,Sevilla,532,Valencia,1.95,3.4,4.1,2026-09-11T12:00:44+00:00,Stage71 first complete Bet365 1X2 capture,
1570378,2026-09-11T12:29:59Z,Spain,La Liga,140,2026-09-12T12:00:00+00:00,4665,Racing Santander,542,Alaves,2.45,3.5,2.75,2026-09-11T09:48:15+00:00,Stage71 first complete Bet365 1X2 capture,
1570377,2026-09-11T12:29:59Z,Spain,La Liga,140,2026-09-12T14:15:00+00:00,727,Osasuna,540,Espanyol,2.15,3.2,3.6,2026-09-11T09:48:15+00:00,Stage71 first complete Bet365 1X2 capture,
1570373,2026-09-11T12:29:59Z,Spain,La Liga,140,2026-09-12T16:30:00+00:00,531,Athletic Club,797,Elche,1.4,4.75,7.5,2026-09-11T09:48:15+00:00,Stage71 first complete Bet365 1X2 capture,
1570379,2026-09-11T12:29:59Z,Spain,La Liga,140,2026-09-12T19:00:00+00:00,541,Real Madrid,728,Rayo Vallecano,1.11,9.5,19.0,2026-09-11T09:48:15+00:00,Stage71 first complete Bet365 1X2 capture,
1575164,2026-09-11T12:29:59Z,Germany,Bundesliga,78,2026-09-11T18:30:00+00:00,182,Union Berlin,174,FC Schalke 04,2.45,3.5,2.8,2026-09-11T12:00:44+00:00,Stage71 first complete Bet365 1X2 capture,
1575161,2026-09-11T12:29:59Z,Germany,Bundesliga,78,2026-09-12T13:30:00+00:00,160,SC Freiburg,163,Borussia Mönchengladbach,1.67,4.33,4.5,2026-09-11T09:52:15+00:00,Stage71 first complete Bet365 1X2 capture,
1575163,2026-09-11T12:29:59Z,Germany,Bundesliga,78,2026-09-12T13:30:00+00:00,164,FSV Mainz 05,169,Eintracht Frankfurt,1.95,4.0,3.4,2026-09-11T09:52:15+00:00,Stage71 first complete Bet365 1X2 capture,
1575158,2026-09-11T12:29:59Z,Germany,Bundesliga,78,2026-09-12T13:30:00+00:00,165,Borussia Dortmund,185,SC Paderborn 07,1.25,6.5,10.0,2026-09-11T09:52:15+00:00,Stage71 first complete Bet365 1X2 capture,
1575160,2026-09-11T12:29:59Z,Germany,Bundesliga,78,2026-09-12T13:30:00+00:00,167,1899 Hoffenheim,172,VfB Stuttgart,2.35,4.0,2.62,2026-09-11T09:52:15+00:00,Stage71 first complete Bet365 1X2 capture,
1552763,2026-09-11T12:29:59Z,France,Ligue 1,61,2026-09-11T18:45:00+00:00,94,Rennes,81,Marseille,1.95,4.0,3.4,2026-09-11T12:00:44+00:00,Stage71 first complete Bet365 1X2 capture,
1552764,2026-09-11T12:29:59Z,France,Ligue 1,61,2026-09-12T15:15:00+00:00,95,Strasbourg,91,Monaco,3.1,3.75,2.15,2026-09-11T08:15:48+00:00,Stage71 first complete Bet365 1X2 capture,
1552761,2026-09-11T12:29:59Z,France,Ligue 1,61,2026-09-12T18:45:00+00:00,97,Lorient,96,Toulouse,2.62,3.25,2.75,2026-09-11T08:15:48+00:00,Stage71 first complete Bet365 1X2 capture,
1552756,2026-09-11T12:29:59Z,France,Ligue 1,61,2026-09-12T18:45:00+00:00,108,Auxerre,84,Nice,2.62,3.3,2.75,2026-09-11T08:15:48+00:00,Stage71 first complete Bet365 1X2 capture,
1552758,2026-09-11T12:29:59Z,France,Ligue 1,61,2026-09-12T18:45:00+00:00,111,Le Havre,77,Angers,2.55,3.2,2.88,2026-09-11T08:15:48+00:00,Stage71 first complete Bet365 1X2 capture,
1561926,2026-09-11T12:29:59Z,Austria,Austrian Bundesliga,218,2026-09-11T17:30:00+00:00,1028,Ried,571,Red Bull Salzburg,5.5,4.5,1.53,2026-09-11T12:00:44+00:00,Stage71 first complete Bet365 1X2 capture,
1561924,2026-09-11T12:29:59Z,Austria,Austrian Bundesliga,218,2026-09-12T15:00:00+00:00,618,SCR Altach,4256,Grazer AK,2.15,3.3,3.4,2026-09-11T09:31:18+00:00,Stage71 first complete Bet365 1X2 capture,
1561929,2026-09-11T12:29:59Z,Austria,Austrian Bundesliga,218,2026-09-12T17:30:00+00:00,1025,Wolfsberger AC,781,Rapid Vienna,4.75,3.9,1.7,2026-09-11T09:31:18+00:00,Stage71 first complete Bet365 1X2 capture,
1561925,2026-09-11T12:29:59Z,Austria,Austrian Bundesliga,218,2026-09-13T12:30:00+00:00,601,Austria Vienna,1399,Austria Lustenau,1.85,3.7,3.9,2026-09-11T09:31:18+00:00,Stage71 first complete Bet365 1X2 capture,
1561928,2026-09-11T12:29:59Z,Austria,Austrian Bundesliga,218,2026-09-13T12:30:00+00:00,1398,WSG Wattens,1072,TSV Hartberg,2.15,3.5,3.2,2026-09-11T09:31:18+00:00,Stage71 first complete Bet365 1X2 capture,
1558626,2026-09-11T12:29:59Z,Belgium,Belgian Pro League,144,2026-09-11T18:45:00+00:00,266,KV Mechelen,554,Anderlecht,4.0,3.7,1.75,2026-09-11T09:24:14+00:00,Stage71 first complete Bet365 1X2 capture,
1558627,2026-09-11T12:29:59Z,Belgium,Belgian Pro League,144,2026-09-12T14:00:00+00:00,738,SK Beveren,735,St. Truiden,3.0,3.3,2.15,2026-09-11T09:24:14+00:00,Stage71 first complete Bet365 1X2 capture,
1558628,2026-09-11T12:29:59Z,Belgium,Belgian Pro League,144,2026-09-12T16:15:00+00:00,261,KVC Westerlo,733,Standard Liege,2.45,3.4,2.55,2026-09-11T09:24:14+00:00,Stage71 first complete Bet365 1X2 capture,
1558629,2026-09-11T12:29:59Z,Belgium,Belgian Pro League,144,2026-09-12T18:45:00+00:00,260,OH Leuven,741,Cercle Brugge,2.5,3.4,2.5,2026-09-11T09:24:14+00:00,Stage71 first complete Bet365 1X2 capture,
1558630,2026-09-11T12:29:59Z,Belgium,Belgian Pro League,144,2026-09-12T18:45:00+00:00,1393,Union St. Gilloise,259,Lommel United,1.2,5.5,10.0,2026-09-11T09:24:14+00:00,Stage71 first complete Bet365 1X2 capture,
1549016,2026-09-11T12:29:59Z,Denmark,Danish Superliga,119,2026-09-11T17:00:00+00:00,400,FC Copenhagen,404,AC Horsens,1.33,5.5,8.0,2026-09-11T12:00:44+00:00,Stage71 first complete Bet365 1X2 capture,
1549017,2026-09-11T12:29:59Z,Denmark,Danish Superliga,119,2026-09-13T12:00:00+00:00,625,Lyngby,396,Sonderjyske,1.62,4.1,4.75,2026-09-11T08:59:15+00:00,Stage71 first complete Bet365 1X2 capture,
1549021,2026-09-11T12:29:59Z,Denmark,Danish Superliga,119,2026-09-13T12:00:00+00:00,2073,Silkeborg,2070,Viborg,3.75,4.0,1.83,2026-09-11T08:59:15+00:00,Stage71 first complete Bet365 1X2 capture,
1549020,2026-09-11T12:29:59Z,Denmark,Danish Superliga,119,2026-09-13T14:00:00+00:00,401,Randers FC,405,Odense,2.2,3.4,3.2,2026-09-11T08:59:15+00:00,Stage71 first complete Bet365 1X2 capture,
1549019,2026-09-11T12:29:59Z,Denmark,Danish Superliga,119,2026-09-13T16:00:00+00:00,398,FC Nordsjaelland,406,Aarhus,1.8,4.0,3.9,2026-09-11T08:59:15+00:00,Stage71 first complete Bet365 1X2 capture,
1547629,2026-09-11T12:29:59Z,Lithuania,A Lyga,362,2026-09-13T11:30:00+00:00,3874,Panevėžys,3872,Kauno Žalgiris,4.75,3.9,1.55,2026-09-11T03:07:13+00:00,Stage71 first complete Bet365 1X2 capture,
1547631,2026-09-11T12:29:59Z,Lithuania,A Lyga,362,2026-09-13T14:00:00+00:00,3870,Šiauliai,3861,Hegelmann Litauen,2.5,3.5,2.35,2026-09-11T03:07:13+00:00,Stage71 first complete Bet365 1X2 capture,
1547630,2026-09-11T12:29:59Z,Lithuania,A Lyga,362,2026-09-13T15:45:00+00:00,612,Suduva Marijampole,586,FK Zalgiris Vilnius,2.55,3.3,2.38,2026-09-11T03:07:13+00:00,Stage71 first complete Bet365 1X2 capture,
1547633,2026-09-11T12:29:59Z,Lithuania,A Lyga,362,2026-09-14T15:45:00+00:00,3858,Banga,18878,TransINVEST Vilnius,2.5,3.4,2.4,2026-09-11T03:07:13+00:00,Stage71 first complete Bet365 1X2 capture,
1515923,2026-09-11T12:29:59Z,Latvia,Virsliga,365,2026-09-11T14:00:00+00:00,18936,Ogre United,661,FK Liepaja,4.0,4.0,1.6,2026-09-11T12:29:15+00:00,Stage71 first complete Bet365 1X2 capture,
1515921,2026-09-11T12:29:59Z,Latvia,Virsliga,365,2026-09-11T15:00:00+00:00,10124,Riga,4135,Auda,1.33,4.75,6.5,2026-09-11T12:29:15+00:00,Stage71 first complete Bet365 1X2 capture,
1515920,2026-09-11T12:29:59Z,Latvia,Virsliga,365,2026-09-12T11:00:00+00:00,4138,Grobiņa,18834,FS Jelgava,2.6,3.2,2.4,2026-09-11T12:29:15+00:00,Stage71 first complete Bet365 1X2 capture,
1515922,2026-09-11T12:29:59Z,Latvia,Virsliga,365,2026-09-13T11:00:00+00:00,4149,BFC Daugavpils,4160,Rīgas FS,7.5,5.0,1.28,2026-09-11T12:29:15+00:00,Stage71 first complete Bet365 1X2 capture,
1552162,2026-09-11T12:29:59Z,Netherlands,Eredivisie,88,2026-09-11T18:00:00+00:00,201,AZ Alkmaar,195,Willem II,1.14,8.5,15.0,2026-09-11T12:00:44+00:00,Stage71 first complete Bet365 1X2 capture,
1552163,2026-09-11T12:29:59Z,Netherlands,Eredivisie,88,2026-09-12T14:30:00+00:00,415,Twente,198,ADO Den Haag,1.25,7.0,10.0,2026-09-11T09:09:24+00:00,Stage71 first complete Bet365 1X2 capture,
1552164,2026-09-11T12:29:59Z,Netherlands,Eredivisie,88,2026-09-12T16:45:00+00:00,410,GO Ahead Eagles,202,Groningen,2.3,4.0,2.7,2026-09-11T09:09:24+00:00,Stage71 first complete Bet365 1X2 capture,
1552165,2026-09-11T12:29:59Z,Netherlands,Eredivisie,88,2026-09-12T18:00:00+00:00,205,Fortuna Sittard,194,Ajax,5.75,5.25,1.44,2026-09-11T09:09:24+00:00,Stage71 first complete Bet365 1X2 capture,
1552168,2026-09-11T12:29:59Z,Netherlands,Eredivisie,88,2026-09-12T19:00:00+00:00,420,Cambuur,413,NEC Nijmegen,5.0,5.0,1.53,2026-09-11T09:09:24+00:00,Stage71 first complete Bet365 1X2 capture,
1494760,2026-09-11T12:29:59Z,Norway,Eliteserien,103,2026-09-12T14:00:00+00:00,321,Lillestrom,326,Valerenga,1.9,3.9,3.6,2026-09-11T08:15:49+00:00,Stage71 first complete Bet365 1X2 capture,
1494761,2026-09-11T12:29:59Z,Norway,Eliteserien,103,2026-09-12T16:00:00+00:00,331,Rosenborg,325,Tromso,1.7,3.75,4.75,2026-09-11T08:15:49+00:00,Stage71 first complete Bet365 1X2 capture,
1494763,2026-09-11T12:29:59Z,Norway,Eliteserien,103,2026-09-13T12:30:00+00:00,759,Viking,320,Kristiansund BK,1.25,7.0,8.0,2026-09-11T02:10:15+00:00,Stage71 first complete Bet365 1X2 capture,
1494762,2026-09-11T12:29:59Z,Norway,Eliteserien,103,2026-09-13T15:00:00+00:00,334,Start,319,Brann,3.4,3.75,2.0,2026-09-11T02:10:15+00:00,Stage71 first complete Bet365 1X2 capture,
1494759,2026-09-11T12:29:59Z,Norway,Eliteserien,103,2026-09-13T15:00:00+00:00,2143,KFUM Oslo,757,Aalesund,2.4,3.7,2.62,2026-09-11T02:10:15+00:00,Stage71 first complete Bet365 1X2 capture,
1553168,2026-09-11T12:29:59Z,Poland,Ekstraklasa,106,2026-09-11T16:00:00+00:00,3491,Raków Częstochowa,14562,Motor Lublin,1.85,3.6,3.6,2026-09-11T12:00:44+00:00,Stage71 first complete Bet365 1X2 capture,
1553170,2026-09-11T12:29:59Z,Poland,Ekstraklasa,106,2026-09-11T18:30:00+00:00,338,Wisla Krakow,336,Jagiellonia,2.25,3.6,2.7,2026-09-11T12:00:44+00:00,Stage71 first complete Bet365 1X2 capture,
1553169,2026-09-11T12:29:59Z,Poland,Ekstraklasa,106,2026-09-12T12:45:00+00:00,337,Slask Wroclaw,346,Korona Kielce,2.6,3.25,2.5,2026-09-11T08:15:48+00:00,Stage71 first complete Bet365 1X2 capture,
1553164,2026-09-11T12:29:59Z,Poland,Ekstraklasa,106,2026-09-12T15:30:00+00:00,340,Gornik Zabrze,347,Lech Poznan,2.75,3.4,2.3,2026-09-11T08:15:48+00:00,Stage71 first complete Bet365 1X2 capture,
1553172,2026-09-11T12:29:59Z,Poland,Ekstraklasa,106,2026-09-12T18:15:00+00:00,345,Zaglebie Lubin,3484,GKS Katowice,2.6,3.25,2.5,2026-09-11T08:15:48+00:00,Stage71 first complete Bet365 1X2 capture,
1575498,2026-09-11T12:29:59Z,Portugal,Primeira Liga,94,2026-09-12T14:30:00+00:00,225,Nacional,4724,Alverca,2.62,3.4,2.7,2026-09-11T08:15:49+00:00,Stage71 first complete Bet365 1X2 capture,
1575495,2026-09-11T12:29:59Z,Portugal,Primeira Liga,94,2026-09-12T17:00:00+00:00,4716,Casa Pia,212,FC Porto,10.0,6.0,1.25,2026-09-11T08:15:49+00:00,Stage71 first complete Bet365 1X2 capture,
1575491,2026-09-11T12:29:59Z,Portugal,Primeira Liga,94,2026-09-12T19:30:00+00:00,238,Academico Viseu,224,Vitória SC,3.7,3.4,2.05,2026-09-11T08:15:49+00:00,Stage71 first complete Bet365 1X2 capture,
1575493,2026-09-11T12:29:59Z,Portugal,Primeira Liga,94,2026-09-13T17:00:00+00:00,211,Benfica,762,GIL Vicente,1.17,7.0,17.0,2026-09-11T00:30:25+00:00,Stage71 first complete Bet365 1X2 capture,
1575492,2026-09-11T12:29:59Z,Portugal,Primeira Liga,94,2026-09-13T17:00:00+00:00,240,Arouca,227,Santa Clara,2.62,3.2,2.75,2026-09-11T00:30:25+00:00,Stage71 first complete Bet365 1X2 capture,
1584405,2026-09-11T12:29:59Z,Turkey,Super Lig,203,2026-09-11T17:00:00+00:00,549,Beşiktaş,1009,Erzurumspor FK,1.22,5.75,11.0,2026-09-11T12:00:44+00:00,Stage71 first complete Bet365 1X2 capture,
1584406,2026-09-11T12:29:59Z,Turkey,Super Lig,203,2026-09-12T14:00:00+00:00,3588,Eyüpspor,1007,Rizespor,3.9,3.4,1.9,2026-09-11T10:07:14+00:00,Stage71 first complete Bet365 1X2 capture,
1584411,2026-09-11T12:29:59Z,Turkey,Super Lig,203,2026-09-12T14:00:00+00:00,3603,Samsunspor,6343,Çorum FK,2.0,3.4,3.5,2026-09-11T10:07:14+00:00,Stage71 first complete Bet365 1X2 capture,
1584410,2026-09-11T12:29:59Z,Turkey,Super Lig,203,2026-09-12T17:00:00+00:00,607,Konyaspor,998,Trabzonspor,3.6,3.5,1.95,2026-09-11T10:07:14+00:00,Stage71 first complete Bet365 1X2 capture,
1584403,2026-09-11T12:29:59Z,Turkey,Super Lig,203,2026-09-12T17:00:00+00:00,996,Alanyaspor,994,Göztepe,2.15,3.4,3.1,2026-09-11T10:07:14+00:00,Stage71 first complete Bet365 1X2 capture,
1556642,2026-09-11T12:29:59Z,Scotland,Scottish Premiership,179,2026-09-15T18:45:00+00:00,249,Hibernian,250,Kilmarnock,1.5,4.33,5.5,2026-09-11T02:30:11+00:00,Stage71 first complete Bet365 1X2 capture,
1556643,2026-09-11T12:29:59Z,Scotland,Scottish Premiership,179,2026-09-15T18:45:00+00:00,256,Motherwell,252,Aberdeen,1.83,3.7,3.9,2026-09-11T02:30:11+00:00,Stage71 first complete Bet365 1X2 capture,
1556641,2026-09-11T12:29:59Z,Scotland,Scottish Premiership,179,2026-09-15T18:45:00+00:00,1389,Falkirk,254,Heart Of Midlothian,3.6,3.6,1.95,2026-09-11T02:30:11+00:00,Stage71 first complete Bet365 1X2 capture,
1556665,2026-09-11T12:29:59Z,Scotland,Scottish Premiership,179,2026-09-19T14:00:00+00:00,249,Hibernian,252,Aberdeen,1.75,3.75,4.2,2026-09-09T16:36:26+00:00,Stage71 first complete Bet365 1X2 capture,
1556668,2026-09-11T12:29:59Z,Scotland,Scottish Premiership,179,2026-09-19T14:00:00+00:00,251,ST Mirren,1386,Dundee Utd,2.25,3.5,2.9,2026-09-09T16:36:26+00:00,Stage71 first complete Bet365 1X2 capture,
1570374,2026-09-11T20:08:08Z,Spain,La Liga,140,2026-09-13T12:00:00+00:00,538,Celta Vigo,535,Malaga,1.7,3.7,5.25,2026-09-11T18:17:15+00:00,Stage71 first complete Bet365 1X2 capture,
1575162,2026-09-11T20:08:08Z,Germany,Bundesliga,78,2026-09-12T13:30:00+00:00,170,FC Augsburg,168,Bayer Leverkusen,4.0,4.1,1.8,2026-09-11T18:26:15+00:00,Stage71 first complete Bet365 1X2 capture,
1552762,2026-09-11T20:08:08Z,France,Ligue 1,61,2026-09-12T18:45:00+00:00,114,Paris FC,80,Lyon,2.55,3.6,2.55,2026-09-11T17:27:18+00:00,Stage71 first complete Bet365 1X2 capture,
1561927,2026-09-11T20:08:08Z,Austria,Austrian Bundesliga,218,2026-09-13T15:00:00+00:00,637,Sturm Graz,1026,Lask Linz,3.0,3.6,2.2,2026-09-11T17:56:16+00:00,Stage71 first complete Bet365 1X2 capture,
1558631,2026-09-11T20:08:08Z,Belgium,Belgian Pro League,144,2026-09-13T11:30:00+00:00,569,Club Brugge KV,740,Antwerp,1.25,5.5,9.0,2026-09-11T17:47:22+00:00,Stage71 first complete Bet365 1X2 capture,
1549018,2026-09-11T20:08:08Z,Denmark,Danish Superliga,119,2026-09-14T17:00:00+00:00,397,FC Midtjylland,407,Brondby,1.85,3.9,3.75,2026-09-11T17:14:14+00:00,Stage71 first complete Bet365 1X2 capture,
1552167,2026-09-11T20:08:08Z,Netherlands,Eredivisie,88,2026-09-13T10:15:00+00:00,196,Excelsior,207,Utrecht,2.2,3.75,3.0,2026-09-11T17:25:17+00:00,Stage71 first complete Bet365 1X2 capture,
1553171,2026-09-11T20:08:08Z,Poland,Ekstraklasa,106,2026-09-13T10:15:00+00:00,341,Wisla Plock,350,Cracovia Krakow,2.5,3.25,2.6,2026-09-11T13:19:19+00:00,Stage71 first complete Bet365 1X2 capture,
1553166,2026-09-11T20:08:08Z,Poland,Ekstraklasa,106,2026-09-13T12:45:00+00:00,348,Pogon Szczecin,17115,Wieczysta Kraków,1.95,3.4,3.5,2026-09-11T13:19:19+00:00,Stage71 first complete Bet365 1X2 capture,
1584409,2026-09-11T20:08:08Z,Turkey,Super Lig,203,2026-09-13T14:00:00+00:00,997,Gençlerbirliği S.K.,1004,Kasımpaşa,2.25,3.2,3.1,2026-09-11T18:46:18+00:00,Stage71 first complete Bet365 1X2 capture,
1557406,2026-09-11T20:52:31Z,England,Premier League,39,2026-09-12T16:30:00+00:00,47,Tottenham,45,Everton,2.0,3.6,3.6,2026-09-11T17:43:30+00:00,Stage71 first complete Bet365 1X2 capture,NS
1575165,2026-09-11T20:52:31Z,Germany,Bundesliga,78,2026-09-12T16:30:00+00:00,192,1. FC Köln,162,Werder Bremen,2.05,3.8,3.3,2026-09-11T18:26:15+00:00,Stage71 first complete Bet365 1X2 capture,NS
1557405,2026-09-11T20:52:31Z,England,Premier League,39,2026-09-12T19:00:00+00:00,746,Sunderland,42,Arsenal,7.5,4.1,1.48,2026-09-11T17:43:30+00:00,Stage71 first complete Bet365 1X2 capture,NS
1552166,2026-09-12T15:28:05Z,Netherlands,Eredivisie,88,2026-09-13T12:30:00+00:00,210,Heerenveen,427,Telstar,1.6,4.5,4.75,2026-09-12T13:34:17+00:00,Stage71 first complete Bet365 1X2 capture,NS
1557400,2026-09-12T15:28:05Z,England,Premier League,39,2026-09-13T13:00:00+00:00,1346,Coventry,51,Brighton,3.8,3.9,1.9,2026-09-12T13:53:15+00:00,Stage71 first complete Bet365 1X2 capture,NS
1552760,2026-09-12T15:28:06Z,France,Ligue 1,61,2026-09-13T13:00:00+00:00,79,Lille,110,Estac Troyes,1.44,4.5,7.0,2026-09-12T13:36:17+00:00,Stage71 first complete Bet365 1X2 capture,NS
1575159,2026-09-12T15:28:06Z,Germany,Bundesliga,78,2026-09-13T13:30:00+00:00,173,RB Leipzig,175,Hamburger SV,1.33,5.25,8.5,2026-09-12T14:38:17+00:00,Stage71 first complete Bet365 1X2 capture,NS
1558632,2026-09-12T15:28:06Z,Belgium,Belgian Pro League,144,2026-09-13T14:00:00+00:00,742,Genk,631,Gent,1.91,3.5,3.4,2026-09-12T13:57:20+00:00,Stage71 first complete Bet365 1X2 capture,NS
1570376,2026-09-12T15:28:06Z,Spain,La Liga,140,2026-09-13T14:15:00+00:00,539,Levante,529,Barcelona,17.0,8.0,1.14,2026-09-12T10:27:18+00:00,Stage71 first complete Bet365 1X2 capture,NS
1552170,2026-09-12T15:28:06Z,Netherlands,Eredivisie,88,2026-09-13T14:45:00+00:00,193,PEC Zwolle,209,Feyenoord,5.75,5.25,1.45,2026-09-12T13:34:17+00:00,Stage71 first complete Bet365 1X2 capture,NS
1494758,2026-09-12T15:28:06Z,Norway,Eliteserien,103,2026-09-13T15:00:00+00:00,2159,Ham-Kam,329,Molde,4.2,4.0,1.73,2026-09-12T12:08:16+00:00,Stage71 first complete Bet365 1X2 capture,NS
1552759,2026-09-12T15:28:07Z,France,Ligue 1,61,2026-09-13T15:15:00+00:00,1298,Le Mans,116,Lens,4.75,4.1,1.67,2026-09-12T13:36:17+00:00,Stage71 first complete Bet365 1X2 capture,NS
1557404,2026-09-12T15:28:07Z,England,Premier League,39,2026-09-13T15:30:00+00:00,33,Manchester United,50,Manchester City,3.2,3.9,2.1,2026-09-12T13:53:15+00:00,Stage71 first complete Bet365 1X2 capture,NS
1575166,2026-09-12T15:28:07Z,Germany,Bundesliga,78,2026-09-13T15:30:00+00:00,1660,SV Elversberg,157,Bayern München,13.0,9.0,1.14,2026-09-12T14:38:17+00:00,Stage71 first complete Bet365 1X2 capture,NS
1553165,2026-09-12T15:28:08Z,Poland,Ekstraklasa,106,2026-09-13T15:30:00+00:00,339,Legia Warszawa,6962,Widzew Łódź,1.73,3.5,4.4,2026-09-12T13:37:14+00:00,Stage71 first complete Bet365 1X2 capture,NS
1570375,2026-09-12T15:28:08Z,Spain,La Liga,140,2026-09-13T16:30:00+00:00,546,Getafe,544,Deportivo La Coruna,2.4,2.9,3.4,2026-09-12T10:27:18+00:00,Stage71 first complete Bet365 1X2 capture,NS
1584407,2026-09-12T15:28:08Z,Turkey,Super Lig,203,2026-09-13T17:00:00+00:00,645,Galatasaray,7411,Kocaelispor,1.33,5.0,8.0,2026-09-12T10:56:16+00:00,Stage71 first complete Bet365 1X2 capture,NS
1584404,2026-09-12T15:28:08Z,Turkey,Super Lig,203,2026-09-13T17:00:00+00:00,3579,Amed,564,Başakşehir,2.5,3.4,2.6,2026-09-12T10:56:16+00:00,Stage71 first complete Bet365 1X2 capture,NS
1575496,2026-09-12T15:28:08Z,Portugal,Primeira Liga,94,2026-09-13T19:30:00+00:00,242,Famalicao,228,Sporting CP,6.0,4.1,1.53,2026-09-12T14:39:18+00:00,Stage71 first complete Bet365 1X2 capture,NS
1557402,2026-09-12T15:28:09Z,England,Premier League,39,2026-09-14T19:00:00+00:00,63,Leeds,34,Newcastle,2.3,3.5,3.0,2026-09-12T13:53:15+00:00,Stage71 first complete Bet365 1X2 capture,NS
1561935,2026-09-12T15:28:09Z,Austria,Austrian Bundesliga,218,2026-09-18T17:30:00+00:00,781,Rapid Vienna,1398,WSG Wattens,1.4,4.5,6.5,2026-09-12T10:06:18+00:00,Stage71 first complete Bet365 1X2 capture,NS
1575167,2026-09-12T15:28:09Z,Germany,Bundesliga,78,2026-09-18T18:30:00+00:00,157,Bayern München,182,Union Berlin,1.1,10.0,17.0,2026-09-12T14:38:17+00:00,Stage71 first complete Bet365 1X2 capture,NS
1575172,2026-09-12T15:28:10Z,Germany,Bundesliga,78,2026-09-19T13:30:00+00:00,162,Werder Bremen,170,FC Augsburg,2.38,3.7,2.7,2026-09-12T14:38:17+00:00,Stage71 first complete Bet365 1X2 capture,NS
1558633,2026-09-12T23:27:31Z,Belgium,Belgian Pro League,144,2026-09-13T16:30:00+00:00,600,Zulte Waregem,736,Charleroi,2.45,3.3,2.55,2026-09-12T21:46:19+00:00,Stage71 first complete Bet365 1X2 capture,NS
1558634,2026-09-12T23:27:32Z,Belgium,Belgian Pro League,144,2026-09-13T17:15:00+00:00,5902,RAAL La Louvière,734,Kortrijk,2.35,3.2,2.75,2026-09-12T21:46:19+00:00,Stage71 first complete Bet365 1X2 capture,NS
1494757,2026-09-12T23:27:32Z,Norway,Eliteserien,103,2026-09-13T17:15:00+00:00,2149,Fredrikstad,333,Sarpsborg 08 FF,2.38,3.6,2.7,2026-09-12T20:07:14+00:00,Stage71 first complete Bet365 1X2 capture,NS
1552169,2026-09-12T23:27:32Z,Netherlands,Eredivisie,88,2026-09-13T18:00:00+00:00,197,PSV Eindhoven,426,Sparta Rotterdam,1.18,7.5,13.0,2026-09-12T21:28:15+00:00,Stage71 first complete Bet365 1X2 capture,NS
1552757,2026-09-12T23:27:32Z,France,Ligue 1,61,2026-09-13T18:45:00+00:00,106,Stade Brestois 29,85,Paris Saint Germain,11.0,6.0,1.25,2026-09-12T21:29:15+00:00,Stage71 first complete Bet365 1X2 capture,NS
1570380,2026-09-12T23:27:33Z,Spain,La Liga,140,2026-09-13T19:00:00+00:00,548,Real Sociedad,530,Atletico Madrid,2.9,3.6,2.3,2026-09-12T22:11:15+00:00,Stage71 first complete Bet365 1X2 capture,NS
1553167,2026-09-12T23:27:33Z,Poland,Ekstraklasa,106,2026-09-14T17:00:00+00:00,4248,Radomiak Radom,349,Piast Gliwice,2.25,3.5,2.7,2026-09-12T21:30:15+00:00,Stage71 first complete Bet365 1X2 capture,NS
1584408,2026-09-12T23:27:33Z,Turkey,Super Lig,203,2026-09-14T17:00:00+00:00,3573,Gaziantep FK,611,Fenerbahçe,5.25,4.0,1.55,2026-09-12T22:38:14+00:00,Stage71 first complete Bet365 1X2 capture,NS
1575499,2026-09-12T23:27:34Z,Portugal,Primeira Liga,94,2026-09-14T17:45:00+00:00,226,Rio Ave,15130,Estrela,2.8,3.25,2.5,2026-09-12T22:22:14+00:00,Stage71 first complete Bet365 1X2 capture,NS
1570382,2026-09-12T23:27:34Z,Spain,La Liga,140,2026-09-14T19:00:00+00:00,533,Villarreal,543,Real Betis,1.91,4.0,3.6,2026-09-12T22:11:16+00:00,Stage71 first complete Bet365 1X2 capture,NS
1575497,2026-09-12T23:27:34Z,Portugal,Primeira Liga,94,2026-09-14T19:15:00+00:00,215,Moreirense,214,Maritimo,2.38,3.2,3.0,2026-09-12T22:22:14+00:00,Stage71 first complete Bet365 1X2 capture,NS
1552143,2026-09-12T23:27:35Z,Netherlands,Eredivisie,88,2026-09-15T18:00:00+00:00,194,Ajax,195,Willem II,1.17,7.0,11.0,2026-09-12T21:28:15+00:00,Stage71 first complete Bet365 1X2 capture,NS
1552769,2026-09-12T23:27:36Z,France,Ligue 1,61,2026-09-18T18:45:00+00:00,91,Monaco,116,Lens,2.25,3.7,2.88,2026-09-12T21:29:15+00:00,Stage71 first complete Bet365 1X2 capture,NS
1557408,2026-09-12T23:27:36Z,England,Premier League,39,2026-09-18T19:00:00+00:00,55,Brentford,49,Chelsea,2.75,3.7,2.25,2026-09-12T21:42:22+00:00,Stage71 first complete Bet365 1X2 capture,NS
1557416,2026-09-12T23:27:37Z,England,Premier League,39,2026-09-19T11:30:00+00:00,47,Tottenham,66,Aston Villa,1.95,3.5,3.7,2026-09-12T21:42:22+00:00,Stage71 first complete Bet365 1X2 capture,NS
1575174,2026-09-12T23:27:37Z,Germany,Bundesliga,78,2026-09-19T13:30:00+00:00,163,Borussia Mönchengladbach,164,FSV Mainz 05,2.8,3.6,2.25,2026-09-12T22:21:21+00:00,Stage71 first complete Bet365 1X2 capture,NS
1561930,2026-09-12T23:27:37Z,Austria,Austrian Bundesliga,218,2026-09-19T15:00:00+00:00,1399,Austria Lustenau,618,SCR Altach,2.8,3.4,2.3,2026-09-12T21:55:13+00:00,Stage71 first complete Bet365 1X2 capture,NS
1552771,2026-09-12T23:27:38Z,France,Ligue 1,61,2026-09-19T15:15:00+00:00,114,Paris FC,95,Strasbourg,1.95,3.7,3.6,2026-09-12T21:29:15+00:00,Stage71 first complete Bet365 1X2 capture,NS
1494756,2026-09-13T15:28:54Z,Norway,Eliteserien,103,2026-09-14T17:00:00+00:00,327,Bodo/Glimt,332,Sandefjord,1.17,8.0,13.0,2026-09-13T12:13:16+00:00,Stage71 first complete Bet365 1X2 capture,NS
1553125,2026-09-13T15:28:54Z,Poland,Ekstraklasa,106,2026-09-15T16:00:00+00:00,3491,Raków Częstochowa,345,Zaglebie Lubin,1.8,3.75,4.2,2026-09-13T13:19:13+00:00,Stage71 first complete Bet365 1X2 capture,NS
1570391,2026-09-13T15:28:54Z,Spain,La Liga,140,2026-09-15T17:00:00+00:00,728,Rayo Vallecano,540,Espanyol,2.0,3.4,3.8,2026-09-13T13:52:22+00:00,Stage71 first complete Bet365 1X2 capture,NS
1570383,2026-09-13T15:28:55Z,Spain,La Liga,140,2026-09-15T18:00:00+00:00,542,Alaves,532,Valencia,1.85,3.25,4.75,2026-09-13T13:52:22+00:00,Stage71 first complete Bet365 1X2 capture,NS
1553112,2026-09-13T15:28:55Z,Poland,Ekstraklasa,106,2026-09-15T18:30:00+00:00,346,Korona Kielce,340,Gornik Zabrze,2.62,3.5,2.5,2026-09-13T13:19:13+00:00,Stage71 first complete Bet365 1X2 capture,NS
1552173,2026-09-13T15:28:56Z,Netherlands,Eredivisie,88,2026-09-18T18:00:00+00:00,202,Groningen,193,PEC Zwolle,1.62,4.2,4.6,2026-09-13T13:17:14+00:00,Stage71 first complete Bet365 1X2 capture,NS
1575170,2026-09-13T15:28:57Z,Germany,Bundesliga,78,2026-09-19T13:30:00+00:00,169,Eintracht Frankfurt,160,SC Freiburg,2.25,3.7,2.8,2026-09-13T14:01:14+00:00,Stage71 first complete Bet365 1X2 capture,NS
1557414,2026-09-13T15:28:57Z,England,Premier League,39,2026-09-19T14:00:00+00:00,34,Newcastle,64,Hull City,1.48,4.75,5.75,2026-09-13T13:30:17+00:00,Stage71 first complete Bet365 1X2 capture,NS
1552172,2026-09-13T15:28:58Z,Netherlands,Eredivisie,88,2026-09-19T14:30:00+00:00,198,ADO Den Haag,420,Cambuur,1.8,3.9,4.0,2026-09-13T13:17:15+00:00,Stage71 first complete Bet365 1X2 capture,NS
1552171,2026-09-13T15:28:59Z,Netherlands,Eredivisie,88,2026-09-19T16:45:00+00:00,426,Sparta Rotterdam,210,Heerenveen,3.1,3.6,2.15,2026-09-13T13:17:15+00:00,Stage71 first complete Bet365 1X2 capture,NS
1561931,2026-09-13T15:28:59Z,Austria,Austrian Bundesliga,218,2026-09-19T17:30:00+00:00,4256,Grazer AK,601,Austria Vienna,2.45,3.3,2.7,2026-09-13T13:41:16+00:00,Stage71 first complete Bet365 1X2 capture,NS
1552765,2026-09-13T15:28:59Z,France,Ligue 1,61,2026-09-19T18:45:00+00:00,77,Angers,110,Estac Troyes,2.25,3.2,3.4,2026-09-13T13:18:15+00:00,Stage71 first complete Bet365 1X2 capture,NS
1552768,2026-09-13T15:29:00Z,France,Ligue 1,61,2026-09-19T18:45:00+00:00,80,Lyon,94,Rennes,2.1,3.75,3.1,2026-09-13T13:18:16+00:00,Stage71 first complete Bet365 1X2 capture,NS
1561933,2026-09-13T15:29:00Z,Austria,Austrian Bundesliga,218,2026-09-20T12:30:00+00:00,1028,Ried,1025,Wolfsberger AC,2.0,3.6,3.3,2026-09-13T13:41:16+00:00,Stage71 first complete Bet365 1X2 capture,NS
1561932,2026-09-13T15:29:00Z,Austria,Austrian Bundesliga,218,2026-09-20T12:30:00+00:00,1072,TSV Hartberg,1026,Lask Linz,12.0,5.75,1.22,2026-09-13T13:41:16+00:00,Stage71 first complete Bet365 1X2 capture,NS
1575171,2026-09-13T15:32:07Z,Germany,Bundesliga,78,2026-09-19T13:30:00+00:00,175,Hamburger SV,192,1. FC Köln,2.55,3.7,2.55,2026-09-13T14:01:14+00:00,Stage71 first complete Bet365 1X2 capture,NS
1557410,2026-09-13T15:32:07Z,England,Premier League,39,2026-09-19T14:00:00+00:00,45,Everton,57,Ipswich,1.7,3.6,4.5,2026-09-13T13:30:17+00:00,Stage71 first complete Bet365 1X2 capture,NS
1575494,2026-09-13T23:28:39Z,Portugal,Primeira Liga,94,2026-09-14T19:45:00+00:00,217,SC Braga,230,Estoril,1.44,4.2,7.5,2026-09-13T21:13:13+00:00,Stage71 first complete Bet365 1X2 capture,NS
1570388,2026-09-13T23:28:39Z,Spain,La Liga,140,2026-09-15T19:30:00+00:00,797,Elche,541,Real Madrid,10.0,6.25,1.27,2026-09-13T21:11:14+00:00,Stage71 first complete Bet365 1X2 capture,NS
1570384,2026-09-13T23:28:40Z,Spain,La Liga,140,2026-09-16T17:00:00+00:00,530,Atletico Madrid,727,Osasuna,1.48,4.1,7.0,2026-09-13T21:11:14+00:00,Stage71 first complete Bet365 1X2 capture,NS
1552174,2026-09-14T07:10:21Z,Netherlands,Eredivisie,88,2026-09-19T18:00:00+00:00,194,Ajax,196,Excelsior,1.36,5.25,6.5,2026-09-13T16:55:14+00:00,Stage71 first complete Bet365 1X2 capture,NS
1552772,2026-09-14T07:10:21Z,France,Ligue 1,61,2026-09-19T18:45:00+00:00,96,Toulouse,111,Le Havre,1.8,3.5,4.5,2026-09-13T13:18:15+00:00,Stage71 first complete Bet365 1X2 capture,NS
1515889,2026-09-15T07:33:29Z,Latvia,Virsliga,365,2026-09-15T16:00:00+00:00,4143,Super Nova,10124,Riga,8.5,6.0,1.22,2026-09-15T06:00:28+00:00,Stage71 first complete Bet365 1X2 capture,NS
1570387,2026-09-15T07:33:30Z,Spain,La Liga,140,2026-09-16T17:00:00+00:00,544,Deportivo La Coruna,536,Sevilla,2.4,3.2,3.0,2026-09-15T04:44:16+00:00,Stage71 first complete Bet365 1X2 capture,NS
1549024,2026-09-15T07:33:31Z,Denmark,Danish Superliga,119,2026-09-18T17:00:00+00:00,625,Lyngby,2073,Silkeborg,1.9,3.75,3.4,2026-09-15T03:49:14+00:00,Stage71 first complete Bet365 1X2 capture,NS
1584418,2026-09-15T07:33:31Z,Turkey,Super Lig,203,2026-09-18T17:00:00+00:00,1004,Kasımpaşa,607,Konyaspor,2.35,3.2,3.0,2026-09-15T02:15:21+00:00,Stage71 first complete Bet365 1X2 capture,NS
1558635,2026-09-15T07:33:31Z,Belgium,Belgian Pro League,144,2026-09-18T18:45:00+00:00,631,Gent,733,Standard Liege,1.83,3.4,4.0,2026-09-15T02:15:21+00:00,Stage71 first complete Bet365 1X2 capture,NS
1557409,2026-09-15T07:33:32Z,England,Premier League,39,2026-09-19T14:00:00+00:00,51,Brighton,42,Arsenal,5.0,3.75,1.62,2026-09-15T02:30:30+00:00,Stage71 first complete Bet365 1X2 capture,NS
1558636,2026-09-15T07:33:32Z,Belgium,Belgian Pro League,144,2026-09-19T14:00:00+00:00,260,OH Leuven,5902,RAAL La Louvière,2.0,3.3,3.4,2026-09-15T02:30:31+00:00,Stage71 first complete Bet365 1X2 capture,NS
1584414,2026-09-15T07:33:33Z,Turkey,Super Lig,203,2026-09-19T14:00:00+00:00,6343,Çorum FK,996,Alanyaspor,2.1,3.1,3.6,2026-09-15T02:30:31+00:00,Stage71 first complete Bet365 1X2 capture,NS
1584419,2026-09-15T07:33:33Z,Turkey,Super Lig,203,2026-09-19T14:00:00+00:00,7411,Kocaelispor,3573,Gaziantep FK,2.15,3.2,3.4,2026-09-15T02:30:31+00:00,Stage71 first complete Bet365 1X2 capture,NS
1575505,2026-09-15T07:33:33Z,Portugal,Primeira Liga,94,2026-09-19T14:30:00+00:00,225,Nacional,242,Famalicao,3.9,3.4,1.95,2026-09-15T02:30:31+00:00,Stage71 first complete Bet365 1X2 capture,NS
1575504,2026-09-15T07:33:34Z,Portugal,Primeira Liga,94,2026-09-19T14:30:00+00:00,762,GIL Vicente,214,Maritimo,2.0,3.2,3.8,2026-09-15T02:30:31+00:00,Stage71 first complete Bet365 1X2 capture,NS
1549025,2026-09-15T07:33:34Z,Denmark,Danish Superliga,119,2026-09-19T16:00:00+00:00,405,Odense,397,FC Midtjylland,3.8,3.7,1.8,2026-09-15T03:49:14+00:00,Stage71 first complete Bet365 1X2 capture,NS
1558637,2026-09-15T07:33:34Z,Belgium,Belgian Pro League,144,2026-09-19T16:15:00+00:00,736,Charleroi,741,Cercle Brugge,1.7,3.7,4.2,2026-09-15T02:30:31+00:00,Stage71 first complete Bet365 1X2 capture,NS
1575500,2026-09-15T07:33:35Z,Portugal,Primeira Liga,94,2026-09-19T17:00:00+00:00,4724,Alverca,226,Rio Ave,1.85,3.5,4.0,2026-09-15T02:30:31+00:00,Stage71 first complete Bet365 1X2 capture,NS
1584413,2026-09-15T07:33:35Z,Turkey,Super Lig,203,2026-09-19T17:00:00+00:00,564,Başakşehir,997,Gençlerbirliği S.K.,1.45,4.33,6.5,2026-09-15T02:30:31+00:00,Stage71 first complete Bet365 1X2 capture,NS
1584420,2026-09-15T07:33:35Z,Turkey,Super Lig,203,2026-09-19T17:00:00+00:00,998,Trabzonspor,645,Galatasaray,2.9,3.7,2.15,2026-09-15T02:30:31+00:00,Stage71 first complete Bet365 1X2 capture,NS
1558639,2026-09-15T07:33:35Z,Belgium,Belgian Pro League,144,2026-09-19T18:45:00+00:00,259,Lommel United,266,KV Mechelen,2.55,3.3,2.55,2026-09-15T02:30:31+00:00,Stage71 first complete Bet365 1X2 capture,NS
1558638,2026-09-15T07:33:35Z,Belgium,Belgian Pro League,144,2026-09-19T18:45:00+00:00,554,Anderlecht,600,Zulte Waregem,1.75,3.7,4.1,2026-09-15T02:30:32+00:00,Stage71 first complete Bet365 1X2 capture,NS
1575507,2026-09-15T07:33:36Z,Portugal,Primeira Liga,94,2026-09-19T19:30:00+00:00,228,Sporting CP,240,Arouca,1.18,7.0,13.0,2026-09-15T02:30:31+00:00,Stage71 first complete Bet365 1X2 capture,NS
1549026,2026-09-15T07:33:36Z,Denmark,Danish Superliga,119,2026-09-20T12:00:00+00:00,396,Sonderjyske,401,Randers FC,2.88,3.4,2.25,2026-09-15T03:49:14+00:00,Stage71 first complete Bet365 1X2 capture,NS
1549022,2026-09-15T07:33:36Z,Denmark,Danish Superliga,119,2026-09-20T12:00:00+00:00,407,Brondby,400,FC Copenhagen,2.8,3.5,2.3,2026-09-15T03:49:14+00:00,Stage71 first complete Bet365 1X2 capture,NS
1547599,2026-09-16T07:31:42Z,Lithuania,A Lyga,362,2026-09-16T15:45:00+00:00,586,FK Zalgiris Vilnius,3872,Kauno Žalgiris,2.75,3.4,2.15,2026-09-16T06:00:50+00:00,Stage71 first complete Bet365 1X2 capture,NS
1515898,2026-09-16T07:31:42Z,Latvia,Virsliga,365,2026-09-16T16:00:00+00:00,4135,Auda,18936,Ogre United,1.3,5.0,8.0,2026-09-16T06:00:49+00:00,Stage71 first complete Bet365 1X2 capture,NS
1570386,2026-09-17T07:32:18Z,Spain,La Liga,140,2026-09-17T17:00:00+00:00,543,Real Betis,546,Getafe,1.65,3.7,5.75,2026-09-17T06:00:24+00:00,Stage71 first complete Bet365 1X2 capture,NS
1570390,2026-09-17T07:32:18Z,Spain,La Liga,140,2026-09-17T19:30:00+00:00,535,Malaga,533,Villarreal,3.6,3.7,1.95,2026-09-17T06:00:24+00:00,Stage71 first complete Bet365 1X2 capture,NS
1553179,2026-09-17T07:32:18Z,Poland,Ekstraklasa,106,2026-09-18T16:00:00+00:00,6962,Widzew Łódź,17115,Wieczysta Kraków,1.85,3.5,3.6,2026-09-17T00:15:22+00:00,Stage71 first complete Bet365 1X2 capture,NS
1494768,2026-09-17T07:32:18Z,Norway,Eliteserien,103,2026-09-18T17:00:00+00:00,333,Sarpsborg 08 FF,2143,KFUM Oslo,1.6,4.1,5.0,2026-09-17T00:15:22+00:00,Stage71 first complete Bet365 1X2 capture,NS
1553180,2026-09-18T07:30:07Z,Poland,Ekstraklasa,106,2026-09-18T18:30:00+00:00,338,Wisla Krakow,337,Slask Wroclaw,1.6,3.8,4.75,2026-09-18T06:00:34+00:00,Stage71 first complete Bet365 1X2 capture,NS
1570397,2026-09-18T07:30:07Z,Spain,La Liga,140,2026-09-18T19:00:00+00:00,540,Espanyol,797,Elche,1.83,3.5,4.5,2026-09-18T01:27:16+00:00,Stage71 first complete Bet365 1X2 capture,NS
