api_fixture_id,league,league_id,captured_at_utc,kickoff_utc,home_team,away_team,bet_id,bet_name,open_b365_1x,open_b365_x2,open_b365_12,open_p_1x,open_p_x2,open_p_12,status,source
1557398,Premier League,39,2026-09-11T13:40:08Z,2026-09-12T14:00:00Z,Bournemouth,Brentford,12,Double Chance,1.44,1.5,1.28,0.32414911,0.31118314,0.36466775,FROZEN,API-Football Bet365 first complete Double Chance triplet captured prospectively
1557403,Premier League,39,2026-09-11T13:40:08Z,2026-09-12T14:00:00Z,Liverpool,Fulham,12,Double Chance,1.12,2.75,1.17,0.42291565,0.17224201,0.40484233,FROZEN,API-Football Bet365 first complete Double Chance triplet captured prospectively
1557399,Premier League,39,2026-09-11T13:40:08Z,2026-09-12T14:00:00Z,Chelsea,Hull City,12,Double Chance,1.05,4.0,1.11,0.45280710,0.11886186,0.42833104,FROZEN,API-Football Bet365 first complete Double Chance triplet captured prospectively
1557401,Premier League,39,2026-09-11T13:40:08Z,2026-09-12T14:00:00Z,Crystal Palace,Ipswich,12,Double Chance,1.25,1.91,1.25,0.37672584,0.24654832,0.37672584,FROZEN,API-Football Bet365 first complete Double Chance triplet captured prospectively
1557397,Premier League,39,2026-09-11T13:40:08Z,2026-09-12T14:00:00Z,Aston Villa,Nottingham Forest,12,Double Chance,1.33,1.67,1.3,0.35467481,0.28246557,0.36285962,FROZEN,API-Football Bet365 first complete Double Chance triplet captured prospectively
1557406,Premier League,39,2026-09-11T13:40:08Z,2026-09-12T16:30:00Z,Tottenham,Everton,12,Double Chance,1.28,1.8,1.28,0.36885246,0.26229508,0.36885246,FROZEN,API-Football Bet365 first complete Double Chance triplet captured prospectively
1557405,Premier League,39,2026-09-11T13:40:08Z,2026-09-12T19:00:00Z,Sunderland,Arsenal,12,Double Chance,2.62,1.1,1.22,0.18085278,0.43075845,0.38838877,FROZEN,API-Football Bet365 first complete Double Chance triplet captured prospectively
1557400,Premier League,39,2026-09-11T13:40:08Z,2026-09-13T13:00:00Z,Coventry,Brighton,12,Double Chance,1.91,1.25,1.25,0.24654832,0.37672584,0.37672584,FROZEN,API-Football Bet365 first complete Double Chance triplet captured prospectively
1557404,Premier League,39,2026-09-11T13:40:08Z,2026-09-13T15:30:00Z,Manchester United,Manchester City,12,Double Chance,1.7,1.33,1.25,0.27486154,0.35132678,0.37381169,FROZEN,API-Football Bet365 first complete Double Chance triplet captured prospectively
1557402,Premier League,39,2026-09-11T13:40:08Z,2026-09-14T19:00:00Z,Leeds,Newcastle,12,Double Chance,1.4,1.53,1.28,0.33236033,0.30412056,0.36351911,FROZEN,API-Football Bet365 first complete Double Chance triplet captured prospectively
1570381,La Liga,140,2026-09-11T13:40:08Z,2026-09-11T19:00:00Z,Sevilla,Valencia,12,Double Chance,1.22,1.8,1.3,0.38222803,0.25906566,0.35870631,FROZEN,API-Football Bet365 first complete Double Chance triplet captured prospectively
1570378,La Liga,140,2026-09-11T13:40:08Z,2026-09-12T12:00:00Z,Racing Santander,Alaves,12,Double Chance,1.4,1.53,1.28,0.33236033,0.30412056,0.36351911,FROZEN,API-Football Bet365 first complete Double Chance triplet captured prospectively
1570377,La Liga,140,2026-09-11T13:40:08Z,2026-09-12T14:15:00Z,Osasuna,Espanyol,12,Double Chance,1.28,1.67,1.36,0.36932483,0.28307532,0.34759984,FROZEN,API-Football Bet365 first complete Double Chance triplet captured prospectively
1570373,La Liga,140,2026-09-11T13:40:08Z,2026-09-12T16:30:00Z,Athletic Club,Elche,12,Double Chance,1.1,2.75,1.18,0.42877907,0.17151163,0.39970930,FROZEN,API-Football Bet365 first complete Double Chance triplet captured prospectively
1570379,La Liga,140,2026-09-11T13:40:08Z,2026-09-12T19:00:00Z,Real Madrid,Rayo Vallecano,12,Double Chance,1.02,6.0,1.07,0.47097143,0.08006514,0.44896342,FROZEN,API-Football Bet365 first complete Double Chance triplet captured prospectively
1570374,La Liga,140,2026-09-11T13:40:08Z,2026-09-13T12:00:00Z,Celta Vigo,Malaga,12,Double Chance,1.17,2.1,1.28,0.40466083,0.22545389,0.36988529,FROZEN,API-Football Bet365 first complete Double Chance triplet captured prospectively
1570376,La Liga,140,2026-09-11T13:40:08Z,2026-09-13T14:15:00Z,Levante,Barcelona,12,Double Chance,5.5,1.02,1.08,0.08707199,0.46950583,0.44342218,FROZEN,API-Football Bet365 first complete Double Chance triplet captured prospectively
1570375,La Liga,140,2026-09-11T13:40:08Z,2026-09-13T16:30:00Z,Getafe,Deportivo La Coruna,12,Double Chance,1.3,1.53,1.4,0.35993951,0.30583095,0.33422954,FROZEN,API-Football Bet365 first complete Double Chance triplet captured prospectively
1570380,La Liga,140,2026-09-11T13:40:08Z,2026-09-13T19:00:00Z,Real Sociedad,Atletico Madrid,12,Double Chance,1.53,1.4,1.28,0.30412056,0.33236033,0.36351911,FROZEN,API-Football Bet365 first complete Double Chance triplet captured prospectively
1570382,La Liga,140,2026-09-11T13:40:08Z,2026-09-14T19:00:00Z,Villarreal,Real Betis,12,Double Chance,1.28,1.83,1.22,0.36381710,0.25447316,0.38170974,FROZEN,API-Football Bet365 first complete Double Chance triplet captured prospectively
1550126,Serie A,135,2026-09-11T13:40:08Z,2026-09-11T18:45:00Z,Venezia,Fiorentina,12,Double Chance,1.5,1.4,1.33,0.31257344,0.33490012,0.35252644,FROZEN,API-Football Bet365 first complete Double Chance triplet captured prospectively
1550119,Serie A,135,2026-09-11T13:40:08Z,2026-09-12T13:00:00Z,Genoa,Frosinone,12,Double Chance,1.28,1.7,1.33,0.36827703,0.27729094,0.35443203,FROZEN,API-Football Bet365 first complete Double Chance triplet captured prospectively
1550121,Serie A,135,2026-09-11T13:40:08Z,2026-09-12T16:00:00Z,Lazio,AC Milan,12,Double Chance,1.62,1.3,1.36,0.29092345,0.36253538,0.34654117,FROZEN,API-Football Bet365 first complete Double Chance triplet captured prospectively
1550117,Serie A,135,2026-09-11T13:40:08Z,2026-09-12T18:45:00Z,Atalanta,Cagliari,12,Double Chance,1.12,2.3,1.22,0.41580226,0.20247762,0.38172011,FROZEN,API-Football Bet365 first complete Double Chance triplet captured prospectively
1550122,Serie A,135,2026-09-11T13:40:08Z,2026-09-13T13:00:00Z,Lecce,Monza,12,Double Chance,1.4,1.44,1.36,0.33315188,0.32389766,0.34295046,FROZEN,API-Football Bet365 first complete Double Chance triplet captured prospectively
1550123,Serie A,135,2026-09-11T13:40:08Z,2026-09-13T16:00:00Z,Napoli,Bologna,12,Double Chance,1.17,2.0,1.28,0.40015006,0.23408778,0.36576216,FROZEN,API-Football Bet365 first complete Double Chance triplet captured prospectively
1550124,Serie A,135,2026-09-11T13:40:08Z,2026-09-13T18:45:00Z,Sassuolo,Juventus,12,Double Chance,2.25,1.17,1.22,0.20976061,0.40338580,0.38685359,FROZEN,API-Football Bet365 first complete Double Chance triplet captured prospectively
1550125,Serie A,135,2026-09-11T13:40:08Z,2026-09-14T16:30:00Z,Torino,AS Roma,12,Double Chance,2.3,1.12,1.22,0.20247762,0.41580226,0.38172011,FROZEN,API-Football Bet365 first complete Double Chance triplet captured prospectively
1550118,Serie A,135,2026-09-11T13:40:08Z,2026-09-14T16:30:00Z,Como,Parma,12,Double Chance,1.03,4.0,1.14,0.46274685,0.11915731,0.41809584,FROZEN,API-Football Bet365 first complete Double Chance triplet captured prospectively
1550120,Serie A,135,2026-09-11T13:40:08Z,2026-09-14T18:45:00Z,Inter,Udinese,12,Double Chance,1.05,3.75,1.14,0.45432807,0.12721186,0.41846007,FROZEN,API-Football Bet365 first complete Double Chance triplet captured prospectively
1575164,Bundesliga,78,2026-09-11T13:40:08Z,2026-09-11T18:30:00Z,Union Berlin,FC Schalke 04,12,Double Chance,1.4,1.53,1.28,0.33236033,0.30412056,0.36351911,FROZEN,API-Football Bet365 first complete Double Chance triplet captured prospectively
1575161,Bundesliga,78,2026-09-11T13:40:08Z,2026-09-12T13:30:00Z,SC Freiburg,Borussia Mönchengladbach,12,Double Chance,1.18,2.15,1.2,0.39491811,0.21674575,0.38833614,FROZEN,API-Football Bet365 first complete Double Chance triplet captured prospectively
1575163,Bundesliga,78,2026-09-11T13:40:08Z,2026-09-12T13:30:00Z,FSV Mainz 05,Eintracht Frankfurt,12,Double Chance,1.3,1.8,1.22,0.35870631,0.25906566,0.38222803,FROZEN,API-Football Bet365 first complete Double Chance triplet captured prospectively
1575158,Bundesliga,78,2026-09-11T13:40:08Z,2026-09-12T13:30:00Z,Borussia Dortmund,SC Paderborn 07,12,Double Chance,1.06,3.75,1.11,0.44690308,0.12632460,0.42677231,FROZEN,API-Football Bet365 first complete Double Chance triplet captured prospectively
1575160,Bundesliga,78,2026-09-11T13:40:08Z,2026-09-12T13:30:00Z,1899 Hoffenheim,VfB Stuttgart,12,Double Chance,1.44,1.57,1.22,0.32283836,0.29610652,0.38105512,FROZEN,API-Football Bet365 first complete Double Chance triplet captured prospectively
1575162,Bundesliga,78,2026-09-11T13:40:08Z,2026-09-12T13:30:00Z,FC Augsburg,Bayer Leverkusen,12,Double Chance,1.95,1.22,1.22,0.23828125,0.38085938,0.38085938,FROZEN,API-Football Bet365 first complete Double Chance triplet captured prospectively
1575165,Bundesliga,78,2026-09-11T13:40:08Z,2026-09-12T16:30:00Z,1. FC Köln,Werder Bremen,12,Double Chance,1.33,1.73,1.25,0.35300935,0.27138869,0.37560195,FROZEN,API-Football Bet365 first complete Double Chance triplet captured prospectively
1575159,Bundesliga,78,2026-09-11T13:40:08Z,2026-09-13T13:30:00Z,RB Leipzig,Hamburger SV,12,Double Chance,1.08,3.0,1.17,0.43800539,0.15768194,0.40431267,FROZEN,API-Football Bet365 first complete Double Chance triplet captured prospectively
1575166,Bundesliga,78,2026-09-11T13:40:08Z,2026-09-13T15:30:00Z,SV Elversberg,Bayern München,12,Double Chance,5.0,1.04,1.07,0.09541448,0.45872346,0.44586206,FROZEN,API-Football Bet365 first complete Double Chance triplet captured prospectively
1575167,Bundesliga,78,2026-09-11T13:40:08Z,2026-09-18T18:30:00Z,Bayern München,Union Berlin,12,Double Chance,1.02,6.5,1.06,0.47187902,0.07404871,0.45407227,FROZEN,API-Football Bet365 first complete Double Chance triplet captured prospectively
1552763,Ligue 1,61,2026-09-11T13:40:08Z,2026-09-11T18:45:00Z,Rennes,Marseille,12,Double Chance,1.36,1.7,1.25,0.34626039,0.27700831,0.37673130,FROZEN,API-Football Bet365 first complete Double Chance triplet captured prospectively
1552764,Ligue 1,61,2026-09-11T13:40:08Z,2026-09-12T15:15:00Z,Strasbourg,Monaco,12,Double Chance,1.67,1.36,1.25,0.28058825,0.34454586,0.37486590,FROZEN,API-Football Bet365 first complete Double Chance triplet captured prospectively
1552761,Ligue 1,61,2026-09-11T13:40:08Z,2026-09-12T18:45:00Z,Lorient,Toulouse,12,Double Chance,1.4,1.44,1.33,0.33059449,0.32141131,0.34799420,FROZEN,API-Football Bet365 first complete Double Chance triplet captured prospectively
1552756,Ligue 1,61,2026-09-11T13:40:08Z,2026-09-12T18:45:00Z,Auxerre,Nice,12,Double Chance,1.4,1.44,1.33,0.33059449,0.32141131,0.34799420,FROZEN,API-Football Bet365 first complete Double Chance triplet captured prospectively
1552758,Ligue 1,61,2026-09-11T13:40:08Z,2026-09-12T18:45:00Z,Le Havre,Angers,12,Double Chance,1.4,1.5,1.36,0.33752482,0.31502316,0.34745202,FROZEN,API-Football Bet365 first complete Double Chance triplet captured prospectively
1552762,Ligue 1,61,2026-09-11T13:40:08Z,2026-09-12T18:45:00Z,Paris FC,Lyon,12,Double Chance,1.5,1.5,1.28,0.31527094,0.31527094,0.36945813,FROZEN,API-Football Bet365 first complete Double Chance triplet captured prospectively
1552760,Ligue 1,61,2026-09-11T13:40:08Z,2026-09-13T13:00:00Z,Lille,Estac Troyes,12,Double Chance,1.1,2.75,1.18,0.42877907,0.17151163,0.39970930,FROZEN,API-Football Bet365 first complete Double Chance triplet captured prospectively
1552759,Ligue 1,61,2026-09-11T13:40:08Z,2026-09-13T15:15:00Z,Le Mans,Lens,12,Double Chance,2.2,1.18,1.22,0.21423894,0.39942854,0.38633252,FROZEN,API-Football Bet365 first complete Double Chance triplet captured prospectively
1552757,Ligue 1,61,2026-09-11T13:40:08Z,2026-09-13T18:45:00Z,Stade Brestois 29,Paris Saint Germain,12,Double Chance,3.75,1.05,1.14,0.12721186,0.45432807,0.41846007,FROZEN,API-Football Bet365 first complete Double Chance triplet captured prospectively
1552769,Ligue 1,61,2026-09-11T13:40:08Z,2026-09-18T18:45:00Z,Monaco,Lens,12,Double Chance,1.4,1.62,1.28,0.33807226,0.29216121,0.36976653,FROZEN,API-Football Bet365 first complete Double Chance triplet captured prospectively
1561926,Austrian Bundesliga,218,2026-09-11T13:40:08Z,2026-09-11T17:30:00Z,Ried,Red Bull Salzburg,12,Double Chance,2.38,1.17,1.2,0.19930159,0.40541692,0.39528149,FROZEN,API-Football Bet365 first complete Double Chance triplet captured prospectively
1561924,Austrian Bundesliga,218,2026-09-11T13:40:08Z,2026-09-12T15:00:00Z,SCR Altach,Grazer AK,12,Double Chance,1.33,1.62,1.3,0.35160946,0.28866702,0.35972352,FROZEN,API-Football Bet365 first complete Double Chance triplet captured prospectively
1561929,Austrian Bundesliga,218,2026-09-11T13:40:08Z,2026-09-12T17:30:00Z,Wolfsberger AC,Rapid Vienna,12,Double Chance,2.1,1.18,1.25,0.22423229,0.39905746,0.37671025,FROZEN,API-Football Bet365 first complete Double Chance triplet captured prospectively
1561925,Austrian Bundesliga,218,2026-09-11T13:40:08Z,2026-09-13T12:30:00Z,Austria Vienna,Austria Lustenau,12,Double Chance,1.25,1.91,1.28,0.38008177,0.24874462,0.37117361,FROZEN,API-Football Bet365 first complete Double Chance triplet captured prospectively
1561928,Austrian Bundesliga,218,2026-09-11T13:40:08Z,2026-09-13T12:30:00Z,WSG Wattens,TSV Hartberg,12,Double Chance,1.36,1.67,1.28,0.34759984,0.28307532,0.36932483,FROZEN,API-Football Bet365 first complete Double Chance triplet captured prospectively
1561927,Austrian Bundesliga,218,2026-09-11T13:40:08Z,2026-09-13T15:00:00Z,Sturm Graz,Lask Linz,12,Double Chance,1.7,1.36,1.28,0.27947598,0.34934498,0.37117904,FROZEN,API-Football Bet365 first complete Double Chance triplet captured prospectively
1561935,Austrian Bundesliga,218,2026-09-11T13:40:08Z,2026-09-18T17:30:00Z,Rapid Vienna,WSG Wattens,12,Double Chance,1.11,2.75,1.18,0.42656396,0.17217672,0.40125932,FROZEN,API-Football Bet365 first complete Double Chance triplet captured prospectively
1561930,Austrian Bundesliga,218,2026-09-11T13:40:08Z,2026-09-19T15:00:00Z,Austria Lustenau,SCR Altach,12,Double Chance,1.57,1.4,1.3,0.30037960,0.33685427,0.36276613,FROZEN,API-Football Bet365 first complete Double Chance triplet captured prospectively
1561931,Austrian Bundesliga,218,2026-09-11T13:40:08Z,2026-09-19T17:30:00Z,Grazer AK,Austria Vienna,12,Double Chance,1.44,1.53,1.33,0.33070060,0.31124762,0.35805178,FROZEN,API-Football Bet365 first complete Double Chance triplet captured prospectively
1561933,Austrian Bundesliga,218,2026-09-11T13:40:08Z,2026-09-20T12:30:00Z,Ried,Wolfsberger AC,12,Double Chance,1.4,1.67,1.28,0.34105559,0.28591486,0.37302955,FROZEN,API-Football Bet365 first complete Double Chance triplet captured prospectively
1558626,Belgian Pro League,144,2026-09-11T13:40:08Z,2026-09-11T18:45:00Z,KV Mechelen,Anderlecht,12,Double Chance,2.0,1.22,1.28,0.23799073,0.39014874,0.37186052,FROZEN,API-Football Bet365 first complete Double Chance triplet captured prospectively
1558627,Belgian Pro League,144,2026-09-11T13:40:08Z,2026-09-12T14:00:00Z,SK Beveren,St. Truiden,12,Double Chance,1.67,1.36,1.3,0.28469292,0.34958616,0.36572091,FROZEN,API-Football Bet365 first complete Double Chance triplet captured prospectively
1558628,Belgian Pro League,144,2026-09-11T13:40:08Z,2026-09-12T16:15:00Z,KVC Westerlo,Standard Liege,12,Double Chance,1.5,1.53,1.3,0.31905679,0.31280077,0.36814244,FROZEN,API-Football Bet365 first complete Double Chance triplet captured prospectively
1558629,Belgian Pro League,144,2026-09-11T13:40:08Z,2026-09-12T18:45:00Z,OH Leuven,Cercle Brugge,12,Double Chance,1.5,1.5,1.3,0.31707317,0.31707317,0.36585366,FROZEN,API-Football Bet365 first complete Double Chance triplet captured prospectively
1558630,Belgian Pro League,144,2026-09-11T13:40:08Z,2026-09-12T18:45:00Z,Union St. Gilloise,Lommel United,12,Double Chance,1.05,4.0,1.12,0.45454545,0.11931818,0.42613636,FROZEN,API-Football Bet365 first complete Double Chance triplet captured prospectively
1558631,Belgian Pro League,144,2026-09-11T13:40:08Z,2026-09-13T11:30:00Z,Club Brugge KV,Antwerp,12,Double Chance,1.07,3.75,1.14,0.44965448,0.12830141,0.42204411,FROZEN,API-Football Bet365 first complete Double Chance triplet captured prospectively
1558632,Belgian Pro League,144,2026-09-11T13:40:08Z,2026-09-13T14:00:00Z,Genk,Gent,12,Double Chance,1.28,1.73,1.25,0.36180963,0.26769730,0.37049306,FROZEN,API-Football Bet365 first complete Double Chance triplet captured prospectively
1558633,Belgian Pro League,144,2026-09-11T13:40:08Z,2026-09-13T16:30:00Z,Zulte Waregem,Charleroi,12,Double Chance,1.44,1.5,1.3,0.32597793,0.31293882,0.36108325,FROZEN,API-Football Bet365 first complete Double Chance triplet captured prospectively
1558634,Belgian Pro League,144,2026-09-11T13:40:08Z,2026-09-13T17:15:00Z,RAAL La Louvière,Kortrijk,12,Double Chance,1.36,1.53,1.3,0.34071054,0.30285381,0.35643564,FROZEN,API-Football Bet365 first complete Double Chance triplet captured prospectively
1549016,Danish Superliga,119,2026-09-11T13:40:08Z,2026-09-11T17:00:00Z,FC Copenhagen,AC Horsens,12,Double Chance,1.08,3.25,1.17,0.44338336,0.14733970,0.40927694,FROZEN,API-Football Bet365 first complete Double Chance triplet captured prospectively
1549017,Danish Superliga,119,2026-09-11T13:40:08Z,2026-09-13T12:00:00Z,Lyngby,Sonderjyske,12,Double Chance,1.17,2.3,1.22,0.40523367,0.20614060,0.38862573,FROZEN,API-Football Bet365 first complete Double Chance triplet captured prospectively
1549021,Danish Superliga,119,2026-09-11T13:40:08Z,2026-09-13T12:00:00Z,Silkeborg,Viborg,12,Double Chance,1.95,1.25,1.22,0.24047938,0.37514784,0.38437278,FROZEN,API-Football Bet365 first complete Double Chance triplet captured prospectively
1549020,Danish Superliga,119,2026-09-11T13:40:08Z,2026-09-13T14:00:00Z,Randers FC,Odense,12,Double Chance,1.4,1.53,1.3,0.33422954,0.30583095,0.35993951,FROZEN,API-Football Bet365 first complete Double Chance triplet captured prospectively
1549019,Danish Superliga,119,2026-09-11T13:40:08Z,2026-09-13T16:00:00Z,FC Nordsjaelland,Aarhus,12,Double Chance,1.25,1.95,1.22,0.37514784,0.24047938,0.38437278,FROZEN,API-Football Bet365 first complete Double Chance triplet captured prospectively
1549018,Danish Superliga,119,2026-09-11T13:40:08Z,2026-09-14T17:00:00Z,FC Midtjylland,Brondby,12,Double Chance,1.25,1.91,1.25,0.37672584,0.24654832,0.37672584,FROZEN,API-Football Bet365 first complete Double Chance triplet captured prospectively
1547629,A Lyga,362,2026-09-11T13:40:08Z,2026-09-13T11:30:00Z,Panevėžys,Kauno Žalgiris,12,Double Chance,2.25,1.12,1.18,0.20342949,0.40867531,0.38789521,FROZEN,API-Football Bet365 first complete Double Chance triplet captured prospectively
1547631,A Lyga,362,2026-09-11T13:40:08Z,2026-09-13T14:00:00Z,Šiauliai,Hegelmann Litauen,12,Double Chance,1.44,1.44,1.25,0.31725888,0.31725888,0.36548223,FROZEN,API-Football Bet365 first complete Double Chance triplet captured prospectively
1547630,A Lyga,362,2026-09-11T13:40:08Z,2026-09-13T15:45:00Z,Suduva Marijampole,FK Zalgiris Vilnius,12,Double Chance,1.5,1.44,1.25,0.30848329,0.32133676,0.37017995,FROZEN,API-Football Bet365 first complete Double Chance triplet captured prospectively
1547633,A Lyga,362,2026-09-11T13:40:08Z,2026-09-14T15:45:00Z,Banga,TransINVEST Vilnius,12,Double Chance,1.44,1.44,1.25,0.31725888,0.31725888,0.36548223,FROZEN,API-Football Bet365 first complete Double Chance triplet captured prospectively
1515923,Virsliga,365,2026-09-11T13:40:08Z,2026-09-11T14:00:00Z,Ogre United,FK Liepaja,12,Double Chance,2.15,1.17,1.17,0.21389397,0.39305302,0.39305302,FROZEN,API-Football Bet365 first complete Double Chance triplet captured prospectively
1515921,Virsliga,365,2026-09-11T13:40:08Z,2026-09-11T15:00:00Z,Riga,Auda,12,Double Chance,1.08,2.75,1.12,0.42426580,0.16662075,0.40911345,FROZEN,API-Football Bet365 first complete Double Chance triplet captured prospectively
1515920,Virsliga,365,2026-09-11T13:40:08Z,2026-09-12T11:00:00Z,Grobiņa,FS Jelgava,12,Double Chance,1.44,1.4,1.28,0.31710079,0.32616082,0.35673839,FROZEN,API-Football Bet365 first complete Double Chance triplet captured prospectively
1515922,Virsliga,365,2026-09-11T13:40:08Z,2026-09-13T11:00:00Z,BFC Daugavpils,Rīgas FS,12,Double Chance,3.2,1.06,1.11,0.14489077,0.43740610,0.41770313,FROZEN,API-Football Bet365 first complete Double Chance triplet captured prospectively
1552162,Eredivisie,88,2026-09-11T13:40:08Z,2026-09-11T18:00:00Z,AZ Alkmaar,Willem II,12,Double Chance,1.03,5.5,1.08,0.46707660,0.08747071,0.44545269,FROZEN,API-Football Bet365 first complete Double Chance triplet captured prospectively
1552163,Eredivisie,88,2026-09-11T13:40:08Z,2026-09-12T14:30:00Z,Twente,ADO Den Haag,12,Double Chance,1.06,3.75,1.1,0.44517591,0.12583639,0.42898770,FROZEN,API-Football Bet365 first complete Double Chance triplet captured prospectively
1552164,Eredivisie,88,2026-09-11T13:40:08Z,2026-09-12T16:45:00Z,GO Ahead Eagles,Groningen,12,Double Chance,1.4,1.62,1.22,0.33203414,0.28694308,0.38102278,FROZEN,API-Football Bet365 first complete Double Chance triplet captured prospectively
1552165,Eredivisie,88,2026-09-11T13:40:08Z,2026-09-12T18:00:00Z,Fortuna Sittard,Ajax,12,Double Chance,2.62,1.14,1.17,0.18058489,0.41502843,0.40438668,FROZEN,API-Football Bet365 first complete Double Chance triplet captured prospectively
1552168,Eredivisie,88,2026-09-11T13:40:08Z,2026-09-12T19:00:00Z,Cambuur,NEC Nijmegen,12,Double Chance,2.38,1.17,1.17,0.19730185,0.40134907,0.40134907,FROZEN,API-Football Bet365 first complete Double Chance triplet captured prospectively
1552167,Eredivisie,88,2026-09-11T13:40:08Z,2026-09-13T10:15:00Z,Excelsior,Utrecht,12,Double Chance,1.36,1.67,1.25,0.34454586,0.28058825,0.37486590,FROZEN,API-Football Bet365 first complete Double Chance triplet captured prospectively
1552166,Eredivisie,88,2026-09-11T13:40:08Z,2026-09-13T12:30:00Z,Heerenveen,Telstar,12,Double Chance,1.18,2.3,1.18,0.39792388,0.20415225,0.39792388,FROZEN,API-Football Bet365 first complete Double Chance triplet captured prospectively
1552170,Eredivisie,88,2026-09-11T13:40:08Z,2026-09-13T14:45:00Z,PEC Zwolle,Feyenoord,12,Double Chance,2.62,1.14,1.17,0.18058489,0.41502843,0.40438668,FROZEN,API-Football Bet365 first complete Double Chance triplet captured prospectively
1552169,Eredivisie,88,2026-09-11T13:40:08Z,2026-09-13T18:00:00Z,PSV Eindhoven,Sparta Rotterdam,12,Double Chance,1.04,4.5,1.1,0.45943939,0.10618155,0.43437906,FROZEN,API-Football Bet365 first complete Double Chance triplet captured prospectively
1552143,Eredivisie,88,2026-09-11T13:40:08Z,2026-09-15T18:00:00Z,Ajax,Willem II,12,Double Chance,1.05,5.0,1.1,0.46199076,0.09701806,0.44099118,FROZEN,API-Football Bet365 first complete Double Chance triplet captured prospectively
1494760,Eliteserien,103,2026-09-11T13:40:08Z,2026-09-12T14:00:00Z,Lillestrom,Valerenga,12,Double Chance,1.25,1.91,1.25,0.37672584,0.24654832,0.37672584,FROZEN,API-Football Bet365 first complete Double Chance triplet captured prospectively
1494761,Eliteserien,103,2026-09-11T13:40:08Z,2026-09-12T16:00:00Z,Rosenborg,Tromso,12,Double Chance,1.18,2.1,1.25,0.39905746,0.22423229,0.37671025,FROZEN,API-Football Bet365 first complete Double Chance triplet captured prospectively
1494763,Eliteserien,103,2026-09-11T13:40:08Z,2026-09-13T12:30:00Z,Viking,Kristiansund BK,12,Double Chance,1.08,3.75,1.11,0.44228746,0.12737879,0.43033375,FROZEN,API-Football Bet365 first complete Double Chance triplet captured prospectively
1494762,Eliteserien,103,2026-09-11T13:40:08Z,2026-09-13T15:00:00Z,Start,Brann,12,Double Chance,1.8,1.28,1.25,0.25999350,0.36561586,0.37439064,FROZEN,API-Football Bet365 first complete Double Chance triplet captured prospectively
1494759,Eliteserien,103,2026-09-11T13:40:08Z,2026-09-13T15:00:00Z,KFUM Oslo,Aalesund,12,Double Chance,1.4,1.67,1.28,0.34105559,0.28591486,0.37302955,FROZEN,API-Football Bet365 first complete Double Chance triplet captured prospectively
1494758,Eliteserien,103,2026-09-11T13:40:08Z,2026-09-13T15:00:00Z,Ham-Kam,Molde,12,Double Chance,2.05,1.22,1.22,0.22932331,0.38533835,0.38533835,FROZEN,API-Football Bet365 first complete Double Chance triplet captured prospectively
1494757,Eliteserien,103,2026-09-11T13:40:08Z,2026-09-13T17:15:00Z,Fredrikstad,Sarpsborg 08 FF,12,Double Chance,1.44,1.53,1.28,0.32613909,0.30695444,0.36690647,FROZEN,API-Football Bet365 first complete Double Chance triplet captured prospectively
1494756,Eliteserien,103,2026-09-11T13:40:08Z,2026-09-14T17:00:00Z,Bodo/Glimt,Sandefjord,12,Double Chance,1.04,5.0,1.08,0.46062509,0.09581002,0.44356490,FROZEN,API-Football Bet365 first complete Double Chance triplet captured prospectively
1553168,Ekstraklasa,106,2026-09-11T13:40:08Z,2026-09-11T16:00:00Z,Raków Częstochowa,Motor Lublin,12,Double Chance,1.22,1.91,1.25,0.38244670,0.24428533,0.37326798,FROZEN,API-Football Bet365 first complete Double Chance triplet captured prospectively
1553170,Ekstraklasa,106,2026-09-11T13:40:08Z,2026-09-11T18:30:00Z,Wisla Krakow,Jagiellonia,12,Double Chance,1.4,1.67,1.28,0.34105559,0.28591486,0.37302955,FROZEN,API-Football Bet365 first complete Double Chance triplet captured prospectively
1553169,Ekstraklasa,106,2026-09-11T13:40:08Z,2026-09-12T12:45:00Z,Slask Wroclaw,Korona Kielce,12,Double Chance,1.5,1.5,1.33,0.31971154,0.31971154,0.36057692,FROZEN,API-Football Bet365 first complete Double Chance triplet captured prospectively
1553164,Ekstraklasa,106,2026-09-11T13:40:08Z,2026-09-12T15:30:00Z,Gornik Zabrze,Lech Poznan,12,Double Chance,1.57,1.4,1.3,0.30037960,0.33685427,0.36276613,FROZEN,API-Football Bet365 first complete Double Chance triplet captured prospectively
1553172,Ekstraklasa,106,2026-09-11T13:40:08Z,2026-09-12T18:15:00Z,Zaglebie Lubin,GKS Katowice,12,Double Chance,1.5,1.5,1.33,0.31971154,0.31971154,0.36057692,FROZEN,API-Football Bet365 first complete Double Chance triplet captured prospectively
1553171,Ekstraklasa,106,2026-09-11T13:40:08Z,2026-09-13T10:15:00Z,Wisla Plock,Cracovia Krakow,12,Double Chance,1.5,1.5,1.33,0.31971154,0.31971154,0.36057692,FROZEN,API-Football Bet365 first complete Double Chance triplet captured prospectively
1553166,Ekstraklasa,106,2026-09-11T13:40:08Z,2026-09-13T12:45:00Z,Pogon Szczecin,Wieczysta Kraków,12,Double Chance,1.28,1.8,1.3,0.37095751,0.26379201,0.36525048,FROZEN,API-Football Bet365 first complete Double Chance triplet captured prospectively
1553165,Ekstraklasa,106,2026-09-11T13:40:08Z,2026-09-13T15:30:00Z,Legia Warszawa,Widzew Łódź,12,Double Chance,1.2,2.05,1.28,0.39637462,0.23202417,0.37160121,FROZEN,API-Football Bet365 first complete Double Chance triplet captured prospectively
1553167,Ekstraklasa,106,2026-09-11T13:40:08Z,2026-09-14T17:00:00Z,Radomiak Radom,Piast Gliwice,12,Double Chance,1.4,1.53,1.25,0.32948574,0.30149022,0.36902403,FROZEN,API-Football Bet365 first complete Double Chance triplet captured prospectively
1575498,Primeira Liga,94,2026-09-11T13:40:08Z,2026-09-12T14:30:00Z,Nacional,Alverca,12,Double Chance,1.44,1.44,1.3,0.32178218,0.32178218,0.35643564,FROZEN,API-Football Bet365 first complete Double Chance triplet captured prospectively
1575495,Primeira Liga,94,2026-09-11T13:40:08Z,2026-09-12T17:00:00Z,Casa Pia,FC Porto,12,Double Chance,3.75,1.06,1.12,0.12680780,0.44861251,0.42457969,FROZEN,API-Football Bet365 first complete Double Chance triplet captured prospectively
1575491,Primeira Liga,94,2026-09-11T13:40:08Z,2026-09-12T19:30:00Z,Academico Viseu,Vitória SC,12,Double Chance,1.73,1.28,1.3,0.27156706,0.36703985,0.36139309,FROZEN,API-Football Bet365 first complete Double Chance triplet captured prospectively
1575493,Primeira Liga,94,2026-09-11T13:40:08Z,2026-09-13T17:00:00Z,Benfica,GIL Vicente,12,Double Chance,1.01,5.5,1.1,0.47577855,0.08737024,0.43685121,FROZEN,API-Football Bet365 first complete Double Chance triplet captured prospectively
1575492,Primeira Liga,94,2026-09-11T13:40:08Z,2026-09-13T17:00:00Z,Arouca,Santa Clara,12,Double Chance,1.4,1.44,1.36,0.33315188,0.32389766,0.34295046,FROZEN,API-Football Bet365 first complete Double Chance triplet captured prospectively
1575496,Primeira Liga,94,2026-09-11T13:40:08Z,2026-09-13T19:30:00Z,Famalicao,Sporting CP,12,Double Chance,2.38,1.12,1.22,0.19701252,0.41865159,0.38433589,FROZEN,API-Football Bet365 first complete Double Chance triplet captured prospectively
1575499,Primeira Liga,94,2026-09-11T13:40:08Z,2026-09-14T17:45:00Z,Rio Ave,Estrela,12,Double Chance,1.5,1.4,1.33,0.31257344,0.33490012,0.35252644,FROZEN,API-Football Bet365 first complete Double Chance triplet captured prospectively
1575497,Primeira Liga,94,2026-09-11T13:40:08Z,2026-09-14T19:15:00Z,Moreirense,Maritimo,12,Double Chance,1.5,1.4,1.36,0.31502316,0.33752482,0.34745202,FROZEN,API-Football Bet365 first complete Double Chance triplet captured prospectively
1575494,Primeira Liga,94,2026-09-11T13:40:08Z,2026-09-14T19:45:00Z,SC Braga,Estoril,12,Double Chance,1.12,2.62,1.22,0.42634584,0.18225471,0.39139946,FROZEN,API-Football Bet365 first complete Double Chance triplet captured prospectively
1584405,Super Lig,203,2026-09-11T13:40:08Z,2026-09-11T17:00:00Z,Beşiktaş,Erzurumspor FK,12,Double Chance,1.06,3.75,1.14,0.45197919,0.12775945,0.42026135,FROZEN,API-Football Bet365 first complete Double Chance triplet captured prospectively
1584406,Super Lig,203,2026-09-11T13:40:08Z,2026-09-12T14:00:00Z,Eyüpspor,Rizespor,12,Double Chance,1.91,1.25,1.3,0.25017320,0.38226464,0.36756216,FROZEN,API-Football Bet365 first complete Double Chance triplet captured prospectively
1584411,Super Lig,203,2026-09-11T13:40:08Z,2026-09-12T14:00:00Z,Samsunspor,Çorum FK,12,Double Chance,1.28,1.8,1.3,0.37095751,0.26379201,0.36525048,FROZEN,API-Football Bet365 first complete Double Chance triplet captured prospectively
1584410,Super Lig,203,2026-09-11T13:40:08Z,2026-09-12T17:00:00Z,Konyaspor,Trabzonspor,12,Double Chance,1.8,1.28,1.28,0.26229508,0.36885246,0.36885246,FROZEN,API-Football Bet365 first complete Double Chance triplet captured prospectively
1584403,Super Lig,203,2026-09-11T13:40:08Z,2026-09-12T17:00:00Z,Alanyaspor,Göztepe,12,Double Chance,1.36,1.67,1.3,0.34958616,0.28469292,0.36572091,FROZEN,API-Football Bet365 first complete Double Chance triplet captured prospectively
1584409,Super Lig,203,2026-09-11T13:40:08Z,2026-09-13T14:00:00Z,Gençlerbirliği S.K.,Kasımpaşa,12,Double Chance,1.36,1.62,1.36,0.35217391,0.29565217,0.35217391,FROZEN,API-Football Bet365 first complete Double Chance triplet captured prospectively
1584407,Super Lig,203,2026-09-11T13:40:08Z,2026-09-13T17:00:00Z,Galatasaray,Kocaelispor,12,Double Chance,1.08,3.25,1.17,0.44338336,0.14733970,0.40927694,FROZEN,API-Football Bet365 first complete Double Chance triplet captured prospectively
1584404,Super Lig,203,2026-09-11T13:40:08Z,2026-09-13T17:00:00Z,Amed,Başakşehir,12,Double Chance,1.5,1.5,1.3,0.31707317,0.31707317,0.36585366,FROZEN,API-Football Bet365 first complete Double Chance triplet captured prospectively
1584408,Super Lig,203,2026-09-11T13:40:08Z,2026-09-14T17:00:00Z,Gaziantep FK,Fenerbahçe,12,Double Chance,2.38,1.17,1.22,0.20060150,0.40806116,0.39133734,FROZEN,API-Football Bet365 first complete Double Chance triplet captured prospectively
1556642,Scottish Premiership,179,2026-09-11T13:40:08Z,2026-09-15T18:45:00Z,Hibernian,Kilmarnock,12,Double Chance,1.14,2.5,1.2,0.41562760,0.18952618,0.39484622,FROZEN,API-Football Bet365 first complete Double Chance triplet captured prospectively
1556643,Scottish Premiership,179,2026-09-11T13:40:08Z,2026-09-15T18:45:00Z,Motherwell,Aberdeen,12,Double Chance,1.25,1.91,1.28,0.38008177,0.24874462,0.37117361,FROZEN,API-Football Bet365 first complete Double Chance triplet captured prospectively
1556641,Scottish Premiership,179,2026-09-11T13:40:08Z,2026-09-15T18:45:00Z,Falkirk,Heart Of Midlothian,12,Double Chance,1.8,1.28,1.28,0.26229508,0.36885246,0.36885246,FROZEN,API-Football Bet365 first complete Double Chance triplet captured prospectively
1556665,Scottish Premiership,179,2026-09-11T13:40:08Z,2026-09-19T14:00:00Z,Hibernian,Aberdeen,12,Double Chance,1.22,2.0,1.25,0.38669760,0.23588554,0.37741686,FROZEN,API-Football Bet365 first complete Double Chance triplet captured prospectively
1556668,Scottish Premiership,179,2026-09-11T13:40:08Z,2026-09-19T14:00:00Z,ST Mirren,Dundee Utd,12,Double Chance,1.4,1.62,1.28,0.33807226,0.29216121,0.36976653,FROZEN,API-Football Bet365 first complete Double Chance triplet captured prospectively
1556664,Scottish Premiership,179,2026-09-11T13:40:08Z,2026-09-19T14:00:00Z,Dundee,Motherwell,12,Double Chance,1.67,1.36,1.28,0.28307532,0.34759984,0.36932483,FROZEN,API-Football Bet365 first complete Double Chance triplet captured prospectively
1556667,Scottish Premiership,179,2026-09-11T13:40:08Z,2026-09-19T14:00:00Z,ST Johnstone,Falkirk,12,Double Chance,1.36,1.67,1.28,0.34759984,0.28307532,0.36932483,FROZEN,API-Football Bet365 first complete Double Chance triplet captured prospectively
1556666,Scottish Premiership,179,2026-09-11T13:40:08Z,2026-09-19T16:45:00Z,Kilmarnock,Heart Of Midlothian,12,Double Chance,2.15,1.18,1.25,0.22016568,0.40114934,0.37868498,FROZEN,API-Football Bet365 first complete Double Chance triplet captured prospectively
1556669,Scottish Premiership,179,2026-09-11T13:40:08Z,2026-09-20T11:00:00Z,Celtic,Rangers,12,Double Chance,1.25,1.95,1.25,0.37864078,0.24271845,0.37864078,FROZEN,API-Football Bet365 first complete Double Chance triplet captured prospectively
1575172,Bundesliga,78,2026-09-11T18:41:56Z,2026-09-19T13:30:00Z,Werder Bremen,FC Augsburg,12,Double Chance,1.4,1.62,1.28,0.33807226,0.29216121,0.36976653,FROZEN,API-Football Bet365 first complete Double Chance triplet captured prospectively
1561932,Austrian Bundesliga,218,2026-09-11T18:41:56Z,2026-09-20T12:30:00Z,TSV Hartberg,Lask Linz,12,Double Chance,2.62,1.14,1.2,0.18242919,0.41926708,0.39830373,FROZEN,API-Football Bet365 first complete Double Chance triplet captured prospectively
1552173,Eredivisie,88,2026-09-11T18:41:56Z,2026-09-18T18:00:00Z,Groningen,PEC Zwolle,12,Double Chance,1.18,2.25,1.22,0.40133926,0.21048015,0.38818060,FROZEN,API-Football Bet365 first complete Double Chance triplet captured prospectively
1570391,La Liga,140,2026-09-12T00:43:08Z,2026-09-15T17:00:00Z,Rayo Vallecano,Espanyol,12,Double Chance,1.25,1.8,1.3,0.37650845,0.26146420,0.36202735,FROZEN,API-Football Bet365 first complete Double Chance triplet captured prospectively
1550133,Serie A,135,2026-09-12T00:43:08Z,2026-09-18T18:45:00Z,Monza,Sassuolo,12,Double Chance,1.5,1.4,1.33,0.31257344,0.33490012,0.35252644,FROZEN,API-Football Bet365 first complete Double Chance triplet captured prospectively
1552771,Ligue 1,61,2026-09-12T00:43:08Z,2026-09-19T15:15:00Z,Paris FC,Strasbourg,12,Double Chance,1.3,1.8,1.28,0.36525048,0.26379201,0.37095751,FROZEN,API-Football Bet365 first complete Double Chance triplet captured prospectively
