fixture_id,provider_league_id,league_name,season,round,kickoff_utc,observed_at_utc,team_id,team_name,side,opponent_name,shots_total,shots_on_goal,shots_off_goal,shots_insidebox,shots_outsidebox,blocked_shots,possession_pct,corners,offsides,fouls,yellow_cards,red_cards,goalkeeper_saves,passes_total,passes_accurate,passes_accuracy_pct,expected_goals,source,research_only,creates_signal,probability_mutation,eligibility_mutation,stake_changes,forward_journal_mutation
1494765,103,Eliteserien,2026,Regular Season - 22,2026-09-19T14:00:00+00:00,2026-09-19T16:27:35Z,320,Kristiansund BK,HOME,Rosenborg,15,7,3,9,6,5,44,4,3,13,1,0,3,353,264,,,API-Football /fixtures/statistics,true,false,false,false,false,false
1494765,103,Eliteserien,2026,Regular Season - 22,2026-09-19T14:00:00+00:00,2026-09-19T16:27:35Z,331,Rosenborg,AWAY,Kristiansund BK,16,8,7,12,4,1,56,6,0,16,0,0,5,453,363,,,API-Football /fixtures/statistics,true,false,false,false,false,false
1494766,103,Eliteserien,2026,Regular Season - 22,2026-09-19T16:00:00+00:00,2026-09-19T19:24:40Z,329,Molde,HOME,Aalesund,16,8,5,13,3,3,68,10,3,19,2,0,3,590,506,,,API-Football /fixtures/statistics,true,false,false,false,false,false
1494766,103,Eliteserien,2026,Regular Season - 22,2026-09-19T16:00:00+00:00,2026-09-19T19:24:40Z,757,Aalesund,AWAY,Molde,12,5,4,8,4,3,32,6,0,12,4,0,6,281,190,,,API-Football /fixtures/statistics,true,false,false,false,false,false
1494768,103,Eliteserien,2026,Regular Season - 22,2026-09-18T17:00:00+00:00,2026-09-18T20:28:12Z,2143,KFUM Oslo,AWAY,Sarpsborg 08 FF,10,4,4,6,4,2,43,1,0,9,2,0,6,428,340,,,API-Football /fixtures/statistics,true,false,false,false,false,false
1494768,103,Eliteserien,2026,Regular Season - 22,2026-09-18T17:00:00+00:00,2026-09-18T20:28:12Z,333,Sarpsborg 08 FF,HOME,KFUM Oslo,22,8,9,16,6,5,57,11,4,7,1,0,1,545,466,,,API-Football /fixtures/statistics,true,false,false,false,false,false
1494770,103,Eliteserien,2026,Regular Season - 22,2026-09-20T12:30:00+00:00,2026-09-20T14:27:21Z,2149,Fredrikstad,AWAY,Valerenga,9,2,4,5,4,3,52,6,0,12,1,1,3,555,451,,,API-Football /fixtures/statistics,true,false,false,false,false,false
1494770,103,Eliteserien,2026,Regular Season - 22,2026-09-20T12:30:00+00:00,2026-09-20T14:27:21Z,326,Valerenga,HOME,Fredrikstad,16,3,5,7,9,8,48,9,5,9,0,0,1,497,397,,,API-Football /fixtures/statistics,true,false,false,false,false,false
1549022,119,Superliga,2026,Regular Season - 9,2026-09-20T12:00:00+00:00,2026-09-20T14:27:21Z,400,FC Copenhagen,AWAY,Brondby,14,3,9,11,3,2,51,4,2,16,1,0,2,454,385,,,API-Football /fixtures/statistics,true,false,false,false,false,false
1549022,119,Superliga,2026,Regular Season - 9,2026-09-20T12:00:00+00:00,2026-09-20T14:27:21Z,407,Brondby,HOME,FC Copenhagen,9,2,5,8,1,2,49,1,2,7,1,0,2,477,402,,,API-Football /fixtures/statistics,true,false,false,false,false,false
1549023,119,Superliga,2026,Regular Season - 9,2026-09-20T14:00:00+00:00,2026-09-20T16:28:28Z,404,AC Horsens,HOME,Aarhus,20,5,9,10,10,6,53,3,1,17,2,0,1,484,381,,,API-Football /fixtures/statistics,true,false,false,false,false,false
1549023,119,Superliga,2026,Regular Season - 9,2026-09-20T14:00:00+00:00,2026-09-20T16:28:28Z,406,Aarhus,AWAY,AC Horsens,14,3,9,9,5,2,47,2,0,6,2,0,3,437,346,,,API-Football /fixtures/statistics,true,false,false,false,false,false
1549024,119,Superliga,2026,Regular Season - 9,2026-09-18T17:00:00+00:00,2026-09-18T20:28:12Z,2073,Silkeborg,AWAY,Lyngby,13,6,4,6,7,3,54,1,2,14,2,0,2,595,502,,,API-Football /fixtures/statistics,true,false,false,false,false,false
1549024,119,Superliga,2026,Regular Season - 9,2026-09-18T17:00:00+00:00,2026-09-18T20:28:12Z,625,Lyngby,HOME,Silkeborg,7,2,3,4,3,2,46,7,2,9,2,1,2,471,382,,,API-Football /fixtures/statistics,true,false,false,false,false,false
1549025,119,Superliga,2026,Regular Season - 9,2026-09-19T16:00:00+00:00,2026-09-19T19:24:40Z,397,FC Midtjylland,AWAY,Odense,6,3,2,4,2,1,37,2,1,10,1,1,3,327,262,,,API-Football /fixtures/statistics,true,false,false,false,false,false
1549025,119,Superliga,2026,Regular Season - 9,2026-09-19T16:00:00+00:00,2026-09-19T19:24:40Z,405,Odense,HOME,FC Midtjylland,21,4,7,11,10,10,63,9,4,19,2,0,2,563,485,,,API-Football /fixtures/statistics,true,false,false,false,false,false
1549026,119,Superliga,2026,Regular Season - 9,2026-09-20T12:00:00+00:00,2026-09-20T14:27:21Z,396,Sonderjyske,HOME,Randers FC,10,7,2,7,3,1,39,5,2,15,3,0,4,377,273,,,API-Football /fixtures/statistics,true,false,false,false,false,false
1549026,119,Superliga,2026,Regular Season - 9,2026-09-20T12:00:00+00:00,2026-09-20T14:27:21Z,401,Randers FC,AWAY,Sonderjyske,14,6,5,9,5,3,61,4,1,7,0,0,3,583,479,,,API-Football /fixtures/statistics,true,false,false,false,false,false
1550128,135,Serie A,2026,Regular Season - 5,2026-09-19T16:00:00+00:00,2026-09-19T19:24:40Z,497,AS Roma,HOME,Inter,18,4,7,12,6,7,49,4,3,13,3,,3,463,389,84,1.69,API-Football /fixtures/statistics,true,false,false,false,false,false
1550128,135,Serie A,2026,Regular Season - 5,2026-09-19T16:00:00+00:00,2026-09-19T19:24:40Z,505,Inter,AWAY,AS Roma,16,5,8,11,5,3,51,2,3,7,3,,2,472,407,86,2.37,API-Football /fixtures/statistics,true,false,false,false,false,false
1550129,135,Serie A,2026,Regular Season - 5,2026-09-19T13:00:00+00:00,2026-09-19T15:26:33Z,500,Bologna,HOME,Torino,11,1,7,8,3,3,40,1,2,18,0,,2,320,236,74,0.55,API-Football /fixtures/statistics,true,false,false,false,false,false
1550129,135,Serie A,2026,Regular Season - 5,2026-09-19T13:00:00+00:00,2026-09-19T15:26:33Z,503,Torino,AWAY,Bologna,13,3,8,6,7,2,60,6,0,11,3,,0,467,373,80,0.78,API-Football /fixtures/statistics,true,false,false,false,false,false
1550130,135,Serie A,2026,Regular Season - 5,2026-09-20T10:30:00+00:00,2026-09-20T12:32:10Z,492,Napoli,AWAY,Fiorentina,12,4,7,10,2,1,58,5,1,9,0,,3,544,483,89,1.4,API-Football /fixtures/statistics,true,false,false,false,false,false
1550130,135,Serie A,2026,Regular Season - 5,2026-09-20T10:30:00+00:00,2026-09-20T12:32:10Z,502,Fiorentina,HOME,Napoli,17,4,10,10,7,3,42,4,0,11,3,,3,389,325,84,0.94,API-Football /fixtures/statistics,true,false,false,false,false,false
1550131,135,Serie A,2026,Regular Season - 5,2026-09-20T13:00:00+00:00,2026-09-20T15:27:20Z,512,Frosinone,HOME,Como,22,6,14,15,7,2,35,7,2,13,3,,7,248,180,73,1.96,API-Football /fixtures/statistics,true,false,false,false,false,false
1550131,135,Serie A,2026,Regular Season - 5,2026-09-20T13:00:00+00:00,2026-09-20T15:27:20Z,895,Como,AWAY,Frosinone,26,8,11,15,11,7,65,8,2,6,2,,4,487,422,87,2.17,API-Football /fixtures/statistics,true,false,false,false,false,false
1550133,135,Serie A,2026,Regular Season - 5,2026-09-18T18:45:00+00:00,2026-09-18T21:27:13Z,1579,Monza,HOME,Sassuolo,15,6,6,8,7,3,36,7,0,12,4,,7,311,248,80,1.45,API-Football /fixtures/statistics,true,false,false,false,false,false
1550133,135,Serie A,2026,Regular Season - 5,2026-09-18T18:45:00+00:00,2026-09-18T21:27:13Z,488,Sassuolo,AWAY,Monza,20,8,7,13,7,5,64,5,1,6,1,,4,566,502,89,1.58,API-Football /fixtures/statistics,true,false,false,false,false,false
1550134,135,Serie A,2026,Regular Season - 5,2026-09-20T13:00:00+00:00,2026-09-20T15:27:20Z,495,Genoa,AWAY,Parma,12,5,3,7,5,4,58,5,1,12,3,,0,439,371,85,0.76,API-Football /fixtures/statistics,true,false,false,false,false,false
1550134,135,Serie A,2026,Regular Season - 5,2026-09-20T13:00:00+00:00,2026-09-20T15:27:20Z,523,Parma,HOME,Genoa,5,2,2,3,2,1,42,2,3,15,3,,4,325,256,79,0.32,API-Football /fixtures/statistics,true,false,false,false,false,false
1550135,135,Serie A,2026,Regular Season - 5,2026-09-19T13:00:00+00:00,2026-09-19T15:26:33Z,490,Cagliari,AWAY,Udinese,5,2,2,3,2,1,35,1,4,8,0,,6,344,281,82,1.12,API-Football /fixtures/statistics,true,false,false,false,false,false
1550135,135,Serie A,2026,Regular Season - 5,2026-09-19T13:00:00+00:00,2026-09-19T15:26:33Z,494,Udinese,HOME,Cagliari,26,5,14,17,9,7,65,16,2,9,2,,1,602,546,91,1.92,API-Football /fixtures/statistics,true,false,false,false,false,false
1550136,135,Serie A,2026,Regular Season - 5,2026-09-19T18:45:00+00:00,2026-09-19T21:26:08Z,487,Lazio,AWAY,Venezia,11,2,6,5,6,3,50,2,0,8,0,,7,493,428,87,1.6,API-Football /fixtures/statistics,true,false,false,false,false,false
1550136,135,Serie A,2026,Regular Season - 5,2026-09-19T18:45:00+00:00,2026-09-19T21:26:08Z,517,Venezia,HOME,Lazio,17,6,6,10,7,5,50,7,2,13,5,,0,479,409,85,1.88,API-Football /fixtures/statistics,true,false,false,false,false,false
1552171,88,Eredivisie,2026,Regular Season - 7,2026-09-19T16:45:00+00:00,2026-09-19T19:24:40Z,210,Heerenveen,AWAY,Sparta Rotterdam,23,9,9,14,9,5,53,6,0,9,0,0,0,473,411,,,API-Football /fixtures/statistics,true,false,false,false,false,false
1552171,88,Eredivisie,2026,Regular Season - 7,2026-09-19T16:45:00+00:00,2026-09-19T19:24:40Z,426,Sparta Rotterdam,HOME,Heerenveen,11,0,6,7,4,5,47,3,2,11,2,0,5,416,340,,,API-Football /fixtures/statistics,true,false,false,false,false,false
1552172,88,Eredivisie,2026,Regular Season - 7,2026-09-19T14:30:00+00:00,2026-09-19T17:25:46Z,198,ADO Den Haag,HOME,Cambuur,18,6,5,14,4,7,63,6,1,22,2,0,2,447,346,,,API-Football /fixtures/statistics,true,false,false,false,false,false
1552172,88,Eredivisie,2026,Regular Season - 7,2026-09-19T14:30:00+00:00,2026-09-19T17:25:46Z,420,Cambuur,AWAY,ADO Den Haag,8,3,0,6,2,5,37,3,2,14,2,0,5,283,187,,,API-Football /fixtures/statistics,true,false,false,false,false,false
1552173,88,Eredivisie,2026,Regular Season - 7,2026-09-18T18:00:00+00:00,2026-09-18T20:28:12Z,193,PEC Zwolle,AWAY,Groningen,9,1,2,4,5,6,48,6,,11,2,0,4,452,372,,,API-Football /fixtures/statistics,true,false,false,false,false,false
1552173,88,Eredivisie,2026,Regular Season - 7,2026-09-18T18:00:00+00:00,2026-09-18T20:28:12Z,202,Groningen,HOME,PEC Zwolle,17,7,2,8,9,8,52,5,,7,0,0,1,495,410,,,API-Football /fixtures/statistics,true,false,false,false,false,false
1552174,88,Eredivisie,2026,Regular Season - 7,2026-09-19T18:00:00+00:00,2026-09-19T20:27:11Z,194,Ajax,HOME,Excelsior,33,8,17,24,9,8,81,9,3,6,1,0,0,820,755,,,API-Football /fixtures/statistics,true,false,false,false,false,false
1552174,88,Eredivisie,2026,Regular Season - 7,2026-09-19T18:00:00+00:00,2026-09-19T20:27:11Z,196,Excelsior,AWAY,Ajax,4,2,1,4,0,1,19,0,0,12,2,0,6,197,132,,,API-Football /fixtures/statistics,true,false,false,false,false,false
1552175,88,Eredivisie,2026,Regular Season - 7,2026-09-19T19:00:00+00:00,2026-09-19T21:26:08Z,195,Willem II,HOME,Fortuna Sittard,15,3,6,9,6,6,46,5,,9,3,0,2,446,368,,,API-Football /fixtures/statistics,true,false,false,false,false,false
1552175,88,Eredivisie,2026,Regular Season - 7,2026-09-19T19:00:00+00:00,2026-09-19T21:26:08Z,205,Fortuna Sittard,AWAY,Willem II,17,3,11,7,10,3,54,3,,10,1,0,3,514,430,,,API-Football /fixtures/statistics,true,false,false,false,false,false
1552176,88,Eredivisie,2026,Regular Season - 7,2026-09-20T10:15:00+00:00,2026-09-20T12:32:10Z,207,Utrecht,AWAY,Feyenoord,6,2,2,2,4,2,43,3,,23,2,0,7,429,362,,,API-Football /fixtures/statistics,true,false,false,false,false,false
1552176,88,Eredivisie,2026,Regular Season - 7,2026-09-20T10:15:00+00:00,2026-09-20T12:32:10Z,209,Feyenoord,HOME,Utrecht,23,12,7,20,3,4,57,6,,11,2,0,1,562,503,,,API-Football /fixtures/statistics,true,false,false,false,false,false
1552177,88,Eredivisie,2026,Regular Season - 7,2026-09-20T12:30:00+00:00,2026-09-20T14:27:21Z,201,AZ Alkmaar,HOME,Telstar,17,8,5,13,4,4,62,5,0,15,1,0,1,586,503,,,API-Football /fixtures/statistics,true,false,false,false,false,false
1552177,88,Eredivisie,2026,Regular Season - 7,2026-09-20T12:30:00+00:00,2026-09-20T14:27:21Z,427,Telstar,AWAY,AZ Alkmaar,4,1,2,3,1,1,38,2,4,12,1,0,7,350,273,,,API-Football /fixtures/statistics,true,false,false,false,false,false
1552179,88,Eredivisie,2026,Regular Season - 7,2026-09-20T12:30:00+00:00,2026-09-20T14:27:21Z,197,PSV Eindhoven,AWAY,Twente,11,4,5,8,3,2,60,5,1,12,2,0,2,523,455,,,API-Football /fixtures/statistics,true,false,false,false,false,false
1552179,88,Eredivisie,2026,Regular Season - 7,2026-09-20T12:30:00+00:00,2026-09-20T14:27:21Z,415,Twente,HOME,PSV Eindhoven,20,5,6,13,7,9,40,7,0,10,1,0,2,356,276,,,API-Football /fixtures/statistics,true,false,false,false,false,false
1552765,61,Ligue 1,2026,Regular Season - 5,2026-09-19T18:45:00+00:00,2026-09-19T21:26:08Z,110,Estac Troyes,AWAY,Angers,19,3,11,13,6,5,39,11,3,15,2,0,1,306,236,,,API-Football /fixtures/statistics,true,false,false,false,false,false
1552765,61,Ligue 1,2026,Regular Season - 5,2026-09-19T18:45:00+00:00,2026-09-19T21:26:08Z,77,Angers,HOME,Estac Troyes,12,3,7,8,4,2,61,2,3,14,3,0,3,495,427,,,API-Football /fixtures/statistics,true,false,false,false,false,false
1552766,61,Ligue 1,2026,Regular Season - 5,2026-09-20T13:00:00+00:00,2026-09-20T15:27:20Z,106,Stade Brestois 29,AWAY,Auxerre,8,2,6,3,5,0,48,3,1,13,1,0,3,390,311,,,API-Football /fixtures/statistics,true,false,false,false,false,false
1552766,61,Ligue 1,2026,Regular Season - 5,2026-09-20T13:00:00+00:00,2026-09-20T15:27:20Z,108,Auxerre,HOME,Stade Brestois 29,11,4,3,3,8,4,52,8,4,19,1,0,1,414,335,,,API-Football /fixtures/statistics,true,false,false,false,false,false
1552767,61,Ligue 1,2026,Regular Season - 5,2026-09-19T18:45:00+00:00,2026-09-19T21:26:08Z,1298,Le Mans,HOME,Lorient,11,7,3,6,5,1,51,1,0,15,3,0,1,475,385,,,API-Football /fixtures/statistics,true,false,false,false,false,false
1552767,61,Ligue 1,2026,Regular Season - 5,2026-09-19T18:45:00+00:00,2026-09-19T21:26:08Z,97,Lorient,AWAY,Le Mans,9,2,6,6,3,1,49,3,1,15,3,0,5,448,365,,,API-Football /fixtures/statistics,true,false,false,false,false,false
1552768,61,Ligue 1,2026,Regular Season - 5,2026-09-19T18:45:00+00:00,2026-09-19T21:26:08Z,80,Lyon,HOME,Rennes,15,9,5,10,5,1,45,3,2,13,4,0,4,411,346,,,API-Football /fixtures/statistics,true,false,false,false,false,false
1552768,61,Ligue 1,2026,Regular Season - 5,2026-09-19T18:45:00+00:00,2026-09-19T21:26:08Z,94,Rennes,AWAY,Lyon,13,4,8,9,4,1,55,8,0,14,2,0,5,486,410,,,API-Football /fixtures/statistics,true,false,false,false,false,false
1552769,61,Ligue 1,2026,Regular Season - 5,2026-09-18T18:45:00+00:00,2026-09-18T21:27:13Z,116,Lens,AWAY,Monaco,12,4,4,10,2,4,48,8,1,11,1,0,5,530,455,,,API-Football /fixtures/statistics,true,false,false,false,false,false
1552769,61,Ligue 1,2026,Regular Season - 5,2026-09-18T18:45:00+00:00,2026-09-18T21:27:13Z,91,Monaco,HOME,Lens,9,6,2,6,3,1,52,2,3,13,1,0,3,530,465,,,API-Football /fixtures/statistics,true,false,false,false,false,false
1552771,61,Ligue 1,2026,Regular Season - 5,2026-09-19T15:15:00+00:00,2026-09-19T17:25:46Z,114,Paris FC,HOME,Strasbourg,17,7,4,12,5,6,52,3,1,17,3,0,1,561,502,,,API-Football /fixtures/statistics,true,false,false,false,false,false
1552771,61,Ligue 1,2026,Regular Season - 5,2026-09-19T15:15:00+00:00,2026-09-19T17:25:46Z,95,Strasbourg,AWAY,Paris FC,5,1,3,3,2,1,48,0,0,12,2,0,5,531,466,,,API-Football /fixtures/statistics,true,false,false,false,false,false
1552772,61,Ligue 1,2026,Regular Season - 5,2026-09-19T18:45:00+00:00,2026-09-19T21:26:08Z,111,Le Havre,AWAY,Toulouse,18,7,6,12,6,5,47,7,1,15,1,0,2,409,355,,,API-Football /fixtures/statistics,true,false,false,false,false,false
1552772,61,Ligue 1,2026,Regular Season - 5,2026-09-19T18:45:00+00:00,2026-09-19T21:26:08Z,96,Toulouse,HOME,Le Havre,14,5,4,10,4,5,53,6,3,17,3,0,5,476,409,,,API-Football /fixtures/statistics,true,false,false,false,false,false
1553173,106,Ekstraklasa,2026,Regular Season - 9,2026-09-19T15:30:00+00:00,2026-09-19T17:25:46Z,3484,GKS Katowice,HOME,Cracovia Krakow,22,5,12,15,7,5,63,3,0,11,1,0,1,509,436,,,API-Football /fixtures/statistics,true,false,false,false,false,false
1553173,106,Ekstraklasa,2026,Regular Season - 9,2026-09-19T15:30:00+00:00,2026-09-19T17:25:46Z,350,Cracovia Krakow,AWAY,GKS Katowice,16,3,11,9,6,2,37,1,1,11,2,0,3,285,194,,,API-Football /fixtures/statistics,true,false,false,false,false,false
1553175,106,Ekstraklasa,2026,Regular Season - 9,2026-09-19T12:45:00+00:00,2026-09-19T15:26:33Z,346,Korona Kielce,HOME,Raków Częstochowa,23,11,4,14,9,8,42,7,4,6,2,0,4,322,265,,,API-Football /fixtures/statistics,true,false,false,false,false,false
1553175,106,Ekstraklasa,2026,Regular Season - 9,2026-09-19T12:45:00+00:00,2026-09-19T15:26:33Z,3491,Raków Częstochowa,AWAY,Korona Kielce,19,6,6,14,5,7,58,5,1,16,2,0,8,472,399,,,API-Football /fixtures/statistics,true,false,false,false,false,false
1553177,106,Ekstraklasa,2026,Regular Season - 9,2026-09-19T18:15:00+00:00,2026-09-19T20:27:11Z,14562,Motor Lublin,HOME,Gornik Zabrze,14,3,4,7,7,7,46,2,0,15,2,0,2,395,301,,,API-Football /fixtures/statistics,true,false,false,false,false,false
1553177,106,Ekstraklasa,2026,Regular Season - 9,2026-09-19T18:15:00+00:00,2026-09-19T20:27:11Z,340,Gornik Zabrze,AWAY,Motor Lublin,13,2,6,7,6,5,54,3,4,11,3,0,3,451,365,,,API-Football /fixtures/statistics,true,false,false,false,false,false
1553178,106,Ekstraklasa,2026,Regular Season - 9,2026-09-20T10:15:00+00:00,2026-09-20T12:32:10Z,348,Pogon Szczecin,AWAY,Piast Gliwice,9,5,2,8,1,2,32,3,1,15,0,0,3,293,206,,,API-Football /fixtures/statistics,true,false,false,false,false,false
1553178,106,Ekstraklasa,2026,Regular Season - 9,2026-09-20T10:15:00+00:00,2026-09-20T12:32:10Z,349,Piast Gliwice,HOME,Pogon Szczecin,12,4,8,8,4,0,68,2,0,16,2,0,2,608,521,,,API-Football /fixtures/statistics,true,false,false,false,false,false
1553179,106,Ekstraklasa,2026,Regular Season - 9,2026-09-18T16:30:00+00:00,2026-09-18T20:28:12Z,17115,Wieczysta Kraków,AWAY,Widzew Łódź,13,5,5,9,4,3,46,3,3,9,2,0,4,407,334,,,API-Football /fixtures/statistics,true,false,false,false,false,false
1553179,106,Ekstraklasa,2026,Regular Season - 9,2026-09-18T16:30:00+00:00,2026-09-18T20:28:12Z,6962,Widzew Łódź,HOME,Wieczysta Kraków,19,5,9,11,8,5,54,8,1,11,1,0,3,396,317,,,API-Football /fixtures/statistics,true,false,false,false,false,false
1553180,106,Ekstraklasa,2026,Regular Season - 9,2026-09-18T18:30:00+00:00,2026-09-18T20:28:12Z,337,Slask Wroclaw,AWAY,Wisla Krakow,5,2,2,4,1,1,46,3,1,16,3,0,4,406,326,,,API-Football /fixtures/statistics,true,false,false,false,false,false
1553180,106,Ekstraklasa,2026,Regular Season - 9,2026-09-18T18:30:00+00:00,2026-09-18T20:28:12Z,338,Wisla Krakow,HOME,Slask Wroclaw,26,6,13,20,6,7,54,4,1,11,2,0,1,466,386,,,API-Football /fixtures/statistics,true,false,false,false,false,false
1553181,106,Ekstraklasa,2026,Regular Season - 9,2026-09-20T12:45:00+00:00,2026-09-20T15:27:20Z,341,Wisla Plock,AWAY,Zaglebie Lubin,9,5,3,5,4,1,47,3,2,21,2,0,6,387,315,,,API-Football /fixtures/statistics,true,false,false,false,false,false
1553181,106,Ekstraklasa,2026,Regular Season - 9,2026-09-20T12:45:00+00:00,2026-09-20T15:27:20Z,345,Zaglebie Lubin,HOME,Wisla Plock,15,6,8,10,5,1,53,5,1,15,4,0,3,432,352,,,API-Football /fixtures/statistics,true,false,false,false,false,false
1556664,179,Premiership,2026,Regular Season - 7,2026-09-19T14:00:00+00:00,2026-09-19T16:27:35Z,253,Dundee,HOME,Motherwell,11,6,1,9,2,4,39,9,1,8,1,0,3,313,249,,,API-Football /fixtures/statistics,true,false,false,false,false,false
1556664,179,Premiership,2026,Regular Season - 7,2026-09-19T14:00:00+00:00,2026-09-19T16:27:35Z,256,Motherwell,AWAY,Dundee,15,4,5,10,5,6,61,9,1,9,1,0,4,547,485,,,API-Football /fixtures/statistics,true,false,false,false,false,false
1556665,179,Premiership,2026,Regular Season - 7,2026-09-19T14:00:00+00:00,2026-09-19T16:27:35Z,249,Hibernian,HOME,Aberdeen,12,2,3,8,4,7,52,6,2,12,2,0,1,450,375,,,API-Football /fixtures/statistics,true,false,false,false,false,false
1556665,179,Premiership,2026,Regular Season - 7,2026-09-19T14:00:00+00:00,2026-09-19T16:27:35Z,252,Aberdeen,AWAY,Hibernian,9,2,6,3,6,1,48,9,3,11,2,0,2,422,333,,,API-Football /fixtures/statistics,true,false,false,false,false,false
1556666,179,Premiership,2026,Regular Season - 7,2026-09-19T16:45:00+00:00,2026-09-19T19:24:40Z,250,Kilmarnock,HOME,Heart Of Midlothian,4,0,1,4,0,3,33,2,,13,2,0,2,273,180,,,API-Football /fixtures/statistics,true,false,false,false,false,false
1556666,179,Premiership,2026,Regular Season - 7,2026-09-19T16:45:00+00:00,2026-09-19T19:24:40Z,254,Heart Of Midlothian,AWAY,Kilmarnock,17,3,8,11,6,6,67,6,,17,2,0,0,535,448,,,API-Football /fixtures/statistics,true,false,false,false,false,false
1556667,179,Premiership,2026,Regular Season - 7,2026-09-19T14:00:00+00:00,2026-09-19T16:27:35Z,1389,Falkirk,AWAY,ST Johnstone,13,4,2,9,4,7,56,8,,18,0,0,4,473,379,,,API-Football /fixtures/statistics,true,false,false,false,false,false
1556667,179,Premiership,2026,Regular Season - 7,2026-09-19T14:00:00+00:00,2026-09-19T16:27:35Z,258,ST Johnstone,HOME,Falkirk,8,5,2,4,4,1,44,3,,13,2,1,3,372,279,,,API-Football /fixtures/statistics,true,false,false,false,false,false
1556668,179,Premiership,2026,Regular Season - 7,2026-09-19T14:00:00+00:00,2026-09-19T16:27:35Z,1386,Dundee Utd,AWAY,ST Mirren,13,9,1,9,4,3,40,7,3,13,2,0,0,350,284,,,API-Football /fixtures/statistics,true,false,false,false,false,false
1556668,179,Premiership,2026,Regular Season - 7,2026-09-19T14:00:00+00:00,2026-09-19T16:27:35Z,251,ST Mirren,HOME,Dundee Utd,10,0,6,6,4,4,60,4,2,13,2,0,6,510,429,,,API-Football /fixtures/statistics,true,false,false,false,false,false
1556669,179,Premiership,2026,Regular Season - 7,2026-09-20T11:00:00+00:00,2026-09-20T13:27:36Z,247,Celtic,HOME,Rangers,5,1,3,4,1,1,55,8,3,16,2,0,6,434,321,,,API-Football /fixtures/statistics,true,false,false,false,false,false
1556669,179,Premiership,2026,Regular Season - 7,2026-09-20T11:00:00+00:00,2026-09-20T13:27:36Z,257,Rangers,AWAY,Celtic,15,8,4,10,5,3,45,4,2,19,3,0,1,359,250,,,API-Football /fixtures/statistics,true,false,false,false,false,false
1557407,39,Premier League,2026,Regular Season - 5,2026-09-20T13:00:00+00:00,2026-09-20T15:27:20Z,35,Bournemouth,HOME,Liverpool,9,2,5,5,4,2,46,3,4,11,1,0,2,382,297,,,API-Football /fixtures/statistics,true,false,false,false,false,false
1557407,39,Premier League,2026,Regular Season - 5,2026-09-20T13:00:00+00:00,2026-09-20T15:27:20Z,40,Liverpool,AWAY,Bournemouth,12,3,3,7,5,6,54,3,2,13,2,0,2,474,384,,,API-Football /fixtures/statistics,true,false,false,false,false,false
1557408,39,Premier League,2026,Regular Season - 5,2026-09-18T19:00:00+00:00,2026-09-18T21:27:13Z,49,Chelsea,AWAY,Brentford,12,2,3,8,4,7,60,12,2,7,0,0,3,497,430,,,API-Football /fixtures/statistics,true,false,false,false,false,false
1557408,39,Premier League,2026,Regular Season - 5,2026-09-18T19:00:00+00:00,2026-09-18T21:27:13Z,55,Brentford,HOME,Chelsea,13,6,3,9,4,4,40,4,2,10,2,0,2,344,274,,,API-Football /fixtures/statistics,true,false,false,false,false,false
1557409,39,Premier League,2026,Regular Season - 5,2026-09-19T14:00:00+00:00,2026-09-19T16:27:35Z,42,Arsenal,AWAY,Brighton,11,2,4,10,1,5,60,6,2,10,1,0,2,502,425,,,API-Football /fixtures/statistics,true,false,false,false,false,false
1557409,39,Premier League,2026,Regular Season - 5,2026-09-19T14:00:00+00:00,2026-09-19T16:27:35Z,51,Brighton,HOME,Arsenal,17,5,9,9,8,3,40,5,0,13,4,0,2,340,258,,,API-Football /fixtures/statistics,true,false,false,false,false,false
1557410,39,Premier League,2026,Regular Season - 5,2026-09-19T14:00:00+00:00,2026-09-19T16:27:35Z,45,Everton,HOME,Ipswich,21,2,11,13,8,8,52,4,1,6,2,0,4,503,422,,,API-Football /fixtures/statistics,true,false,false,false,false,false
1557410,39,Premier League,2026,Regular Season - 5,2026-09-19T14:00:00+00:00,2026-09-19T16:27:35Z,57,Ipswich,AWAY,Everton,13,4,5,9,4,4,48,4,0,12,1,1,1,470,386,,,API-Football /fixtures/statistics,true,false,false,false,false,false
1557412,39,Premier League,2026,Regular Season - 5,2026-09-20T13:00:00+00:00,2026-09-20T15:27:20Z,52,Crystal Palace,AWAY,Leeds,12,4,5,4,8,3,49,3,2,12,3,0,2,417,338,,,API-Football /fixtures/statistics,true,false,false,false,false,false
1557412,39,Premier League,2026,Regular Season - 5,2026-09-20T13:00:00+00:00,2026-09-20T15:27:20Z,63,Leeds,HOME,Crystal Palace,13,2,5,9,4,6,51,4,2,10,2,0,5,416,337,,,API-Football /fixtures/statistics,true,false,false,false,false,false
1557413,39,Premier League,2026,Regular Season - 5,2026-09-20T13:00:00+00:00,2026-09-20T15:27:20Z,50,Manchester City,HOME,Sunderland,16,6,5,12,4,5,55,6,,14,0,0,4,470,403,,,API-Football /fixtures/statistics,true,false,false,false,false,false
1557413,39,Premier League,2026,Regular Season - 5,2026-09-20T13:00:00+00:00,2026-09-20T15:27:20Z,746,Sunderland,AWAY,Manchester City,17,9,5,14,3,3,45,5,,14,1,0,1,384,312,,,API-Football /fixtures/statistics,true,false,false,false,false,false
1557414,39,Premier League,2026,Regular Season - 5,2026-09-19T14:00:00+00:00,2026-09-19T16:27:35Z,34,Newcastle,HOME,Hull City,12,5,5,9,3,2,56,4,2,4,1,0,3,505,448,,,API-Football /fixtures/statistics,true,false,false,false,false,false
1557414,39,Premier League,2026,Regular Season - 5,2026-09-19T14:00:00+00:00,2026-09-19T16:27:35Z,64,Hull City,AWAY,Newcastle,21,4,6,12,9,11,44,7,1,10,4,0,3,369,295,,,API-Football /fixtures/statistics,true,false,false,false,false,false
1557415,39,Premier League,2026,Regular Season - 5,2026-09-19T16:30:00+00:00,2026-09-19T19:24:40Z,1346,Coventry,AWAY,Nottingham Forest,10,3,6,5,5,1,37,2,2,10,0,0,2,308,233,,,API-Football /fixtures/statistics,true,false,false,false,false,false
1557415,39,Premier League,2026,Regular Season - 5,2026-09-19T16:30:00+00:00,2026-09-19T19:24:40Z,65,Nottingham Forest,HOME,Coventry,24,3,9,12,12,12,63,6,2,12,2,0,2,506,428,,,API-Football /fixtures/statistics,true,false,false,false,false,false
1557416,39,Premier League,2026,Regular Season - 5,2026-09-19T11:30:00+00:00,2026-09-19T14:27:28Z,47,Tottenham,HOME,Aston Villa,20,7,9,12,8,4,64,11,5,9,1,0,3,571,497,,,API-Football /fixtures/statistics,true,false,false,false,false,false
1557416,39,Premier League,2026,Regular Season - 5,2026-09-19T11:30:00+00:00,2026-09-19T14:27:28Z,66,Aston Villa,AWAY,Tottenham,15,6,6,9,6,3,36,1,2,13,2,0,5,331,278,,,API-Football /fixtures/statistics,true,false,false,false,false,false
1558635,144,Jupiler Pro League,2026,Regular Season - 7,2026-09-18T18:45:00+00:00,2026-09-18T21:27:13Z,631,Gent,HOME,Standard Liege,11,6,4,10,1,1,45,5,0,11,1,0,3,426,372,,,API-Football /fixtures/statistics,true,false,false,false,false,false
1558635,144,Jupiler Pro League,2026,Regular Season - 7,2026-09-18T18:45:00+00:00,2026-09-18T21:27:13Z,733,Standard Liege,AWAY,Gent,14,4,4,10,4,6,55,6,1,5,0,0,4,538,458,,,API-Football /fixtures/statistics,true,false,false,false,false,false
1558636,144,Jupiler Pro League,2026,Regular Season - 7,2026-09-19T14:00:00+00:00,2026-09-19T16:27:35Z,260,OH Leuven,HOME,RAAL La Louvière,10,4,3,9,1,3,47,3,0,12,3,0,2,435,343,,,API-Football /fixtures/statistics,true,false,false,false,false,false
1558636,144,Jupiler Pro League,2026,Regular Season - 7,2026-09-19T14:00:00+00:00,2026-09-19T16:27:35Z,5902,RAAL La Louvière,AWAY,OH Leuven,7,2,1,4,3,4,53,5,2,17,2,1,2,491,408,,,API-Football /fixtures/statistics,true,false,false,false,false,false
1558637,144,Jupiler Pro League,2026,Regular Season - 7,2026-09-19T16:15:00+00:00,2026-09-19T19:24:40Z,736,Charleroi,HOME,Cercle Brugge,14,7,4,9,5,3,64,3,1,15,2,0,4,574,488,,,API-Football /fixtures/statistics,true,false,false,false,false,false
1558637,144,Jupiler Pro League,2026,Regular Season - 7,2026-09-19T16:15:00+00:00,2026-09-19T19:24:40Z,741,Cercle Brugge,AWAY,Charleroi,7,6,1,7,0,0,36,2,1,14,1,0,4,322,245,,,API-Football /fixtures/statistics,true,false,false,false,false,false
1558638,144,Jupiler Pro League,2026,Regular Season - 7,2026-09-19T18:45:00+00:00,2026-09-19T21:26:08Z,554,Anderlecht,HOME,Zulte Waregem,16,8,4,11,5,4,61,8,3,7,2,0,4,557,491,,,API-Football /fixtures/statistics,true,false,false,false,false,false
1558638,144,Jupiler Pro League,2026,Regular Season - 7,2026-09-19T18:45:00+00:00,2026-09-19T21:26:08Z,600,Zulte Waregem,AWAY,Anderlecht,10,4,5,8,2,1,39,1,7,11,1,0,5,359,290,,,API-Football /fixtures/statistics,true,false,false,false,false,false
1558639,144,Jupiler Pro League,2026,Regular Season - 7,2026-09-19T18:45:00+00:00,2026-09-19T21:26:08Z,259,Lommel United,HOME,KV Mechelen,8,0,6,7,1,2,53,5,1,12,2,0,4,448,379,,,API-Football /fixtures/statistics,true,false,false,false,false,false
1558639,144,Jupiler Pro League,2026,Regular Season - 7,2026-09-19T18:45:00+00:00,2026-09-19T21:26:08Z,266,KV Mechelen,AWAY,Lommel United,15,4,7,11,4,4,47,6,2,16,4,0,0,376,310,,,API-Football /fixtures/statistics,true,false,false,false,false,false
1558640,144,Jupiler Pro League,2026,Regular Season - 7,2026-09-20T11:30:00+00:00,2026-09-20T13:27:36Z,1393,Union St. Gilloise,AWAY,Antwerp,21,11,4,18,3,6,51,7,1,13,2,0,1,431,350,,,API-Football /fixtures/statistics,true,false,false,false,false,false
1558640,144,Jupiler Pro League,2026,Regular Season - 7,2026-09-20T11:30:00+00:00,2026-09-20T13:27:36Z,740,Antwerp,HOME,Union St. Gilloise,7,1,4,3,4,2,49,1,1,16,3,1,8,428,340,,,API-Football /fixtures/statistics,true,false,false,false,false,false
1558641,144,Jupiler Pro League,2026,Regular Season - 7,2026-09-20T14:00:00+00:00,2026-09-20T16:28:28Z,261,KVC Westerlo,AWAY,St. Truiden,19,8,6,13,6,5,48,3,0,10,1,0,3,453,380,,,API-Football /fixtures/statistics,true,false,false,false,false,false
1558641,144,Jupiler Pro League,2026,Regular Season - 7,2026-09-20T14:00:00+00:00,2026-09-20T16:28:28Z,735,St. Truiden,HOME,KVC Westerlo,17,3,11,14,3,3,52,6,1,11,1,0,6,465,392,,,API-Football /fixtures/statistics,true,false,false,false,false,false
1561930,218,Bundesliga,2026,Regular Season - 7,2026-09-19T15:00:00+00:00,2026-09-19T17:25:46Z,1399,Austria Lustenau,HOME,SCR Altach,12,2,7,8,4,3,48,3,0,14,4,0,2,334,227,,,API-Football /fixtures/statistics,true,false,false,false,false,false
1561930,218,Bundesliga,2026,Regular Season - 7,2026-09-19T15:00:00+00:00,2026-09-19T17:25:46Z,618,SCR Altach,AWAY,Austria Lustenau,11,2,8,7,4,1,52,7,8,8,1,0,0,359,254,,,API-Football /fixtures/statistics,true,false,false,false,false,false
1561931,218,Bundesliga,2026,Regular Season - 7,2026-09-19T17:30:00+00:00,2026-09-19T20:27:11Z,4256,Grazer AK,HOME,Austria Vienna,13,5,8,6,7,0,48,2,1,12,5,0,2,389,236,,,API-Football /fixtures/statistics,true,false,false,false,false,false
1561931,218,Bundesliga,2026,Regular Season - 7,2026-09-19T17:30:00+00:00,2026-09-19T20:27:11Z,601,Austria Vienna,AWAY,Grazer AK,11,4,5,8,3,2,52,4,1,9,3,0,3,423,288,,,API-Football /fixtures/statistics,true,false,false,false,false,false
1561932,218,Bundesliga,2026,Regular Season - 7,2026-09-20T12:30:00+00:00,2026-09-20T14:27:21Z,1026,Lask Linz,AWAY,TSV Hartberg,17,7,5,9,8,5,60,9,1,5,0,0,0,515,432,,,API-Football /fixtures/statistics,true,false,false,false,false,false
1561932,218,Bundesliga,2026,Regular Season - 7,2026-09-20T12:30:00+00:00,2026-09-20T14:27:21Z,1072,TSV Hartberg,HOME,Lask Linz,10,3,3,4,6,4,40,1,6,16,4,0,4,348,276,,,API-Football /fixtures/statistics,true,false,false,false,false,false
1561933,218,Bundesliga,2026,Regular Season - 7,2026-09-20T12:30:00+00:00,2026-09-20T14:27:21Z,1025,Wolfsberger AC,AWAY,Ried,26,5,15,16,10,6,53,9,1,13,4,0,7,419,348,,,API-Football /fixtures/statistics,true,false,false,false,false,false
1561933,218,Bundesliga,2026,Regular Season - 7,2026-09-20T12:30:00+00:00,2026-09-20T14:27:21Z,1028,Ried,HOME,Wolfsberger AC,20,11,8,17,3,1,47,0,2,9,3,0,4,393,318,,,API-Football /fixtures/statistics,true,false,false,false,false,false
1561935,218,Bundesliga,2026,Regular Season - 7,2026-09-18T17:30:00+00:00,2026-09-18T20:28:12Z,1398,WSG Wattens,AWAY,Rapid Vienna,5,1,2,3,2,2,43,3,6,13,2,0,5,409,345,,,API-Football /fixtures/statistics,true,false,false,false,false,false
1561935,218,Bundesliga,2026,Regular Season - 7,2026-09-18T17:30:00+00:00,2026-09-18T20:28:12Z,781,Rapid Vienna,HOME,WSG Wattens,17,7,8,13,4,2,57,6,4,6,4,0,1,552,472,,,API-Football /fixtures/statistics,true,false,false,false,false,false
1570383,140,La Liga,2026,Regular Season - 6,2026-09-15T18:00:00+00:00,2026-09-18T10:34:45Z,532,Valencia,AWAY,Alaves,10,3,2,5,5,5,57,5,4,14,4,,3,475,389,82,0.65,API-Football /fixtures/statistics,true,false,false,false,false,false
1570383,140,La Liga,2026,Regular Season - 6,2026-09-15T18:00:00+00:00,2026-09-18T10:34:45Z,542,Alaves,HOME,Valencia,15,3,8,11,4,4,43,2,3,7,1,,2,344,271,79,1.05,API-Football /fixtures/statistics,true,false,false,false,false,false
1570384,140,La Liga,2026,Regular Season - 6,2026-09-16T17:00:00+00:00,2026-09-18T10:34:45Z,530,Atletico Madrid,HOME,Osasuna,26,11,7,18,8,8,68,8,1,8,1,0,1,657,581,,,API-Football /fixtures/statistics,true,false,false,false,false,false
1570384,140,La Liga,2026,Regular Season - 6,2026-09-16T17:00:00+00:00,2026-09-18T10:34:45Z,727,Osasuna,AWAY,Atletico Madrid,3,1,1,3,0,1,32,0,1,12,2,0,7,313,232,,,API-Football /fixtures/statistics,true,false,false,false,false,false
1570385,140,La Liga,2026,Regular Season - 6,2026-09-16T19:30:00+00:00,2026-09-18T10:34:45Z,4665,Racing Santander,AWAY,Barcelona,5,3,2,5,0,0,31,0,2,13,2,0,3,288,226,,,API-Football /fixtures/statistics,true,false,false,false,false,false
1570385,140,La Liga,2026,Regular Season - 6,2026-09-16T19:30:00+00:00,2026-09-18T10:34:45Z,529,Barcelona,HOME,Racing Santander,30,9,15,23,7,6,69,18,3,10,3,0,0,646,589,,,API-Football /fixtures/statistics,true,false,false,false,false,false
1570387,140,La Liga,2026,Regular Season - 6,2026-09-16T17:00:00+00:00,2026-09-18T10:34:45Z,536,Sevilla,AWAY,Deportivo La Coruna,11,6,3,5,6,2,47,4,,16,4,0,3,443,364,,,API-Football /fixtures/statistics,true,false,false,false,false,false
1570387,140,La Liga,2026,Regular Season - 6,2026-09-16T17:00:00+00:00,2026-09-18T10:34:45Z,544,Deportivo La Coruna,HOME,Sevilla,4,3,1,1,3,0,53,4,,15,1,1,5,500,428,,,API-Football /fixtures/statistics,true,false,false,false,false,false
1570388,140,La Liga,2026,Regular Season - 6,2026-09-15T19:30:00+00:00,2026-09-18T10:34:45Z,541,Real Madrid,AWAY,Elche,20,4,11,15,5,5,44,5,5,8,2,,1,430,383,89,3.61,API-Football /fixtures/statistics,true,false,false,false,false,false
1570388,140,La Liga,2026,Regular Season - 6,2026-09-15T19:30:00+00:00,2026-09-18T10:34:45Z,797,Elche,HOME,Real Madrid,11,3,6,7,4,2,56,2,1,21,4,,2,542,493,91,0.78,API-Football /fixtures/statistics,true,false,false,false,false,false
1570391,140,La Liga,2026,Regular Season - 6,2026-09-15T17:00:00+00:00,2026-09-18T10:34:45Z,540,Espanyol,AWAY,Rayo Vallecano,19,5,7,12,7,7,45,5,2,15,1,1,0,361,285,79,1.49,API-Football /fixtures/statistics,true,false,false,false,false,false
1570391,140,La Liga,2026,Regular Season - 6,2026-09-15T17:00:00+00:00,2026-09-18T10:34:45Z,728,Rayo Vallecano,HOME,Espanyol,16,2,10,9,7,4,55,3,0,10,5,0,3,450,370,82,1.52,API-Football /fixtures/statistics,true,false,false,false,false,false
1570392,140,La Liga,2026,Regular Season - 6,2026-09-03T19:00:00+00:00,2026-09-18T00:32:43Z,538,Celta Vigo,AWAY,Real Sociedad,7,2,3,3,4,2,49,3,1,11,3,,5,522,452,87,0.43,API-Football /fixtures/statistics,true,false,false,false,false,false
1570392,140,La Liga,2026,Regular Season - 6,2026-09-03T19:00:00+00:00,2026-09-18T00:32:43Z,548,Real Sociedad,HOME,Celta Vigo,16,5,3,6,10,8,51,11,2,15,2,,2,526,452,86,1.05,API-Football /fixtures/statistics,true,false,false,false,false,false
1570393,140,La Liga,2026,Regular Season - 7,2026-09-19T14:15:00+00:00,2026-09-19T17:25:46Z,531,Athletic Club,HOME,Alaves,24,6,10,9,15,8,69,5,0,14,2,0,0,621,560,,,API-Football /fixtures/statistics,true,false,false,false,false,false
1570393,140,La Liga,2026,Regular Season - 7,2026-09-19T14:15:00+00:00,2026-09-19T17:25:46Z,542,Alaves,AWAY,Athletic Club,2,0,2,0,2,0,31,1,3,13,0,0,6,279,208,,,API-Football /fixtures/statistics,true,false,false,false,false,false
1570394,140,La Liga,2026,Regular Season - 7,2026-09-20T14:15:00+00:00,2026-09-20T16:28:28Z,530,Atletico Madrid,HOME,Real Madrid,18,9,4,13,5,5,61,3,2,19,2,0,2,618,556,,,API-Football /fixtures/statistics,true,false,false,false,false,false
1570394,140,La Liga,2026,Regular Season - 7,2026-09-20T14:15:00+00:00,2026-09-20T16:28:28Z,541,Real Madrid,AWAY,Atletico Madrid,8,3,4,3,5,1,39,1,2,6,2,1,5,394,338,,,API-Football /fixtures/statistics,true,false,false,false,false,false
1570395,140,La Liga,2026,Regular Season - 7,2026-09-19T16:30:00+00:00,2026-09-19T19:24:40Z,4665,Racing Santander,AWAY,Celta Vigo,11,5,4,6,5,2,59,3,1,11,5,0,4,606,539,,,API-Football /fixtures/statistics,true,false,false,false,false,false
1570395,140,La Liga,2026,Regular Season - 7,2026-09-19T16:30:00+00:00,2026-09-19T19:24:40Z,538,Celta Vigo,HOME,Racing Santander,13,9,2,8,5,2,41,3,3,13,2,0,5,429,372,,,API-Football /fixtures/statistics,true,false,false,false,false,false
1570397,140,La Liga,2026,Regular Season - 7,2026-09-18T19:00:00+00:00,2026-09-18T21:27:13Z,540,Espanyol,HOME,Elche,23,4,14,13,10,5,66,3,9,14,2,0,3,509,448,,,API-Football /fixtures/statistics,true,false,false,false,false,false
1570397,140,La Liga,2026,Regular Season - 7,2026-09-18T19:00:00+00:00,2026-09-18T21:27:13Z,797,Elche,AWAY,Espanyol,9,6,2,6,3,1,34,3,2,9,2,1,4,282,193,,,API-Football /fixtures/statistics,true,false,false,false,false,false
1570398,140,La Liga,2026,Regular Season - 7,2026-09-20T12:00:00+00:00,2026-09-20T14:27:21Z,535,Malaga,AWAY,Getafe,11,4,2,6,5,5,55,9,1,16,2,0,6,416,353,,,API-Football /fixtures/statistics,true,false,false,false,false,false
1570398,140,La Liga,2026,Regular Season - 7,2026-09-20T12:00:00+00:00,2026-09-20T14:27:21Z,546,Getafe,HOME,Malaga,20,7,9,11,9,4,45,5,0,16,4,0,4,327,274,,,API-Football /fixtures/statistics,true,false,false,false,false,false
1570399,140,La Liga,2026,Regular Season - 7,2026-09-19T12:00:00+00:00,2026-09-19T14:27:28Z,727,Osasuna,HOME,Rayo Vallecano,9,3,4,8,1,2,37,4,2,21,3,0,1,269,189,,,API-Football /fixtures/statistics,true,false,false,false,false,false
1570399,140,La Liga,2026,Regular Season - 7,2026-09-19T12:00:00+00:00,2026-09-19T14:27:28Z,728,Rayo Vallecano,AWAY,Osasuna,19,2,9,6,13,8,63,4,0,13,2,0,2,477,396,,,API-Football /fixtures/statistics,true,false,false,false,false,false
1570400,140,La Liga,2026,Regular Season - 7,2026-09-19T19:00:00+00:00,2026-09-19T21:26:08Z,529,Barcelona,AWAY,Sevilla,24,7,12,12,12,5,70,3,2,11,0,0,2,642,581,,,API-Football /fixtures/statistics,true,false,false,false,false,false
1570400,140,La Liga,2026,Regular Season - 7,2026-09-19T19:00:00+00:00,2026-09-19T21:26:08Z,536,Sevilla,HOME,Barcelona,7,3,4,3,4,0,30,1,5,10,1,0,5,278,203,,,API-Football /fixtures/statistics,true,false,false,false,false,false
1575167,78,Bundesliga,2026,Regular Season - 4,2026-09-18T18:30:00+00:00,2026-09-18T20:28:12Z,157,Bayern München,HOME,Union Berlin,23,15,3,14,9,5,68,9,2,12,1,0,2,638,586,,,API-Football /fixtures/statistics,true,false,false,false,false,false
1575167,78,Bundesliga,2026,Regular Season - 4,2026-09-18T18:30:00+00:00,2026-09-18T20:28:12Z,182,Union Berlin,AWAY,Bayern München,3,2,1,2,1,0,32,2,2,9,3,0,6,298,224,,,API-Football /fixtures/statistics,true,false,false,false,false,false
1575168,78,Bundesliga,2026,Regular Season - 4,2026-09-19T16:30:00+00:00,2026-09-19T19:24:40Z,165,Borussia Dortmund,AWAY,VfB Stuttgart,13,2,6,10,3,5,44,2,1,14,5,0,5,432,335,,,API-Football /fixtures/statistics,true,false,false,false,false,false
1575168,78,Bundesliga,2026,Regular Season - 4,2026-09-19T16:30:00+00:00,2026-09-19T19:24:40Z,172,VfB Stuttgart,HOME,Borussia Dortmund,12,5,6,8,4,1,56,6,4,9,2,0,1,544,472,,,API-Football /fixtures/statistics,true,false,false,false,false,false
1575169,78,Bundesliga,2026,Regular Season - 4,2026-09-20T13:30:00+00:00,2026-09-20T15:27:20Z,168,Bayer Leverkusen,HOME,RB Leipzig,18,6,11,14,4,1,51,9,1,14,2,0,3,484,414,,,API-Football /fixtures/statistics,true,false,false,false,false,false
1575169,78,Bundesliga,2026,Regular Season - 4,2026-09-20T13:30:00+00:00,2026-09-20T15:27:20Z,173,RB Leipzig,AWAY,Bayer Leverkusen,12,3,6,7,5,3,49,6,1,8,3,0,4,470,410,,,API-Football /fixtures/statistics,true,false,false,false,false,false
1575170,78,Bundesliga,2026,Regular Season - 4,2026-09-19T13:30:00+00:00,2026-09-19T15:26:33Z,160,SC Freiburg,AWAY,Eintracht Frankfurt,22,7,12,17,5,3,60,5,2,11,2,0,1,456,374,,,API-Football /fixtures/statistics,true,false,false,false,false,false
1575170,78,Bundesliga,2026,Regular Season - 4,2026-09-19T13:30:00+00:00,2026-09-19T15:26:33Z,169,Eintracht Frankfurt,HOME,SC Freiburg,10,3,6,9,1,1,40,3,1,12,2,0,5,335,256,,,API-Football /fixtures/statistics,true,false,false,false,false,false
1575171,78,Bundesliga,2026,Regular Season - 4,2026-09-19T13:30:00+00:00,2026-09-19T15:26:33Z,175,Hamburger SV,HOME,1. FC Köln,12,7,4,7,5,1,45,3,2,12,1,0,4,267,202,,,API-Football /fixtures/statistics,true,false,false,false,false,false
1575171,78,Bundesliga,2026,Regular Season - 4,2026-09-19T13:30:00+00:00,2026-09-19T15:26:33Z,192,1. FC Köln,AWAY,Hamburger SV,18,5,6,12,6,7,55,5,1,14,3,0,5,566,499,,,API-Football /fixtures/statistics,true,false,false,false,false,false
1575172,78,Bundesliga,2026,Regular Season - 4,2026-09-19T13:30:00+00:00,2026-09-19T16:27:35Z,162,Werder Bremen,HOME,FC Augsburg,20,11,6,16,4,3,59,2,2,10,2,0,2,683,601,,,API-Football /fixtures/statistics,true,false,false,false,false,false
1575172,78,Bundesliga,2026,Regular Season - 4,2026-09-19T13:30:00+00:00,2026-09-19T16:27:35Z,170,FC Augsburg,AWAY,Werder Bremen,7,4,1,5,2,2,41,2,1,11,2,0,7,357,261,,,API-Football /fixtures/statistics,true,false,false,false,false,false
1575174,78,Bundesliga,2026,Regular Season - 4,2026-09-19T13:30:00+00:00,2026-09-19T16:27:35Z,163,Borussia Mönchengladbach,HOME,FSV Mainz 05,21,7,7,15,6,7,47,6,0,12,6,0,4,421,333,,,API-Football /fixtures/statistics,true,false,false,false,false,false
1575174,78,Bundesliga,2026,Regular Season - 4,2026-09-19T13:30:00+00:00,2026-09-19T16:27:35Z,164,FSV Mainz 05,AWAY,Borussia Mönchengladbach,17,8,7,15,2,2,53,4,2,14,5,0,4,481,390,,,API-Football /fixtures/statistics,true,false,false,false,false,false
1575500,94,Primeira Liga,2026,Regular Season - 7,2026-09-19T17:00:00+00:00,2026-09-19T19:24:40Z,226,Rio Ave,AWAY,Alverca,6,3,2,1,5,1,52,3,1,8,2,0,5,401,331,,,API-Football /fixtures/statistics,true,false,false,false,false,false
1575500,94,Primeira Liga,2026,Regular Season - 7,2026-09-19T17:00:00+00:00,2026-09-19T19:24:40Z,4724,Alverca,HOME,Rio Ave,23,6,11,16,7,6,48,8,2,12,2,0,3,351,285,,,API-Football /fixtures/statistics,true,false,false,false,false,false
1575502,94,Primeira Liga,2026,Regular Season - 7,2026-09-20T14:30:00+00:00,2026-09-20T16:28:28Z,15130,Estrela,HOME,Academico Viseu,16,2,9,10,6,5,59,5,,10,2,0,2,452,380,,,API-Football /fixtures/statistics,true,false,false,false,false,false
1575502,94,Primeira Liga,2026,Regular Season - 7,2026-09-20T14:30:00+00:00,2026-09-20T16:28:28Z,238,Academico Viseu,AWAY,Estrela,8,4,2,6,2,2,41,2,,11,3,0,2,325,256,,,API-Football /fixtures/statistics,true,false,false,false,false,false
1575504,94,Primeira Liga,2026,Regular Season - 7,2026-09-19T14:30:00+00:00,2026-09-19T17:25:46Z,214,Maritimo,AWAY,GIL Vicente,10,3,4,7,3,3,40,3,0,13,1,0,3,330,277,,,API-Football /fixtures/statistics,true,false,false,false,false,false
1575504,94,Primeira Liga,2026,Regular Season - 7,2026-09-19T14:30:00+00:00,2026-09-19T17:25:46Z,762,GIL Vicente,HOME,Maritimo,19,4,8,11,8,7,60,4,3,9,1,0,2,505,451,,,API-Football /fixtures/statistics,true,false,false,false,false,false
1575505,94,Primeira Liga,2026,Regular Season - 7,2026-09-19T14:30:00+00:00,2026-09-19T17:25:46Z,225,Nacional,HOME,Famalicao,12,3,6,7,5,3,55,7,0,11,1,1,3,487,433,,,API-Football /fixtures/statistics,true,false,false,false,false,false
1575505,94,Primeira Liga,2026,Regular Season - 7,2026-09-19T14:30:00+00:00,2026-09-19T17:25:46Z,242,Famalicao,AWAY,Nacional,12,7,3,7,5,2,45,3,1,10,3,0,3,403,345,,,API-Football /fixtures/statistics,true,false,false,false,false,false
1575507,94,Primeira Liga,2026,Regular Season - 7,2026-09-19T19:30:00+00:00,2026-09-20T00:36:05Z,228,Sporting CP,HOME,Arouca,10,3,2,8,2,5,54,4,2,9,4,1,4,480,421,,,API-Football /fixtures/statistics,true,false,false,false,false,false
1575507,94,Primeira Liga,2026,Regular Season - 7,2026-09-19T19:30:00+00:00,2026-09-20T00:36:05Z,240,Arouca,AWAY,Sporting CP,15,5,9,8,7,1,46,2,0,17,5,0,1,391,346,,,API-Football /fixtures/statistics,true,false,false,false,false,false
1584413,203,Süper Lig,2026,Regular Season - 6,2026-09-19T17:00:00+00:00,2026-09-19T19:24:40Z,564,Başakşehir,HOME,Gençlerbirliği S.K.,17,11,3,11,6,3,53,3,2,11,2,,0,463,406,88,2.71,API-Football /fixtures/statistics,true,false,false,false,false,false
1584413,203,Süper Lig,2026,Regular Season - 6,2026-09-19T17:00:00+00:00,2026-09-19T19:24:40Z,997,Gençlerbirliği S.K.,AWAY,Başakşehir,6,0,2,2,4,4,47,6,3,9,1,,7,410,346,84,0.37,API-Football /fixtures/statistics,true,false,false,false,false,false
1584414,203,Süper Lig,2026,Regular Season - 6,2026-09-19T14:00:00+00:00,2026-09-19T16:27:35Z,6343,Çorum FK,HOME,Alanyaspor,11,4,4,7,4,3,67,3,1,18,4,,2,569,505,89,1.04,API-Football /fixtures/statistics,true,false,false,false,false,false
1584414,203,Süper Lig,2026,Regular Season - 6,2026-09-19T14:00:00+00:00,2026-09-19T16:27:35Z,996,Alanyaspor,AWAY,Çorum FK,8,4,3,5,3,1,33,2,0,6,0,,3,279,224,80,1.13,API-Football /fixtures/statistics,true,false,false,false,false,false
1584415,203,Süper Lig,2026,Regular Season - 6,2026-09-20T14:00:00+00:00,2026-09-20T16:28:28Z,1009,Erzurumspor FK,HOME,Samsunspor,8,2,4,6,2,2,43,3,0,7,3,,2,405,334,82,0.77,API-Football /fixtures/statistics,true,false,false,false,false,false
1584415,203,Süper Lig,2026,Regular Season - 6,2026-09-20T14:00:00+00:00,2026-09-20T16:28:28Z,3603,Samsunspor,AWAY,Erzurumspor FK,8,2,6,2,6,0,57,5,2,10,2,,1,553,481,87,0.4,API-Football /fixtures/statistics,true,false,false,false,false,false
1584416,203,Süper Lig,2026,Regular Season - 6,2026-09-20T14:00:00+00:00,2026-09-20T16:28:28Z,3588,Eyüpspor,AWAY,Fenerbahçe,16,6,6,6,10,4,45,5,0,5,,,5,364,314,86,0.76,API-Football /fixtures/statistics,true,false,false,false,false,false
1584416,203,Süper Lig,2026,Regular Season - 6,2026-09-20T14:00:00+00:00,2026-09-20T16:28:28Z,611,Fenerbahçe,HOME,Eyüpspor,23,13,4,18,5,6,55,8,4,11,,,6,445,403,91,4.9,API-Football /fixtures/statistics,true,false,false,false,false,false
1584418,203,Süper Lig,2026,Regular Season - 6,2026-09-18T17:00:00+00:00,2026-09-18T20:28:12Z,1004,Kasımpaşa,HOME,Konyaspor,13,2,5,8,5,6,47,6,2,17,3,,4,363,280,77,0.56,API-Football /fixtures/statistics,true,false,false,false,false,false
1584418,203,Süper Lig,2026,Regular Season - 6,2026-09-18T17:00:00+00:00,2026-09-18T20:28:12Z,607,Konyaspor,AWAY,Kasımpaşa,11,4,4,8,3,3,53,4,3,16,4,,2,415,330,80,1.15,API-Football /fixtures/statistics,true,false,false,false,false,false
1584419,203,Süper Lig,2026,Regular Season - 6,2026-09-19T14:00:00+00:00,2026-09-19T17:25:46Z,3573,Gaziantep FK,AWAY,Kocaelispor,15,3,10,10,5,2,48,1,2,9,2,,2,383,309,81,0.85,API-Football /fixtures/statistics,true,false,false,false,false,false
1584419,203,Süper Lig,2026,Regular Season - 6,2026-09-19T14:00:00+00:00,2026-09-19T17:25:46Z,7411,Kocaelispor,HOME,Gaziantep FK,16,4,6,10,6,6,52,1,1,14,1,,3,406,332,82,0.97,API-Football /fixtures/statistics,true,false,false,false,false,false
1584420,203,Süper Lig,2026,Regular Season - 6,2026-09-19T17:00:00+00:00,2026-09-19T20:27:11Z,645,Galatasaray,AWAY,Trabzonspor,13,3,5,8,5,5,54,5,0,18,1,1,0,430,350,81,0.86,API-Football /fixtures/statistics,true,false,false,false,false,false
1584420,203,Süper Lig,2026,Regular Season - 6,2026-09-19T17:00:00+00:00,2026-09-19T20:27:11Z,998,Trabzonspor,HOME,Galatasaray,7,4,3,7,0,0,46,1,3,15,4,0,2,371,299,81,2.28,API-Football /fixtures/statistics,true,false,false,false,false,false
