factor,bucket,scope_type,scope_value,seasons_with_matches,total_matches,min_season_matches,max_season_matches,home_roi_observed_seasons,home_roi_positive_seasons,draw_roi_observed_seasons,draw_roi_positive_seasons,away_roi_observed_seasons,away_roi_positive_seasons,over25_roi_observed_seasons,over25_roi_positive_seasons,under25_roi_observed_seasons,under25_roi_positive_seasons,home_calibration_observed_seasons,home_calibration_positive_seasons,over25_calibration_observed_seasons,over25_calibration_positive_seasons,research_only,operational_betting_authority,creates_signal
DRAW_SAFE_PATH_SIDE,AWAY_ONLY,ALL,ALL,9,33,2,8,7,4,7,2,7,1,7,5,7,1,7,5,7,5,true,false,false
DRAW_SAFE_PATH_SIDE,AWAY_ONLY,LEAGUE,D1,6,10,1,3,5,3,5,2,5,1,5,4,5,1,5,3,5,4,true,false,false
DRAW_SAFE_PATH_SIDE,AWAY_ONLY,LEAGUE,E0,5,5,1,1,4,3,4,0,4,1,4,3,4,1,4,3,4,3,true,false,false
DRAW_SAFE_PATH_SIDE,AWAY_ONLY,LEAGUE,F1,5,9,1,3,4,3,4,0,4,1,4,3,4,0,4,3,4,4,true,false,false
DRAW_SAFE_PATH_SIDE,AWAY_ONLY,LEAGUE,I1,3,5,1,2,1,0,1,1,1,0,1,0,1,1,1,0,1,0,true,false,false
DRAW_SAFE_PATH_SIDE,AWAY_ONLY,LEAGUE,SP1,4,4,1,1,3,3,3,0,3,0,3,2,3,1,3,3,3,2,true,false,false
DRAW_SAFE_PATH_SIDE,HOME_ONLY,ALL,ALL,9,49,2,9,7,2,7,1,7,2,7,3,7,3,7,4,7,4,true,false,false
DRAW_SAFE_PATH_SIDE,HOME_ONLY,LEAGUE,D1,9,17,1,3,7,4,7,2,7,1,7,3,7,3,7,4,7,3,true,false,false
DRAW_SAFE_PATH_SIDE,HOME_ONLY,LEAGUE,E0,4,7,1,3,3,1,3,0,3,2,3,2,3,1,3,1,3,2,true,false,false
DRAW_SAFE_PATH_SIDE,HOME_ONLY,LEAGUE,F1,8,10,1,2,6,3,6,0,6,3,6,2,6,4,6,3,6,2,true,false,false
DRAW_SAFE_PATH_SIDE,HOME_ONLY,LEAGUE,I1,4,5,1,2,4,0,4,0,4,4,4,3,4,1,4,0,4,3,true,false,false
DRAW_SAFE_PATH_SIDE,HOME_ONLY,LEAGUE,SP1,6,10,1,2,5,1,5,1,5,3,5,2,5,2,5,1,5,2,true,false,false
DRAW_SAFE_PATH_SIDE,NEITHER,ALL,ALL,9,15549,1671,1768,7,1,7,1,7,1,7,0,7,0,7,3,7,5,true,false,false
DRAW_SAFE_PATH_SIDE,NEITHER,LEAGUE,D1,9,2646,291,296,7,3,7,4,7,2,7,1,7,0,7,3,7,6,true,false,false
DRAW_SAFE_PATH_SIDE,NEITHER,LEAGUE,E0,9,3310,362,370,7,2,7,2,7,2,7,1,7,1,7,3,7,3,true,false,false
DRAW_SAFE_PATH_SIDE,NEITHER,LEAGUE,F1,9,2984,269,368,7,3,7,1,7,3,7,2,7,0,7,3,7,4,true,false,false
DRAW_SAFE_PATH_SIDE,NEITHER,LEAGUE,I1,9,3307,361,370,7,0,7,2,7,3,7,1,7,1,7,0,7,4,true,false,false
DRAW_SAFE_PATH_SIDE,NEITHER,LEAGUE,SP1,9,3302,354,369,7,2,7,3,7,0,7,0,7,1,7,5,7,3,true,false,false
DRAW_SAFE_PATH_SIDE,UNKNOWN,ALL,ALL,9,480,48,84,7,0,7,2,7,3,7,3,7,2,7,1,7,5,true,false,false
DRAW_SAFE_PATH_SIDE,UNKNOWN,LEAGUE,D1,9,81,9,9,7,3,7,2,7,2,7,5,7,2,7,5,7,5,true,false,false
DRAW_SAFE_PATH_SIDE,UNKNOWN,LEAGUE,E0,9,98,10,18,7,2,7,3,7,1,7,3,7,2,7,3,7,3,true,false,false
DRAW_SAFE_PATH_SIDE,UNKNOWN,LEAGUE,F1,9,94,9,17,7,3,7,2,7,4,7,4,7,3,7,4,7,4,true,false,false
DRAW_SAFE_PATH_SIDE,UNKNOWN,LEAGUE,I1,9,103,10,17,7,0,7,2,7,3,7,5,7,2,7,2,7,5,true,false,false
DRAW_SAFE_PATH_SIDE,UNKNOWN,LEAGUE,SP1,9,104,10,24,7,2,7,4,7,3,7,4,7,2,7,1,7,4,true,false,false
DRAW_TITLE_PATH_SIDE,AWAY_ONLY,ALL,ALL,9,193,14,27,7,3,7,6,7,2,7,2,7,3,7,3,7,3,true,false,false
DRAW_TITLE_PATH_SIDE,AWAY_ONLY,LEAGUE,D1,9,35,2,6,7,2,7,5,7,2,7,4,7,2,7,3,7,5,true,false,false
DRAW_TITLE_PATH_SIDE,AWAY_ONLY,LEAGUE,E0,9,33,2,7,7,4,7,4,7,1,7,4,7,3,7,3,7,4,true,false,false
DRAW_TITLE_PATH_SIDE,AWAY_ONLY,LEAGUE,F1,9,44,2,10,7,4,7,3,7,3,7,2,7,4,7,4,7,3,true,false,false
DRAW_TITLE_PATH_SIDE,AWAY_ONLY,LEAGUE,I1,9,43,3,7,7,2,7,4,7,4,7,5,7,2,7,3,7,5,true,false,false
DRAW_TITLE_PATH_SIDE,AWAY_ONLY,LEAGUE,SP1,9,38,2,7,7,3,7,4,7,1,7,2,7,3,7,3,7,2,true,false,false
DRAW_TITLE_PATH_SIDE,BOTH,ALL,ALL,7,13,1,3,5,2,5,1,5,3,5,5,5,0,5,2,5,5,true,false,false
DRAW_TITLE_PATH_SIDE,BOTH,LEAGUE,D1,2,2,1,1,2,1,2,1,2,0,2,2,2,0,2,1,2,2,true,false,false
DRAW_TITLE_PATH_SIDE,BOTH,LEAGUE,E0,1,1,1,1,1,1,1,0,1,0,1,1,1,0,1,1,1,1,true,false,false
DRAW_TITLE_PATH_SIDE,BOTH,LEAGUE,F1,3,3,1,1,2,1,2,0,2,1,2,2,2,0,2,1,2,2,true,false,false
DRAW_TITLE_PATH_SIDE,BOTH,LEAGUE,I1,3,3,1,1,2,0,2,0,2,2,2,1,2,1,2,0,2,1,true,false,false
DRAW_TITLE_PATH_SIDE,BOTH,LEAGUE,SP1,4,4,1,1,2,1,2,0,2,1,2,2,2,0,2,1,2,2,true,false,false
DRAW_TITLE_PATH_SIDE,HOME_ONLY,ALL,ALL,9,178,14,29,7,3,7,2,7,2,7,4,7,2,7,4,7,5,true,false,false
DRAW_TITLE_PATH_SIDE,HOME_ONLY,LEAGUE,D1,9,29,1,5,7,4,7,2,7,4,7,2,7,5,7,4,7,2,true,false,false
DRAW_TITLE_PATH_SIDE,HOME_ONLY,LEAGUE,E0,9,43,1,12,7,4,7,4,7,1,7,5,7,1,7,6,7,6,true,false,false
DRAW_TITLE_PATH_SIDE,HOME_ONLY,LEAGUE,F1,9,29,1,6,7,4,7,5,7,2,7,4,7,2,7,4,7,5,true,false,false
DRAW_TITLE_PATH_SIDE,HOME_ONLY,LEAGUE,I1,9,41,2,7,7,2,7,3,7,2,7,5,7,2,7,4,7,5,true,false,false
DRAW_TITLE_PATH_SIDE,HOME_ONLY,LEAGUE,SP1,9,36,2,6,7,2,7,3,7,4,7,3,7,3,7,4,7,3,true,false,false
DRAW_TITLE_PATH_SIDE,NEITHER,ALL,ALL,9,15247,1645,1739,7,1,7,1,7,1,7,0,7,0,7,3,7,4,true,false,false
DRAW_TITLE_PATH_SIDE,NEITHER,LEAGUE,D1,9,2607,288,292,7,3,7,4,7,2,7,2,7,0,7,3,7,6,true,false,false
DRAW_TITLE_PATH_SIDE,NEITHER,LEAGUE,E0,9,3245,350,365,7,2,7,1,7,2,7,1,7,2,7,3,7,3,true,false,false
DRAW_TITLE_PATH_SIDE,NEITHER,LEAGUE,F1,9,2927,265,363,7,2,7,1,7,2,7,2,7,0,7,4,7,5,true,false,false
DRAW_TITLE_PATH_SIDE,NEITHER,LEAGUE,I1,9,3230,351,364,7,0,7,2,7,3,7,1,7,1,7,1,7,4,true,false,false
DRAW_TITLE_PATH_SIDE,NEITHER,LEAGUE,SP1,9,3238,348,364,7,2,7,4,7,0,7,0,7,1,7,4,7,3,true,false,false
DRAW_TITLE_PATH_SIDE,UNKNOWN,ALL,ALL,9,480,48,84,7,0,7,2,7,3,7,3,7,2,7,1,7,5,true,false,false
DRAW_TITLE_PATH_SIDE,UNKNOWN,LEAGUE,D1,9,81,9,9,7,3,7,2,7,2,7,5,7,2,7,5,7,5,true,false,false
DRAW_TITLE_PATH_SIDE,UNKNOWN,LEAGUE,E0,9,98,10,18,7,2,7,3,7,1,7,3,7,2,7,3,7,3,true,false,false
DRAW_TITLE_PATH_SIDE,UNKNOWN,LEAGUE,F1,9,94,9,17,7,3,7,2,7,4,7,4,7,3,7,4,7,4,true,false,false
DRAW_TITLE_PATH_SIDE,UNKNOWN,LEAGUE,I1,9,103,10,17,7,0,7,2,7,3,7,5,7,2,7,2,7,5,true,false,false
DRAW_TITLE_PATH_SIDE,UNKNOWN,LEAGUE,SP1,9,104,10,24,7,2,7,4,7,3,7,4,7,2,7,1,7,4,true,false,false
HIGH_PRESSURE_SIDE,AWAY_ONLY,ALL,ALL,9,983,88,127,7,2,7,5,7,1,7,2,7,3,7,5,7,2,true,false,false
HIGH_PRESSURE_SIDE,AWAY_ONLY,LEAGUE,D1,9,173,16,23,7,2,7,5,7,4,7,2,7,4,7,2,7,3,true,false,false
HIGH_PRESSURE_SIDE,AWAY_ONLY,LEAGUE,E0,9,224,17,28,7,4,7,5,7,1,7,5,7,2,7,6,7,5,true,false,false
HIGH_PRESSURE_SIDE,AWAY_ONLY,LEAGUE,F1,9,175,2,30,7,3,7,2,7,2,7,3,7,1,7,4,7,5,true,false,false
HIGH_PRESSURE_SIDE,AWAY_ONLY,LEAGUE,I1,9,206,18,26,7,4,7,3,7,0,7,2,7,4,7,4,7,3,true,false,false
HIGH_PRESSURE_SIDE,AWAY_ONLY,LEAGUE,SP1,9,205,18,28,7,3,7,2,7,5,7,2,7,2,7,4,7,5,true,false,false
HIGH_PRESSURE_SIDE,BOTH,ALL,ALL,9,415,28,67,7,1,7,1,7,3,7,3,7,4,7,4,7,3,true,false,false
HIGH_PRESSURE_SIDE,BOTH,LEAGUE,D1,9,71,4,12,7,2,7,3,7,3,7,0,7,4,7,2,7,2,true,false,false
HIGH_PRESSURE_SIDE,BOTH,LEAGUE,E0,9,72,2,14,7,3,7,2,7,0,7,4,7,3,7,4,7,4,true,false,false
HIGH_PRESSURE_SIDE,BOTH,LEAGUE,F1,9,82,1,16,7,1,7,2,7,3,7,3,7,2,7,2,7,4,true,false,false
HIGH_PRESSURE_SIDE,BOTH,LEAGUE,I1,9,93,7,19,7,1,7,4,7,1,7,2,7,4,7,1,7,2,true,false,false
HIGH_PRESSURE_SIDE,BOTH,LEAGUE,SP1,9,97,4,18,7,5,7,2,7,1,7,2,7,3,7,5,7,4,true,false,false
HIGH_PRESSURE_SIDE,HOME_ONLY,ALL,ALL,9,987,91,119,7,3,7,1,7,5,7,4,7,0,7,3,7,7,true,false,false
HIGH_PRESSURE_SIDE,HOME_ONLY,LEAGUE,D1,9,174,17,22,7,2,7,4,7,1,7,4,7,2,7,4,7,5,true,false,false
HIGH_PRESSURE_SIDE,HOME_ONLY,LEAGUE,E0,9,213,19,29,7,2,7,2,7,6,7,4,7,1,7,3,7,4,true,false,false
HIGH_PRESSURE_SIDE,HOME_ONLY,LEAGUE,F1,9,176,1,27,7,3,7,2,7,5,7,4,7,2,7,2,7,5,true,false,false
HIGH_PRESSURE_SIDE,HOME_ONLY,LEAGUE,I1,9,210,20,26,7,2,7,1,7,3,7,4,7,1,7,3,7,6,true,false,false
HIGH_PRESSURE_SIDE,HOME_ONLY,LEAGUE,SP1,9,214,19,30,7,3,7,2,7,2,7,3,7,3,7,4,7,3,true,false,false
HIGH_PRESSURE_SIDE,NEITHER,ALL,ALL,9,13246,1437,1509,7,0,7,1,7,1,7,0,7,0,7,3,7,4,true,false,false
HIGH_PRESSURE_SIDE,NEITHER,LEAGUE,D1,9,2255,243,257,7,2,7,4,7,3,7,1,7,0,7,3,7,5,true,false,false
HIGH_PRESSURE_SIDE,NEITHER,LEAGUE,E0,9,2813,301,330,7,2,7,1,7,4,7,1,7,2,7,2,7,2,true,false,false
HIGH_PRESSURE_SIDE,NEITHER,LEAGUE,F1,9,2570,247,324,7,3,7,1,7,1,7,2,7,1,7,3,7,3,true,false,false
HIGH_PRESSURE_SIDE,NEITHER,LEAGUE,I1,9,2808,301,322,7,0,7,3,7,3,7,1,7,1,7,1,7,5,true,false,false
HIGH_PRESSURE_SIDE,NEITHER,LEAGUE,SP1,9,2800,290,329,7,2,7,2,7,0,7,0,7,1,7,4,7,3,true,false,false
HIGH_PRESSURE_SIDE,UNKNOWN,ALL,ALL,9,480,48,84,7,0,7,2,7,3,7,3,7,2,7,1,7,5,true,false,false
HIGH_PRESSURE_SIDE,UNKNOWN,LEAGUE,D1,9,81,9,9,7,3,7,2,7,2,7,5,7,2,7,5,7,5,true,false,false
HIGH_PRESSURE_SIDE,UNKNOWN,LEAGUE,E0,9,98,10,18,7,2,7,3,7,1,7,3,7,2,7,3,7,3,true,false,false
HIGH_PRESSURE_SIDE,UNKNOWN,LEAGUE,F1,9,94,9,17,7,3,7,2,7,4,7,4,7,3,7,4,7,4,true,false,false
HIGH_PRESSURE_SIDE,UNKNOWN,LEAGUE,I1,9,103,10,17,7,0,7,2,7,3,7,5,7,2,7,2,7,5,true,false,false
HIGH_PRESSURE_SIDE,UNKNOWN,LEAGUE,SP1,9,104,10,24,7,2,7,4,7,3,7,4,7,2,7,1,7,4,true,false,false
LATE_SURVIVAL_DANGER_SIDE,AWAY_ONLY,ALL,ALL,9,668,60,80,7,2,7,3,7,2,7,2,7,3,7,3,7,3,true,false,false
LATE_SURVIVAL_DANGER_SIDE,AWAY_ONLY,LEAGUE,D1,9,126,12,15,7,0,7,5,7,2,7,1,7,5,7,1,7,2,true,false,false
LATE_SURVIVAL_DANGER_SIDE,AWAY_ONLY,LEAGUE,E0,9,150,15,19,7,5,7,3,7,1,7,2,7,3,7,4,7,3,true,false,false
LATE_SURVIVAL_DANGER_SIDE,AWAY_ONLY,LEAGUE,F1,9,120,2,16,7,2,7,3,7,2,7,5,7,1,7,3,7,5,true,false,false
LATE_SURVIVAL_DANGER_SIDE,AWAY_ONLY,LEAGUE,I1,9,141,12,19,7,5,7,3,7,0,7,1,7,6,7,5,7,1,true,false,false
LATE_SURVIVAL_DANGER_SIDE,AWAY_ONLY,LEAGUE,SP1,9,131,12,16,7,2,7,2,7,3,7,3,7,1,7,2,7,5,true,false,false
LATE_SURVIVAL_DANGER_SIDE,BOTH,ALL,ALL,9,115,9,22,7,3,7,4,7,0,7,1,7,4,7,6,7,3,true,false,false
LATE_SURVIVAL_DANGER_SIDE,BOTH,LEAGUE,D1,9,23,1,6,7,3,7,4,7,3,7,1,7,4,7,3,7,1,true,false,false
LATE_SURVIVAL_DANGER_SIDE,BOTH,LEAGUE,E0,7,15,1,3,5,2,5,2,5,2,5,2,5,3,5,2,5,2,true,false,false
LATE_SURVIVAL_DANGER_SIDE,BOTH,LEAGUE,F1,9,27,1,9,7,3,7,2,7,2,7,4,7,2,7,4,7,3,true,false,false
LATE_SURVIVAL_DANGER_SIDE,BOTH,LEAGUE,I1,9,28,2,4,7,3,7,4,7,0,7,5,7,3,7,4,7,4,true,false,false
LATE_SURVIVAL_DANGER_SIDE,BOTH,LEAGUE,SP1,9,22,1,4,7,4,7,2,7,1,7,3,7,3,7,4,7,4,true,false,false
LATE_SURVIVAL_DANGER_SIDE,HOME_ONLY,ALL,ALL,9,669,65,80,7,3,7,1,7,5,7,4,7,0,7,4,7,5,true,false,false
LATE_SURVIVAL_DANGER_SIDE,HOME_ONLY,LEAGUE,D1,9,121,12,16,7,2,7,3,7,2,7,6,7,2,7,3,7,6,true,false,false
LATE_SURVIVAL_DANGER_SIDE,HOME_ONLY,LEAGUE,E0,9,146,14,22,7,1,7,2,7,5,7,4,7,3,7,1,7,4,true,false,false
LATE_SURVIVAL_DANGER_SIDE,HOME_ONLY,LEAGUE,F1,8,117,12,17,6,3,6,3,6,5,6,4,6,1,6,2,6,4,true,false,false
LATE_SURVIVAL_DANGER_SIDE,HOME_ONLY,LEAGUE,I1,9,134,13,18,7,2,7,0,7,6,7,4,7,2,7,2,7,4,true,false,false
LATE_SURVIVAL_DANGER_SIDE,HOME_ONLY,LEAGUE,SP1,9,151,13,22,7,4,7,1,7,3,7,3,7,3,7,4,7,3,true,false,false
LATE_SURVIVAL_DANGER_SIDE,NEITHER,ALL,ALL,9,14179,1539,1614,7,1,7,2,7,0,7,0,7,0,7,2,7,4,true,false,false
LATE_SURVIVAL_DANGER_SIDE,NEITHER,LEAGUE,D1,9,2403,265,269,7,2,7,4,7,3,7,1,7,0,7,4,7,5,true,false,false
LATE_SURVIVAL_DANGER_SIDE,NEITHER,LEAGUE,E0,9,3011,328,339,7,2,7,1,7,2,7,1,7,1,7,3,7,3,true,false,false
LATE_SURVIVAL_DANGER_SIDE,NEITHER,LEAGUE,F1,9,2739,265,339,7,3,7,1,7,3,7,1,7,0,7,4,7,3,true,false,false
LATE_SURVIVAL_DANGER_SIDE,NEITHER,LEAGUE,I1,9,3014,331,339,7,0,7,3,7,3,7,1,7,1,7,1,7,6,true,false,false
LATE_SURVIVAL_DANGER_SIDE,NEITHER,LEAGUE,SP1,9,3012,318,339,7,1,7,4,7,0,7,0,7,1,7,4,7,3,true,false,false
LATE_SURVIVAL_DANGER_SIDE,UNKNOWN,ALL,ALL,9,480,48,84,7,0,7,2,7,3,7,3,7,2,7,1,7,5,true,false,false
LATE_SURVIVAL_DANGER_SIDE,UNKNOWN,LEAGUE,D1,9,81,9,9,7,3,7,2,7,2,7,5,7,2,7,5,7,5,true,false,false
LATE_SURVIVAL_DANGER_SIDE,UNKNOWN,LEAGUE,E0,9,98,10,18,7,2,7,3,7,1,7,3,7,2,7,3,7,3,true,false,false
LATE_SURVIVAL_DANGER_SIDE,UNKNOWN,LEAGUE,F1,9,94,9,17,7,3,7,2,7,4,7,4,7,3,7,4,7,4,true,false,false
LATE_SURVIVAL_DANGER_SIDE,UNKNOWN,LEAGUE,I1,9,103,10,17,7,0,7,2,7,3,7,5,7,2,7,2,7,5,true,false,false
LATE_SURVIVAL_DANGER_SIDE,UNKNOWN,LEAGUE,SP1,9,104,10,24,7,2,7,4,7,3,7,4,7,2,7,1,7,4,true,false,false
LATE_SURVIVAL_WITHIN_3_SIDE,AWAY_ONLY,ALL,ALL,9,525,44,80,7,1,7,3,7,3,7,1,7,4,7,3,7,1,true,false,false
LATE_SURVIVAL_WITHIN_3_SIDE,AWAY_ONLY,LEAGUE,D1,9,77,2,15,7,1,7,5,7,3,7,2,7,3,7,2,7,2,true,false,false
LATE_SURVIVAL_WITHIN_3_SIDE,AWAY_ONLY,LEAGUE,E0,8,105,3,22,6,3,6,2,6,3,6,3,6,1,6,3,6,3,true,false,false
LATE_SURVIVAL_WITHIN_3_SIDE,AWAY_ONLY,LEAGUE,F1,9,95,1,17,7,1,7,2,7,3,7,4,7,3,7,2,7,4,true,false,false
LATE_SURVIVAL_WITHIN_3_SIDE,AWAY_ONLY,LEAGUE,I1,9,119,7,21,7,2,7,5,7,1,7,1,7,4,7,2,7,2,true,false,false
LATE_SURVIVAL_WITHIN_3_SIDE,AWAY_ONLY,LEAGUE,SP1,9,129,2,24,7,4,7,3,7,3,7,1,7,4,7,4,7,2,true,false,false
LATE_SURVIVAL_WITHIN_3_SIDE,BOTH,ALL,ALL,9,113,3,24,7,4,7,4,7,2,7,4,7,3,7,3,7,4,true,false,false
LATE_SURVIVAL_WITHIN_3_SIDE,BOTH,LEAGUE,D1,6,17,1,5,5,2,5,2,5,2,5,0,5,4,5,3,5,0,true,false,false
LATE_SURVIVAL_WITHIN_3_SIDE,BOTH,LEAGUE,E0,6,18,1,7,5,2,5,2,5,2,5,4,5,1,5,2,5,4,true,false,false
LATE_SURVIVAL_WITHIN_3_SIDE,BOTH,LEAGUE,F1,8,23,1,6,6,2,6,3,6,1,6,2,6,3,6,2,6,2,true,false,false
LATE_SURVIVAL_WITHIN_3_SIDE,BOTH,LEAGUE,I1,9,25,1,10,7,1,7,4,7,3,7,4,7,3,7,2,7,4,true,false,false
LATE_SURVIVAL_WITHIN_3_SIDE,BOTH,LEAGUE,SP1,6,30,1,8,5,3,5,3,5,2,5,4,5,1,5,4,5,4,true,false,false
LATE_SURVIVAL_WITHIN_3_SIDE,HOME_ONLY,ALL,ALL,9,520,44,81,7,2,7,1,7,4,7,4,7,2,7,5,7,5,true,false,false
LATE_SURVIVAL_WITHIN_3_SIDE,HOME_ONLY,LEAGUE,D1,9,85,2,17,7,3,7,3,7,2,7,3,7,3,7,4,7,4,true,false,false
LATE_SURVIVAL_WITHIN_3_SIDE,HOME_ONLY,LEAGUE,E0,8,94,1,23,6,2,6,3,6,4,6,4,6,2,6,2,6,4,true,false,false
LATE_SURVIVAL_WITHIN_3_SIDE,HOME_ONLY,LEAGUE,F1,9,99,2,18,7,2,7,2,7,4,7,4,7,2,7,4,7,5,true,false,false
LATE_SURVIVAL_WITHIN_3_SIDE,HOME_ONLY,LEAGUE,I1,9,122,8,23,7,3,7,1,7,5,7,4,7,1,7,4,7,4,true,false,false
LATE_SURVIVAL_WITHIN_3_SIDE,HOME_ONLY,LEAGUE,SP1,8,120,3,20,7,3,7,4,7,2,7,3,7,3,7,4,7,4,true,false,false
LATE_SURVIVAL_WITHIN_3_SIDE,NEITHER,ALL,ALL,9,14473,1575,1669,7,1,7,1,7,1,7,0,7,0,7,3,7,4,true,false,false
LATE_SURVIVAL_WITHIN_3_SIDE,NEITHER,LEAGUE,D1,9,2494,263,291,7,3,7,3,7,2,7,2,7,0,7,4,7,7,true,false,false
LATE_SURVIVAL_WITHIN_3_SIDE,NEITHER,LEAGUE,E0,9,3105,318,370,7,2,7,2,7,2,7,1,7,3,7,3,7,3,true,false,false
LATE_SURVIVAL_WITHIN_3_SIDE,NEITHER,LEAGUE,F1,9,2786,261,359,7,3,7,1,7,2,7,2,7,0,7,3,7,4,true,false,false
LATE_SURVIVAL_WITHIN_3_SIDE,NEITHER,LEAGUE,I1,9,3051,317,352,7,0,7,3,7,3,7,1,7,1,7,0,7,5,true,false,false
LATE_SURVIVAL_WITHIN_3_SIDE,NEITHER,LEAGUE,SP1,9,3037,315,368,7,2,7,3,7,0,7,1,7,0,7,4,7,3,true,false,false
LATE_SURVIVAL_WITHIN_3_SIDE,UNKNOWN,ALL,ALL,9,480,48,84,7,0,7,2,7,3,7,3,7,2,7,1,7,5,true,false,false
LATE_SURVIVAL_WITHIN_3_SIDE,UNKNOWN,LEAGUE,D1,9,81,9,9,7,3,7,2,7,2,7,5,7,2,7,5,7,5,true,false,false
LATE_SURVIVAL_WITHIN_3_SIDE,UNKNOWN,LEAGUE,E0,9,98,10,18,7,2,7,3,7,1,7,3,7,2,7,3,7,3,true,false,false
LATE_SURVIVAL_WITHIN_3_SIDE,UNKNOWN,LEAGUE,F1,9,94,9,17,7,3,7,2,7,4,7,4,7,3,7,4,7,4,true,false,false
LATE_SURVIVAL_WITHIN_3_SIDE,UNKNOWN,LEAGUE,I1,9,103,10,17,7,0,7,2,7,3,7,5,7,2,7,2,7,5,true,false,false
LATE_SURVIVAL_WITHIN_3_SIDE,UNKNOWN,LEAGUE,SP1,9,104,10,24,7,2,7,4,7,3,7,4,7,2,7,1,7,4,true,false,false
LATE_SURVIVAL_WITHIN_6_SIDE,AWAY_ONLY,ALL,ALL,9,824,77,102,7,0,7,2,7,3,7,1,7,3,7,3,7,3,true,false,false
LATE_SURVIVAL_WITHIN_6_SIDE,AWAY_ONLY,LEAGUE,D1,9,153,12,25,7,0,7,5,7,3,7,3,7,2,7,1,7,5,true,false,false
LATE_SURVIVAL_WITHIN_6_SIDE,AWAY_ONLY,LEAGUE,E0,9,155,3,26,7,2,7,2,7,4,7,5,7,2,7,3,7,5,true,false,false
LATE_SURVIVAL_WITHIN_6_SIDE,AWAY_ONLY,LEAGUE,F1,9,145,1,24,7,2,7,5,7,3,7,3,7,3,7,2,7,3,true,false,false
LATE_SURVIVAL_WITHIN_6_SIDE,AWAY_ONLY,LEAGUE,I1,9,183,15,26,7,1,7,5,7,3,7,2,7,4,7,2,7,2,true,false,false
LATE_SURVIVAL_WITHIN_6_SIDE,AWAY_ONLY,LEAGUE,SP1,9,188,5,26,7,3,7,0,7,4,7,2,7,3,7,5,7,3,true,false,false
LATE_SURVIVAL_WITHIN_6_SIDE,BOTH,ALL,ALL,9,312,17,47,7,2,7,6,7,2,7,2,7,3,7,3,7,3,true,false,false
LATE_SURVIVAL_WITHIN_6_SIDE,BOTH,LEAGUE,D1,9,57,1,12,7,3,7,4,7,2,7,2,7,5,7,3,7,2,true,false,false
LATE_SURVIVAL_WITHIN_6_SIDE,BOTH,LEAGUE,E0,8,39,1,15,6,3,6,2,6,2,6,5,6,2,6,3,6,5,true,false,false
LATE_SURVIVAL_WITHIN_6_SIDE,BOTH,LEAGUE,F1,9,63,1,11,7,3,7,3,7,3,7,2,7,3,7,3,7,4,true,false,false
LATE_SURVIVAL_WITHIN_6_SIDE,BOTH,LEAGUE,I1,9,63,3,11,7,4,7,4,7,2,7,4,7,3,7,4,7,4,true,false,false
LATE_SURVIVAL_WITHIN_6_SIDE,BOTH,LEAGUE,SP1,8,90,3,27,7,3,7,5,7,3,7,3,7,5,7,2,7,2,true,false,false
LATE_SURVIVAL_WITHIN_6_SIDE,HOME_ONLY,ALL,ALL,9,843,85,105,7,3,7,2,7,3,7,4,7,1,7,4,7,5,true,false,false
LATE_SURVIVAL_WITHIN_6_SIDE,HOME_ONLY,LEAGUE,D1,9,153,11,21,7,4,7,4,7,2,7,5,7,2,7,4,7,5,true,false,false
LATE_SURVIVAL_WITHIN_6_SIDE,HOME_ONLY,LEAGUE,E0,9,160,2,30,7,3,7,4,7,3,7,3,7,2,7,3,7,5,true,false,false
LATE_SURVIVAL_WITHIN_6_SIDE,HOME_ONLY,LEAGUE,F1,9,157,2,27,7,1,7,3,7,3,7,4,7,2,7,3,7,5,true,false,false
LATE_SURVIVAL_WITHIN_6_SIDE,HOME_ONLY,LEAGUE,I1,9,185,17,26,7,5,7,1,7,3,7,5,7,2,7,5,7,5,true,false,false
LATE_SURVIVAL_WITHIN_6_SIDE,HOME_ONLY,LEAGUE,SP1,9,188,6,27,7,3,7,3,7,2,7,3,7,4,7,5,7,3,true,false,false
LATE_SURVIVAL_WITHIN_6_SIDE,NEITHER,ALL,ALL,9,13652,1475,1565,7,2,7,2,7,0,7,0,7,0,7,3,7,4,true,false,false
LATE_SURVIVAL_WITHIN_6_SIDE,NEITHER,LEAGUE,D1,9,2310,244,273,7,3,7,3,7,2,7,2,7,0,7,4,7,6,true,false,false
LATE_SURVIVAL_WITHIN_6_SIDE,NEITHER,LEAGUE,E0,9,2968,300,365,7,2,7,2,7,2,7,1,7,2,7,3,7,3,true,false,false
LATE_SURVIVAL_WITHIN_6_SIDE,NEITHER,LEAGUE,F1,9,2638,250,341,7,3,7,1,7,2,7,2,7,0,7,3,7,4,true,false,false
LATE_SURVIVAL_WITHIN_6_SIDE,NEITHER,LEAGUE,I1,9,2886,307,334,7,0,7,2,7,3,7,1,7,1,7,2,7,5,true,false,false
LATE_SURVIVAL_WITHIN_6_SIDE,NEITHER,LEAGUE,SP1,9,2850,294,359,7,2,7,3,7,0,7,1,7,0,7,4,7,2,true,false,false
LATE_SURVIVAL_WITHIN_6_SIDE,UNKNOWN,ALL,ALL,9,480,48,84,7,0,7,2,7,3,7,3,7,2,7,1,7,5,true,false,false
LATE_SURVIVAL_WITHIN_6_SIDE,UNKNOWN,LEAGUE,D1,9,81,9,9,7,3,7,2,7,2,7,5,7,2,7,5,7,5,true,false,false
LATE_SURVIVAL_WITHIN_6_SIDE,UNKNOWN,LEAGUE,E0,9,98,10,18,7,2,7,3,7,1,7,3,7,2,7,3,7,3,true,false,false
LATE_SURVIVAL_WITHIN_6_SIDE,UNKNOWN,LEAGUE,F1,9,94,9,17,7,3,7,2,7,4,7,4,7,3,7,4,7,4,true,false,false
LATE_SURVIVAL_WITHIN_6_SIDE,UNKNOWN,LEAGUE,I1,9,103,10,17,7,0,7,2,7,3,7,5,7,2,7,2,7,5,true,false,false
LATE_SURVIVAL_WITHIN_6_SIDE,UNKNOWN,LEAGUE,SP1,9,104,10,24,7,2,7,4,7,3,7,4,7,2,7,1,7,4,true,false,false
LATE_TITLE_NEAR_3_SIDE,AWAY_ONLY,ALL,ALL,9,276,25,36,7,2,7,3,7,3,7,3,7,2,7,3,7,5,true,false,false
LATE_TITLE_NEAR_3_SIDE,AWAY_ONLY,LEAGUE,D1,9,51,5,8,7,2,7,4,7,4,7,4,7,2,7,3,7,5,true,false,false
LATE_TITLE_NEAR_3_SIDE,AWAY_ONLY,LEAGUE,E0,9,65,4,12,7,3,7,2,7,3,7,4,7,2,7,4,7,4,true,false,false
LATE_TITLE_NEAR_3_SIDE,AWAY_ONLY,LEAGUE,F1,8,48,5,11,6,1,6,2,6,3,6,3,6,1,6,3,6,3,true,false,false
LATE_TITLE_NEAR_3_SIDE,AWAY_ONLY,LEAGUE,I1,9,58,5,10,7,1,7,4,7,2,7,4,7,3,7,1,7,4,true,false,false
LATE_TITLE_NEAR_3_SIDE,AWAY_ONLY,LEAGUE,SP1,9,54,5,9,7,2,7,2,7,4,7,3,7,1,7,3,7,4,true,false,false
LATE_TITLE_NEAR_3_SIDE,BOTH,ALL,ALL,6,11,1,4,5,1,5,2,5,3,5,1,5,2,5,1,5,1,true,false,false
LATE_TITLE_NEAR_3_SIDE,BOTH,LEAGUE,D1,2,2,1,1,1,1,1,0,1,0,1,1,1,0,1,1,1,1,true,false,false
LATE_TITLE_NEAR_3_SIDE,BOTH,LEAGUE,E0,2,3,1,2,2,0,2,2,2,0,2,1,2,1,2,0,2,1,true,false,false
LATE_TITLE_NEAR_3_SIDE,BOTH,LEAGUE,F1,1,2,2,2,1,0,1,0,1,1,1,0,1,0,1,0,1,0,true,false,false
LATE_TITLE_NEAR_3_SIDE,BOTH,LEAGUE,I1,2,2,1,1,2,0,2,0,2,2,2,0,2,2,2,0,2,0,true,false,false
LATE_TITLE_NEAR_3_SIDE,BOTH,LEAGUE,SP1,1,2,2,2,1,1,1,1,1,0,1,0,1,1,1,1,1,0,true,false,false
LATE_TITLE_NEAR_3_SIDE,HOME_ONLY,ALL,ALL,9,288,23,36,7,1,7,3,7,3,7,1,7,1,7,4,7,4,true,false,false
LATE_TITLE_NEAR_3_SIDE,HOME_ONLY,LEAGUE,D1,9,53,5,9,7,2,7,4,7,1,7,5,7,2,7,4,7,5,true,false,false
LATE_TITLE_NEAR_3_SIDE,HOME_ONLY,LEAGUE,E0,9,68,5,13,7,5,7,2,7,3,7,4,7,3,7,6,7,4,true,false,false
LATE_TITLE_NEAR_3_SIDE,HOME_ONLY,LEAGUE,F1,8,48,5,9,6,0,6,3,6,5,6,4,6,1,6,1,6,4,true,false,false
LATE_TITLE_NEAR_3_SIDE,HOME_ONLY,LEAGUE,I1,9,59,5,10,7,2,7,3,7,0,7,2,7,4,7,4,7,3,true,false,false
LATE_TITLE_NEAR_3_SIDE,HOME_ONLY,LEAGUE,SP1,9,60,5,10,7,3,7,1,7,2,7,3,7,4,7,4,7,3,true,false,false
LATE_TITLE_NEAR_3_SIDE,NEITHER,ALL,ALL,9,15056,1628,1721,7,1,7,1,7,0,7,0,7,0,7,3,7,4,true,false,false
LATE_TITLE_NEAR_3_SIDE,NEITHER,LEAGUE,D1,9,2567,279,287,7,3,7,3,7,2,7,2,7,0,7,3,7,6,true,false,false
LATE_TITLE_NEAR_3_SIDE,NEITHER,LEAGUE,E0,9,3186,343,359,7,2,7,2,7,3,7,1,7,1,7,3,7,3,true,false,false
LATE_TITLE_NEAR_3_SIDE,NEITHER,LEAGUE,F1,9,2905,269,359,7,3,7,0,7,1,7,2,7,0,7,5,7,4,true,false,false
LATE_TITLE_NEAR_3_SIDE,NEITHER,LEAGUE,I1,9,3198,349,359,7,0,7,3,7,3,7,1,7,1,7,0,7,5,true,false,false
LATE_TITLE_NEAR_3_SIDE,NEITHER,LEAGUE,SP1,9,3200,335,359,7,3,7,3,7,0,7,0,7,1,7,4,7,3,true,false,false
LATE_TITLE_NEAR_3_SIDE,UNKNOWN,ALL,ALL,9,480,48,84,7,0,7,2,7,3,7,3,7,2,7,1,7,5,true,false,false
LATE_TITLE_NEAR_3_SIDE,UNKNOWN,LEAGUE,D1,9,81,9,9,7,3,7,2,7,2,7,5,7,2,7,5,7,5,true,false,false
LATE_TITLE_NEAR_3_SIDE,UNKNOWN,LEAGUE,E0,9,98,10,18,7,2,7,3,7,1,7,3,7,2,7,3,7,3,true,false,false
LATE_TITLE_NEAR_3_SIDE,UNKNOWN,LEAGUE,F1,9,94,9,17,7,3,7,2,7,4,7,4,7,3,7,4,7,4,true,false,false
LATE_TITLE_NEAR_3_SIDE,UNKNOWN,LEAGUE,I1,9,103,10,17,7,0,7,2,7,3,7,5,7,2,7,2,7,5,true,false,false
LATE_TITLE_NEAR_3_SIDE,UNKNOWN,LEAGUE,SP1,9,104,10,24,7,2,7,4,7,3,7,4,7,2,7,1,7,4,true,false,false
LATE_TITLE_NEAR_6_SIDE,AWAY_ONLY,ALL,ALL,9,321,30,50,7,1,7,4,7,2,7,2,7,1,7,2,7,5,true,false,false
LATE_TITLE_NEAR_6_SIDE,AWAY_ONLY,LEAGUE,D1,9,55,5,9,7,2,7,3,7,3,7,3,7,2,7,3,7,5,true,false,false
LATE_TITLE_NEAR_6_SIDE,AWAY_ONLY,LEAGUE,E0,9,73,4,13,7,4,7,3,7,4,7,3,7,4,7,4,7,3,true,false,false
LATE_TITLE_NEAR_6_SIDE,AWAY_ONLY,LEAGUE,F1,8,57,5,17,6,1,6,3,6,2,6,4,6,1,6,3,6,4,true,false,false
LATE_TITLE_NEAR_6_SIDE,AWAY_ONLY,LEAGUE,I1,9,71,5,14,7,1,7,5,7,2,7,4,7,3,7,1,7,4,true,false,false
LATE_TITLE_NEAR_6_SIDE,AWAY_ONLY,LEAGUE,SP1,9,65,5,17,7,2,7,1,7,5,7,4,7,1,7,2,7,6,true,false,false
LATE_TITLE_NEAR_6_SIDE,BOTH,ALL,ALL,9,22,1,6,7,1,7,2,7,5,7,1,7,4,7,3,7,1,true,false,false
LATE_TITLE_NEAR_6_SIDE,BOTH,LEAGUE,D1,4,5,1,2,3,1,3,0,3,2,3,1,3,2,3,1,3,1,true,false,false
LATE_TITLE_NEAR_6_SIDE,BOTH,LEAGUE,E0,4,5,1,2,4,2,4,2,4,0,4,3,4,1,4,2,4,3,true,false,false
LATE_TITLE_NEAR_6_SIDE,BOTH,LEAGUE,F1,3,6,1,3,3,1,3,0,3,2,3,2,3,1,3,1,3,2,true,false,false
LATE_TITLE_NEAR_6_SIDE,BOTH,LEAGUE,I1,3,3,1,1,2,0,2,0,2,2,2,0,2,2,2,0,2,0,true,false,false
LATE_TITLE_NEAR_6_SIDE,BOTH,LEAGUE,SP1,2,3,1,2,2,2,2,1,2,0,2,1,2,1,2,2,2,1,true,false,false
LATE_TITLE_NEAR_6_SIDE,HOME_ONLY,ALL,ALL,9,336,28,49,7,1,7,3,7,3,7,3,7,1,7,2,7,5,true,false,false
LATE_TITLE_NEAR_6_SIDE,HOME_ONLY,LEAGUE,D1,9,65,5,12,7,0,7,5,7,1,7,3,7,4,7,3,7,4,true,false,false
LATE_TITLE_NEAR_6_SIDE,HOME_ONLY,LEAGUE,E0,9,74,5,13,7,5,7,2,7,2,7,5,7,2,7,6,7,5,true,false,false
LATE_TITLE_NEAR_6_SIDE,HOME_ONLY,LEAGUE,F1,8,57,5,13,6,0,6,2,6,5,6,6,6,0,6,1,6,6,true,false,false
LATE_TITLE_NEAR_6_SIDE,HOME_ONLY,LEAGUE,I1,9,67,5,13,7,3,7,4,7,0,7,2,7,5,7,3,7,2,true,false,false
LATE_TITLE_NEAR_6_SIDE,HOME_ONLY,LEAGUE,SP1,9,73,5,17,7,3,7,1,7,3,7,2,7,5,7,4,7,2,true,false,false
LATE_TITLE_NEAR_6_SIDE,NEITHER,ALL,ALL,9,14952,1612,1716,7,1,7,1,7,0,7,0,7,0,7,3,7,4,true,false,false
LATE_TITLE_NEAR_6_SIDE,NEITHER,LEAGUE,D1,9,2548,274,287,7,3,7,3,7,2,7,2,7,0,7,3,7,7,true,false,false
LATE_TITLE_NEAR_6_SIDE,NEITHER,LEAGUE,E0,9,3170,342,359,7,2,7,2,7,3,7,1,7,1,7,3,7,3,true,false,false
LATE_TITLE_NEAR_6_SIDE,NEITHER,LEAGUE,F1,9,2883,269,359,7,2,7,0,7,1,7,1,7,0,7,4,7,4,true,false,false
LATE_TITLE_NEAR_6_SIDE,NEITHER,LEAGUE,I1,9,3176,342,359,7,0,7,3,7,3,7,1,7,1,7,0,7,6,true,false,false
LATE_TITLE_NEAR_6_SIDE,NEITHER,LEAGUE,SP1,9,3175,320,359,7,2,7,4,7,0,7,0,7,1,7,5,7,3,true,false,false
LATE_TITLE_NEAR_6_SIDE,UNKNOWN,ALL,ALL,9,480,48,84,7,0,7,2,7,3,7,3,7,2,7,1,7,5,true,false,false
LATE_TITLE_NEAR_6_SIDE,UNKNOWN,LEAGUE,D1,9,81,9,9,7,3,7,2,7,2,7,5,7,2,7,5,7,5,true,false,false
LATE_TITLE_NEAR_6_SIDE,UNKNOWN,LEAGUE,E0,9,98,10,18,7,2,7,3,7,1,7,3,7,2,7,3,7,3,true,false,false
LATE_TITLE_NEAR_6_SIDE,UNKNOWN,LEAGUE,F1,9,94,9,17,7,3,7,2,7,4,7,4,7,3,7,4,7,4,true,false,false
LATE_TITLE_NEAR_6_SIDE,UNKNOWN,LEAGUE,I1,9,103,10,17,7,0,7,2,7,3,7,5,7,2,7,2,7,5,true,false,false
LATE_TITLE_NEAR_6_SIDE,UNKNOWN,LEAGUE,SP1,9,104,10,24,7,2,7,4,7,3,7,4,7,2,7,1,7,4,true,false,false
MEDIUM_HIGH_PRESSURE_SIDE,AWAY_ONLY,ALL,ALL,9,1085,101,144,7,1,7,4,7,3,7,3,7,1,7,1,7,4,true,false,false
MEDIUM_HIGH_PRESSURE_SIDE,AWAY_ONLY,LEAGUE,D1,9,191,18,25,7,1,7,5,7,4,7,1,7,4,7,2,7,3,true,false,false
MEDIUM_HIGH_PRESSURE_SIDE,AWAY_ONLY,LEAGUE,E0,9,238,17,29,7,3,7,5,7,2,7,3,7,1,7,5,7,6,true,false,false
MEDIUM_HIGH_PRESSURE_SIDE,AWAY_ONLY,LEAGUE,F1,9,187,1,31,7,2,7,4,7,1,7,3,7,2,7,3,7,4,true,false,false
MEDIUM_HIGH_PRESSURE_SIDE,AWAY_ONLY,LEAGUE,I1,9,243,23,31,7,4,7,3,7,4,7,3,7,4,7,3,7,3,true,false,false
MEDIUM_HIGH_PRESSURE_SIDE,AWAY_ONLY,LEAGUE,SP1,9,226,19,32,7,2,7,0,7,5,7,4,7,1,7,4,7,6,true,false,false
MEDIUM_HIGH_PRESSURE_SIDE,BOTH,ALL,ALL,9,732,60,99,7,1,7,4,7,3,7,1,7,4,7,4,7,2,true,false,false
MEDIUM_HIGH_PRESSURE_SIDE,BOTH,LEAGUE,D1,9,142,12,22,7,3,7,5,7,3,7,3,7,4,7,2,7,2,true,false,false
MEDIUM_HIGH_PRESSURE_SIDE,BOTH,LEAGUE,E0,9,116,2,24,7,2,7,0,7,1,7,4,7,3,7,6,7,4,true,false,false
MEDIUM_HIGH_PRESSURE_SIDE,BOTH,LEAGUE,F1,9,143,2,27,7,2,7,2,7,3,7,4,7,3,7,2,7,4,true,false,false
MEDIUM_HIGH_PRESSURE_SIDE,BOTH,LEAGUE,I1,9,153,9,26,7,3,7,3,7,0,7,2,7,5,7,3,7,2,true,false,false
MEDIUM_HIGH_PRESSURE_SIDE,BOTH,LEAGUE,SP1,9,178,6,38,7,3,7,2,7,2,7,2,7,4,7,4,7,3,true,false,false
MEDIUM_HIGH_PRESSURE_SIDE,HOME_ONLY,ALL,ALL,9,1106,104,139,7,3,7,0,7,4,7,4,7,0,7,2,7,5,true,false,false
MEDIUM_HIGH_PRESSURE_SIDE,HOME_ONLY,LEAGUE,D1,9,193,19,24,7,2,7,4,7,2,7,4,7,0,7,2,7,6,true,false,false
MEDIUM_HIGH_PRESSURE_SIDE,HOME_ONLY,LEAGUE,E0,9,240,19,31,7,2,7,3,7,3,7,4,7,1,7,2,7,4,true,false,false
MEDIUM_HIGH_PRESSURE_SIDE,HOME_ONLY,LEAGUE,F1,9,196,1,31,7,3,7,2,7,6,7,2,7,2,7,1,7,4,true,false,false
MEDIUM_HIGH_PRESSURE_SIDE,HOME_ONLY,LEAGUE,I1,9,237,23,30,7,2,7,1,7,3,7,7,7,0,7,3,7,7,true,false,false
MEDIUM_HIGH_PRESSURE_SIDE,HOME_ONLY,LEAGUE,SP1,9,240,20,32,7,5,7,2,7,3,7,2,7,5,7,4,7,2,true,false,false
MEDIUM_HIGH_PRESSURE_SIDE,NEITHER,ALL,ALL,9,12708,1365,1446,7,1,7,1,7,0,7,0,7,0,7,3,7,4,true,false,false
MEDIUM_HIGH_PRESSURE_SIDE,NEITHER,LEAGUE,D1,9,2147,229,246,7,3,7,2,7,3,7,2,7,0,7,4,7,6,true,false,false
MEDIUM_HIGH_PRESSURE_SIDE,NEITHER,LEAGUE,E0,9,2728,289,329,7,2,7,1,7,3,7,1,7,2,7,3,7,2,true,false,false
MEDIUM_HIGH_PRESSURE_SIDE,NEITHER,LEAGUE,F1,9,2477,241,313,7,3,7,1,7,1,7,2,7,0,7,4,7,3,true,false,false
MEDIUM_HIGH_PRESSURE_SIDE,NEITHER,LEAGUE,I1,9,2684,285,310,7,0,7,2,7,3,7,1,7,1,7,1,7,5,true,false,false
MEDIUM_HIGH_PRESSURE_SIDE,NEITHER,LEAGUE,SP1,9,2672,268,325,7,2,7,4,7,0,7,0,7,1,7,4,7,3,true,false,false
MEDIUM_HIGH_PRESSURE_SIDE,UNKNOWN,ALL,ALL,9,480,48,84,7,0,7,2,7,3,7,3,7,2,7,1,7,5,true,false,false
MEDIUM_HIGH_PRESSURE_SIDE,UNKNOWN,LEAGUE,D1,9,81,9,9,7,3,7,2,7,2,7,5,7,2,7,5,7,5,true,false,false
MEDIUM_HIGH_PRESSURE_SIDE,UNKNOWN,LEAGUE,E0,9,98,10,18,7,2,7,3,7,1,7,3,7,2,7,3,7,3,true,false,false
MEDIUM_HIGH_PRESSURE_SIDE,UNKNOWN,LEAGUE,F1,9,94,9,17,7,3,7,2,7,4,7,4,7,3,7,4,7,4,true,false,false
MEDIUM_HIGH_PRESSURE_SIDE,UNKNOWN,LEAGUE,I1,9,103,10,17,7,0,7,2,7,3,7,5,7,2,7,2,7,5,true,false,false
MEDIUM_HIGH_PRESSURE_SIDE,UNKNOWN,LEAGUE,SP1,9,104,10,24,7,2,7,4,7,3,7,4,7,2,7,1,7,4,true,false,false
PRESSURE_ASYMMETRY,AWAY_HIGHER,ALL,ALL,9,3061,313,357,7,1,7,3,7,2,7,2,7,0,7,1,7,5,true,false,false
PRESSURE_ASYMMETRY,AWAY_HIGHER,LEAGUE,D1,9,503,49,61,7,1,7,5,7,1,7,3,7,3,7,4,7,4,true,false,false
PRESSURE_ASYMMETRY,AWAY_HIGHER,LEAGUE,E0,9,694,66,85,7,1,7,5,7,2,7,0,7,4,7,1,7,1,true,false,false
PRESSURE_ASYMMETRY,AWAY_HIGHER,LEAGUE,F1,9,545,39,75,7,3,7,1,7,2,7,4,7,1,7,5,7,5,true,false,false
PRESSURE_ASYMMETRY,AWAY_HIGHER,LEAGUE,I1,9,685,65,86,7,1,7,4,7,3,7,3,7,3,7,3,7,3,true,false,false
PRESSURE_ASYMMETRY,AWAY_HIGHER,LEAGUE,SP1,9,634,63,77,7,1,7,3,7,3,7,3,7,2,7,3,7,4,true,false,false
PRESSURE_ASYMMETRY,BALANCED,ALL,ALL,9,9426,1020,1085,7,2,7,0,7,1,7,0,7,0,7,3,7,4,true,false,false
PRESSURE_ASYMMETRY,BALANCED,LEAGUE,D1,9,1643,170,189,7,3,7,3,7,3,7,2,7,0,7,3,7,6,true,false,false
PRESSURE_ASYMMETRY,BALANCED,LEAGUE,E0,9,1938,200,234,7,4,7,0,7,3,7,3,7,2,7,4,7,3,true,false,false
PRESSURE_ASYMMETRY,BALANCED,LEAGUE,F1,9,1871,185,234,7,3,7,1,7,2,7,2,7,0,7,5,7,4,true,false,false
PRESSURE_ASYMMETRY,BALANCED,LEAGUE,I1,9,1942,192,234,7,0,7,4,7,3,7,1,7,2,7,0,7,3,true,false,false
PRESSURE_ASYMMETRY,BALANCED,LEAGUE,SP1,9,2032,210,246,7,3,7,2,7,0,7,0,7,1,7,5,7,2,true,false,false
PRESSURE_ASYMMETRY,HOME_HIGHER,ALL,ALL,9,3144,315,379,7,1,7,2,7,2,7,0,7,0,7,3,7,2,true,false,false
PRESSURE_ASYMMETRY,HOME_HIGHER,LEAGUE,D1,9,527,53,66,7,4,7,4,7,1,7,2,7,2,7,4,7,5,true,false,false
PRESSURE_ASYMMETRY,HOME_HIGHER,LEAGUE,E0,9,690,69,85,7,2,7,2,7,4,7,1,7,1,7,2,7,3,true,false,false
PRESSURE_ASYMMETRY,HOME_HIGHER,LEAGUE,F1,9,587,41,82,7,0,7,3,7,4,7,1,7,3,7,1,7,3,true,false,false
PRESSURE_ASYMMETRY,HOME_HIGHER,LEAGUE,I1,9,690,71,85,7,0,7,2,7,1,7,3,7,1,7,3,7,5,true,false,false
PRESSURE_ASYMMETRY,HOME_HIGHER,LEAGUE,SP1,9,650,61,86,7,4,7,3,7,3,7,0,7,4,7,5,7,1,true,false,false
PRESSURE_ASYMMETRY,UNKNOWN,ALL,ALL,9,480,48,84,7,0,7,2,7,3,7,3,7,2,7,1,7,5,true,false,false
PRESSURE_ASYMMETRY,UNKNOWN,LEAGUE,D1,9,81,9,9,7,3,7,2,7,2,7,5,7,2,7,5,7,5,true,false,false
PRESSURE_ASYMMETRY,UNKNOWN,LEAGUE,E0,9,98,10,18,7,2,7,3,7,1,7,3,7,2,7,3,7,3,true,false,false
PRESSURE_ASYMMETRY,UNKNOWN,LEAGUE,F1,9,94,9,17,7,3,7,2,7,4,7,4,7,3,7,4,7,4,true,false,false
PRESSURE_ASYMMETRY,UNKNOWN,LEAGUE,I1,9,103,10,17,7,0,7,2,7,3,7,5,7,2,7,2,7,5,true,false,false
PRESSURE_ASYMMETRY,UNKNOWN,LEAGUE,SP1,9,104,10,24,7,2,7,4,7,3,7,4,7,2,7,1,7,4,true,false,false
